[2026-07-22T02:20:38.360+0000] {processor.py:186} INFO - Started process (PID=167) to work on /opt/airflow/dags/olist_pipeline.py
[2026-07-22T02:20:38.361+0000] {processor.py:914} INFO - Processing file /opt/airflow/dags/olist_pipeline.py for tasks to queue
[2026-07-22T02:20:38.363+0000] {logging_mixin.py:190} INFO - [2026-07-22T02:20:38.363+0000] {dagbag.py:588} INFO - Filling up the DagBag from /opt/airflow/dags/olist_pipeline.py
[2026-07-22T02:20:40.256+0000] {processor.py:925} INFO - DAG(s) 'olist_gcp_data_engineering_pipeline' retrieved from /opt/airflow/dags/olist_pipeline.py
[2026-07-22T02:20:40.420+0000] {logging_mixin.py:190} INFO - [2026-07-22T02:20:40.419+0000] {override.py:1930} INFO - Created Permission View: can delete on DAG:olist_gcp_data_engineering_pipeline
[2026-07-22T02:20:40.425+0000] {logging_mixin.py:190} INFO - [2026-07-22T02:20:40.425+0000] {override.py:1930} INFO - Created Permission View: can read on DAG:olist_gcp_data_engineering_pipeline
[2026-07-22T02:20:40.428+0000] {logging_mixin.py:190} INFO - [2026-07-22T02:20:40.428+0000] {override.py:1930} INFO - Created Permission View: can edit on DAG:olist_gcp_data_engineering_pipeline
[2026-07-22T02:20:40.431+0000] {logging_mixin.py:190} INFO - [2026-07-22T02:20:40.431+0000] {override.py:1930} INFO - Created Permission View: menu access on DAG Run:olist_gcp_data_engineering_pipeline
[2026-07-22T02:20:40.434+0000] {logging_mixin.py:190} INFO - [2026-07-22T02:20:40.434+0000] {override.py:1930} INFO - Created Permission View: can read on DAG Run:olist_gcp_data_engineering_pipeline
[2026-07-22T02:20:40.437+0000] {logging_mixin.py:190} INFO - [2026-07-22T02:20:40.436+0000] {override.py:1930} INFO - Created Permission View: can create on DAG Run:olist_gcp_data_engineering_pipeline
[2026-07-22T02:20:40.439+0000] {logging_mixin.py:190} INFO - [2026-07-22T02:20:40.439+0000] {override.py:1930} INFO - Created Permission View: can delete on DAG Run:olist_gcp_data_engineering_pipeline
[2026-07-22T02:20:40.439+0000] {logging_mixin.py:190} INFO - [2026-07-22T02:20:40.439+0000] {dag.py:3239} INFO - Sync 1 DAGs
[2026-07-22T02:20:40.448+0000] {logging_mixin.py:190} INFO - [2026-07-22T02:20:40.447+0000] {dag.py:3262} INFO - Creating ORM DAG for olist_gcp_data_engineering_pipeline
[2026-07-22T02:20:40.448+0000] {logging_mixin.py:190} INFO - [2026-07-22T02:20:40.448+0000] {dag.py:4180} INFO - Setting next_dagrun for olist_gcp_data_engineering_pipeline to None, run_after=None
[2026-07-22T02:20:40.459+0000] {processor.py:208} INFO - Processing /opt/airflow/dags/olist_pipeline.py took 2.104 seconds
[2026-07-22T02:21:10.607+0000] {processor.py:186} INFO - Started process (PID=173) to work on /opt/airflow/dags/olist_pipeline.py
[2026-07-22T02:21:10.609+0000] {processor.py:914} INFO - Processing file /opt/airflow/dags/olist_pipeline.py for tasks to queue
[2026-07-22T02:21:10.611+0000] {logging_mixin.py:190} INFO - [2026-07-22T02:21:10.611+0000] {dagbag.py:588} INFO - Filling up the DagBag from /opt/airflow/dags/olist_pipeline.py
[2026-07-22T02:21:11.470+0000] {processor.py:925} INFO - DAG(s) 'olist_gcp_data_engineering_pipeline' retrieved from /opt/airflow/dags/olist_pipeline.py
[2026-07-22T02:21:11.492+0000] {logging_mixin.py:190} INFO - [2026-07-22T02:21:11.491+0000] {dag.py:3239} INFO - Sync 1 DAGs
[2026-07-22T02:21:11.499+0000] {logging_mixin.py:190} INFO - [2026-07-22T02:21:11.499+0000] {dag.py:4180} INFO - Setting next_dagrun for olist_gcp_data_engineering_pipeline to None, run_after=None
[2026-07-22T02:21:11.509+0000] {processor.py:208} INFO - Processing /opt/airflow/dags/olist_pipeline.py took 0.910 seconds
[2026-07-22T02:21:41.818+0000] {processor.py:186} INFO - Started process (PID=179) to work on /opt/airflow/dags/olist_pipeline.py
[2026-07-22T02:21:41.819+0000] {processor.py:914} INFO - Processing file /opt/airflow/dags/olist_pipeline.py for tasks to queue
[2026-07-22T02:21:41.822+0000] {logging_mixin.py:190} INFO - [2026-07-22T02:21:41.822+0000] {dagbag.py:588} INFO - Filling up the DagBag from /opt/airflow/dags/olist_pipeline.py
[2026-07-22T02:21:42.659+0000] {processor.py:925} INFO - DAG(s) 'olist_gcp_data_engineering_pipeline' retrieved from /opt/airflow/dags/olist_pipeline.py
[2026-07-22T02:21:42.678+0000] {logging_mixin.py:190} INFO - [2026-07-22T02:21:42.678+0000] {dag.py:3239} INFO - Sync 1 DAGs
[2026-07-22T02:21:42.686+0000] {logging_mixin.py:190} INFO - [2026-07-22T02:21:42.685+0000] {dag.py:4180} INFO - Setting next_dagrun for olist_gcp_data_engineering_pipeline to None, run_after=None
[2026-07-22T02:21:42.695+0000] {processor.py:208} INFO - Processing /opt/airflow/dags/olist_pipeline.py took 0.884 seconds
[2026-07-22T02:22:13.052+0000] {processor.py:186} INFO - Started process (PID=193) to work on /opt/airflow/dags/olist_pipeline.py
[2026-07-22T02:22:13.053+0000] {processor.py:914} INFO - Processing file /opt/airflow/dags/olist_pipeline.py for tasks to queue
[2026-07-22T02:22:13.056+0000] {logging_mixin.py:190} INFO - [2026-07-22T02:22:13.055+0000] {dagbag.py:588} INFO - Filling up the DagBag from /opt/airflow/dags/olist_pipeline.py
[2026-07-22T02:22:13.884+0000] {processor.py:925} INFO - DAG(s) 'olist_gcp_data_engineering_pipeline' retrieved from /opt/airflow/dags/olist_pipeline.py
[2026-07-22T02:22:13.904+0000] {logging_mixin.py:190} INFO - [2026-07-22T02:22:13.904+0000] {dag.py:3239} INFO - Sync 1 DAGs
[2026-07-22T02:22:13.912+0000] {logging_mixin.py:190} INFO - [2026-07-22T02:22:13.912+0000] {dag.py:4180} INFO - Setting next_dagrun for olist_gcp_data_engineering_pipeline to None, run_after=None
[2026-07-22T02:22:13.922+0000] {processor.py:208} INFO - Processing /opt/airflow/dags/olist_pipeline.py took 0.877 seconds
[2026-07-22T02:22:44.258+0000] {processor.py:186} INFO - Started process (PID=232) to work on /opt/airflow/dags/olist_pipeline.py
[2026-07-22T02:22:44.259+0000] {processor.py:914} INFO - Processing file /opt/airflow/dags/olist_pipeline.py for tasks to queue
[2026-07-22T02:22:44.262+0000] {logging_mixin.py:190} INFO - [2026-07-22T02:22:44.261+0000] {dagbag.py:588} INFO - Filling up the DagBag from /opt/airflow/dags/olist_pipeline.py
[2026-07-22T02:22:45.048+0000] {processor.py:925} INFO - DAG(s) 'olist_gcp_data_engineering_pipeline' retrieved from /opt/airflow/dags/olist_pipeline.py
[2026-07-22T02:22:45.068+0000] {logging_mixin.py:190} INFO - [2026-07-22T02:22:45.068+0000] {dag.py:3239} INFO - Sync 1 DAGs
[2026-07-22T02:22:45.076+0000] {logging_mixin.py:190} INFO - [2026-07-22T02:22:45.076+0000] {dag.py:4180} INFO - Setting next_dagrun for olist_gcp_data_engineering_pipeline to None, run_after=None
[2026-07-22T02:22:45.086+0000] {processor.py:208} INFO - Processing /opt/airflow/dags/olist_pipeline.py took 0.834 seconds
[2026-07-22T02:23:15.453+0000] {processor.py:186} INFO - Started process (PID=243) to work on /opt/airflow/dags/olist_pipeline.py
[2026-07-22T02:23:15.453+0000] {processor.py:914} INFO - Processing file /opt/airflow/dags/olist_pipeline.py for tasks to queue
[2026-07-22T02:23:15.456+0000] {logging_mixin.py:190} INFO - [2026-07-22T02:23:15.456+0000] {dagbag.py:588} INFO - Filling up the DagBag from /opt/airflow/dags/olist_pipeline.py
[2026-07-22T02:23:16.243+0000] {processor.py:925} INFO - DAG(s) 'olist_gcp_data_engineering_pipeline' retrieved from /opt/airflow/dags/olist_pipeline.py
[2026-07-22T02:23:16.260+0000] {logging_mixin.py:190} INFO - [2026-07-22T02:23:16.259+0000] {dag.py:3239} INFO - Sync 1 DAGs
[2026-07-22T02:23:16.267+0000] {logging_mixin.py:190} INFO - [2026-07-22T02:23:16.267+0000] {dag.py:4180} INFO - Setting next_dagrun for olist_gcp_data_engineering_pipeline to None, run_after=None
[2026-07-22T02:23:16.277+0000] {processor.py:208} INFO - Processing /opt/airflow/dags/olist_pipeline.py took 0.832 seconds
[2026-07-22T02:23:46.655+0000] {processor.py:186} INFO - Started process (PID=249) to work on /opt/airflow/dags/olist_pipeline.py
[2026-07-22T02:23:46.656+0000] {processor.py:914} INFO - Processing file /opt/airflow/dags/olist_pipeline.py for tasks to queue
[2026-07-22T02:23:46.658+0000] {logging_mixin.py:190} INFO - [2026-07-22T02:23:46.658+0000] {dagbag.py:588} INFO - Filling up the DagBag from /opt/airflow/dags/olist_pipeline.py
[2026-07-22T02:23:47.598+0000] {processor.py:925} INFO - DAG(s) 'olist_gcp_data_engineering_pipeline' retrieved from /opt/airflow/dags/olist_pipeline.py
[2026-07-22T02:23:47.620+0000] {logging_mixin.py:190} INFO - [2026-07-22T02:23:47.620+0000] {dag.py:3239} INFO - Sync 1 DAGs
[2026-07-22T02:23:47.630+0000] {logging_mixin.py:190} INFO - [2026-07-22T02:23:47.630+0000] {dag.py:4180} INFO - Setting next_dagrun for olist_gcp_data_engineering_pipeline to None, run_after=None
[2026-07-22T02:23:47.640+0000] {processor.py:208} INFO - Processing /opt/airflow/dags/olist_pipeline.py took 0.991 seconds
[2026-07-22T02:24:18.028+0000] {processor.py:186} INFO - Started process (PID=255) to work on /opt/airflow/dags/olist_pipeline.py
[2026-07-22T02:24:18.029+0000] {processor.py:914} INFO - Processing file /opt/airflow/dags/olist_pipeline.py for tasks to queue
[2026-07-22T02:24:18.032+0000] {logging_mixin.py:190} INFO - [2026-07-22T02:24:18.032+0000] {dagbag.py:588} INFO - Filling up the DagBag from /opt/airflow/dags/olist_pipeline.py
[2026-07-22T02:24:18.868+0000] {processor.py:925} INFO - DAG(s) 'olist_gcp_data_engineering_pipeline' retrieved from /opt/airflow/dags/olist_pipeline.py
[2026-07-22T02:24:18.888+0000] {logging_mixin.py:190} INFO - [2026-07-22T02:24:18.888+0000] {dag.py:3239} INFO - Sync 1 DAGs
[2026-07-22T02:24:18.896+0000] {logging_mixin.py:190} INFO - [2026-07-22T02:24:18.896+0000] {dag.py:4180} INFO - Setting next_dagrun for olist_gcp_data_engineering_pipeline to None, run_after=None
[2026-07-22T02:24:18.906+0000] {processor.py:208} INFO - Processing /opt/airflow/dags/olist_pipeline.py took 0.882 seconds
[2026-07-22T02:24:49.306+0000] {processor.py:186} INFO - Started process (PID=261) to work on /opt/airflow/dags/olist_pipeline.py
[2026-07-22T02:24:49.307+0000] {processor.py:914} INFO - Processing file /opt/airflow/dags/olist_pipeline.py for tasks to queue
[2026-07-22T02:24:49.311+0000] {logging_mixin.py:190} INFO - [2026-07-22T02:24:49.309+0000] {dagbag.py:588} INFO - Filling up the DagBag from /opt/airflow/dags/olist_pipeline.py
[2026-07-22T02:24:50.176+0000] {processor.py:925} INFO - DAG(s) 'olist_gcp_data_engineering_pipeline' retrieved from /opt/airflow/dags/olist_pipeline.py
[2026-07-22T02:24:50.199+0000] {logging_mixin.py:190} INFO - [2026-07-22T02:24:50.198+0000] {dag.py:3239} INFO - Sync 1 DAGs
[2026-07-22T02:24:50.206+0000] {logging_mixin.py:190} INFO - [2026-07-22T02:24:50.206+0000] {dag.py:4180} INFO - Setting next_dagrun for olist_gcp_data_engineering_pipeline to None, run_after=None
[2026-07-22T02:24:50.217+0000] {processor.py:208} INFO - Processing /opt/airflow/dags/olist_pipeline.py took 0.919 seconds
[2026-07-22T02:25:20.623+0000] {processor.py:186} INFO - Started process (PID=267) to work on /opt/airflow/dags/olist_pipeline.py
[2026-07-22T02:25:20.624+0000] {processor.py:914} INFO - Processing file /opt/airflow/dags/olist_pipeline.py for tasks to queue
[2026-07-22T02:25:20.627+0000] {logging_mixin.py:190} INFO - [2026-07-22T02:25:20.626+0000] {dagbag.py:588} INFO - Filling up the DagBag from /opt/airflow/dags/olist_pipeline.py
[2026-07-22T02:25:21.541+0000] {processor.py:925} INFO - DAG(s) 'olist_gcp_data_engineering_pipeline' retrieved from /opt/airflow/dags/olist_pipeline.py
[2026-07-22T02:25:21.565+0000] {logging_mixin.py:190} INFO - [2026-07-22T02:25:21.565+0000] {dag.py:3239} INFO - Sync 1 DAGs
[2026-07-22T02:25:21.573+0000] {logging_mixin.py:190} INFO - [2026-07-22T02:25:21.573+0000] {dag.py:4180} INFO - Setting next_dagrun for olist_gcp_data_engineering_pipeline to None, run_after=None
[2026-07-22T02:25:21.584+0000] {processor.py:208} INFO - Processing /opt/airflow/dags/olist_pipeline.py took 0.968 seconds
[2026-07-22T02:26:03.715+0000] {processor.py:186} INFO - Started process (PID=167) to work on /opt/airflow/dags/olist_pipeline.py
[2026-07-22T02:26:03.716+0000] {processor.py:914} INFO - Processing file /opt/airflow/dags/olist_pipeline.py for tasks to queue
[2026-07-22T02:26:03.718+0000] {logging_mixin.py:190} INFO - [2026-07-22T02:26:03.717+0000] {dagbag.py:588} INFO - Filling up the DagBag from /opt/airflow/dags/olist_pipeline.py
[2026-07-22T02:26:05.618+0000] {processor.py:925} INFO - DAG(s) 'olist_gcp_data_engineering_pipeline' retrieved from /opt/airflow/dags/olist_pipeline.py
[2026-07-22T02:26:05.652+0000] {logging_mixin.py:190} INFO - [2026-07-22T02:26:05.651+0000] {dag.py:3239} INFO - Sync 1 DAGs
[2026-07-22T02:26:05.660+0000] {logging_mixin.py:190} INFO - [2026-07-22T02:26:05.660+0000] {dag.py:4180} INFO - Setting next_dagrun for olist_gcp_data_engineering_pipeline to None, run_after=None
[2026-07-22T02:26:05.671+0000] {processor.py:208} INFO - Processing /opt/airflow/dags/olist_pipeline.py took 1.962 seconds
[2026-07-22T02:26:35.905+0000] {processor.py:186} INFO - Started process (PID=173) to work on /opt/airflow/dags/olist_pipeline.py
[2026-07-22T02:26:35.906+0000] {processor.py:914} INFO - Processing file /opt/airflow/dags/olist_pipeline.py for tasks to queue
[2026-07-22T02:26:35.909+0000] {logging_mixin.py:190} INFO - [2026-07-22T02:26:35.908+0000] {dagbag.py:588} INFO - Filling up the DagBag from /opt/airflow/dags/olist_pipeline.py
[2026-07-22T02:26:36.790+0000] {processor.py:925} INFO - DAG(s) 'olist_gcp_data_engineering_pipeline' retrieved from /opt/airflow/dags/olist_pipeline.py
[2026-07-22T02:26:36.813+0000] {logging_mixin.py:190} INFO - [2026-07-22T02:26:36.813+0000] {dag.py:3239} INFO - Sync 1 DAGs
[2026-07-22T02:26:36.822+0000] {logging_mixin.py:190} INFO - [2026-07-22T02:26:36.822+0000] {dag.py:4180} INFO - Setting next_dagrun for olist_gcp_data_engineering_pipeline to None, run_after=None
[2026-07-22T02:26:36.832+0000] {processor.py:208} INFO - Processing /opt/airflow/dags/olist_pipeline.py took 0.933 seconds
[2026-07-22T02:27:07.143+0000] {processor.py:186} INFO - Started process (PID=179) to work on /opt/airflow/dags/olist_pipeline.py
[2026-07-22T02:27:07.144+0000] {processor.py:914} INFO - Processing file /opt/airflow/dags/olist_pipeline.py for tasks to queue
[2026-07-22T02:27:07.146+0000] {logging_mixin.py:190} INFO - [2026-07-22T02:27:07.145+0000] {dagbag.py:588} INFO - Filling up the DagBag from /opt/airflow/dags/olist_pipeline.py
[2026-07-22T02:27:07.949+0000] {processor.py:925} INFO - DAG(s) 'olist_gcp_data_engineering_pipeline' retrieved from /opt/airflow/dags/olist_pipeline.py
[2026-07-22T02:27:07.969+0000] {logging_mixin.py:190} INFO - [2026-07-22T02:27:07.969+0000] {dag.py:3239} INFO - Sync 1 DAGs
[2026-07-22T02:27:07.977+0000] {logging_mixin.py:190} INFO - [2026-07-22T02:27:07.977+0000] {dag.py:4180} INFO - Setting next_dagrun for olist_gcp_data_engineering_pipeline to None, run_after=None
[2026-07-22T02:27:07.987+0000] {processor.py:208} INFO - Processing /opt/airflow/dags/olist_pipeline.py took 0.851 seconds
[2026-07-22T02:27:38.385+0000] {processor.py:186} INFO - Started process (PID=185) to work on /opt/airflow/dags/olist_pipeline.py
[2026-07-22T02:27:38.386+0000] {processor.py:914} INFO - Processing file /opt/airflow/dags/olist_pipeline.py for tasks to queue
[2026-07-22T02:27:38.388+0000] {logging_mixin.py:190} INFO - [2026-07-22T02:27:38.388+0000] {dagbag.py:588} INFO - Filling up the DagBag from /opt/airflow/dags/olist_pipeline.py
[2026-07-22T02:27:39.280+0000] {processor.py:925} INFO - DAG(s) 'olist_gcp_data_engineering_pipeline' retrieved from /opt/airflow/dags/olist_pipeline.py
[2026-07-22T02:27:39.303+0000] {logging_mixin.py:190} INFO - [2026-07-22T02:27:39.303+0000] {dag.py:3239} INFO - Sync 1 DAGs
[2026-07-22T02:27:39.312+0000] {logging_mixin.py:190} INFO - [2026-07-22T02:27:39.312+0000] {dag.py:4180} INFO - Setting next_dagrun for olist_gcp_data_engineering_pipeline to None, run_after=None
[2026-07-22T02:27:39.323+0000] {processor.py:208} INFO - Processing /opt/airflow/dags/olist_pipeline.py took 0.947 seconds
[2026-07-22T02:28:09.648+0000] {processor.py:186} INFO - Started process (PID=191) to work on /opt/airflow/dags/olist_pipeline.py
[2026-07-22T02:28:09.648+0000] {processor.py:914} INFO - Processing file /opt/airflow/dags/olist_pipeline.py for tasks to queue
[2026-07-22T02:28:09.650+0000] {logging_mixin.py:190} INFO - [2026-07-22T02:28:09.650+0000] {dagbag.py:588} INFO - Filling up the DagBag from /opt/airflow/dags/olist_pipeline.py
[2026-07-22T02:28:10.424+0000] {processor.py:925} INFO - DAG(s) 'olist_gcp_data_engineering_pipeline' retrieved from /opt/airflow/dags/olist_pipeline.py
[2026-07-22T02:28:10.445+0000] {logging_mixin.py:190} INFO - [2026-07-22T02:28:10.445+0000] {dag.py:3239} INFO - Sync 1 DAGs
[2026-07-22T02:28:10.454+0000] {logging_mixin.py:190} INFO - [2026-07-22T02:28:10.453+0000] {dag.py:4180} INFO - Setting next_dagrun for olist_gcp_data_engineering_pipeline to None, run_after=None
[2026-07-22T02:28:10.464+0000] {processor.py:208} INFO - Processing /opt/airflow/dags/olist_pipeline.py took 0.822 seconds
[2026-07-22T02:28:40.831+0000] {processor.py:186} INFO - Started process (PID=197) to work on /opt/airflow/dags/olist_pipeline.py
[2026-07-22T02:28:40.832+0000] {processor.py:914} INFO - Processing file /opt/airflow/dags/olist_pipeline.py for tasks to queue
[2026-07-22T02:28:40.835+0000] {logging_mixin.py:190} INFO - [2026-07-22T02:28:40.835+0000] {dagbag.py:588} INFO - Filling up the DagBag from /opt/airflow/dags/olist_pipeline.py
[2026-07-22T02:28:41.651+0000] {processor.py:925} INFO - DAG(s) 'olist_gcp_data_engineering_pipeline' retrieved from /opt/airflow/dags/olist_pipeline.py
[2026-07-22T02:28:41.673+0000] {logging_mixin.py:190} INFO - [2026-07-22T02:28:41.672+0000] {dag.py:3239} INFO - Sync 1 DAGs
[2026-07-22T02:28:41.681+0000] {logging_mixin.py:190} INFO - [2026-07-22T02:28:41.681+0000] {dag.py:4180} INFO - Setting next_dagrun for olist_gcp_data_engineering_pipeline to None, run_after=None
[2026-07-22T02:28:41.693+0000] {processor.py:208} INFO - Processing /opt/airflow/dags/olist_pipeline.py took 0.869 seconds
[2026-07-22T02:29:12.096+0000] {processor.py:186} INFO - Started process (PID=203) to work on /opt/airflow/dags/olist_pipeline.py
[2026-07-22T02:29:12.097+0000] {processor.py:914} INFO - Processing file /opt/airflow/dags/olist_pipeline.py for tasks to queue
[2026-07-22T02:29:12.099+0000] {logging_mixin.py:190} INFO - [2026-07-22T02:29:12.099+0000] {dagbag.py:588} INFO - Filling up the DagBag from /opt/airflow/dags/olist_pipeline.py
[2026-07-22T02:29:12.878+0000] {processor.py:925} INFO - DAG(s) 'olist_gcp_data_engineering_pipeline' retrieved from /opt/airflow/dags/olist_pipeline.py
[2026-07-22T02:29:12.898+0000] {logging_mixin.py:190} INFO - [2026-07-22T02:29:12.897+0000] {dag.py:3239} INFO - Sync 1 DAGs
[2026-07-22T02:29:12.907+0000] {logging_mixin.py:190} INFO - [2026-07-22T02:29:12.907+0000] {dag.py:4180} INFO - Setting next_dagrun for olist_gcp_data_engineering_pipeline to None, run_after=None
[2026-07-22T02:29:12.918+0000] {processor.py:208} INFO - Processing /opt/airflow/dags/olist_pipeline.py took 0.829 seconds
[2026-07-22T02:29:43.309+0000] {processor.py:186} INFO - Started process (PID=209) to work on /opt/airflow/dags/olist_pipeline.py
[2026-07-22T02:29:43.311+0000] {processor.py:914} INFO - Processing file /opt/airflow/dags/olist_pipeline.py for tasks to queue
[2026-07-22T02:29:43.314+0000] {logging_mixin.py:190} INFO - [2026-07-22T02:29:43.313+0000] {dagbag.py:588} INFO - Filling up the DagBag from /opt/airflow/dags/olist_pipeline.py
[2026-07-22T02:29:44.335+0000] {processor.py:925} INFO - DAG(s) 'olist_gcp_data_engineering_pipeline' retrieved from /opt/airflow/dags/olist_pipeline.py
[2026-07-22T02:29:44.361+0000] {logging_mixin.py:190} INFO - [2026-07-22T02:29:44.361+0000] {dag.py:3239} INFO - Sync 1 DAGs
[2026-07-22T02:29:44.376+0000] {logging_mixin.py:190} INFO - [2026-07-22T02:29:44.376+0000] {dag.py:4180} INFO - Setting next_dagrun for olist_gcp_data_engineering_pipeline to None, run_after=None
[2026-07-22T02:29:44.390+0000] {processor.py:208} INFO - Processing /opt/airflow/dags/olist_pipeline.py took 1.090 seconds
[2026-07-22T02:30:14.655+0000] {processor.py:186} INFO - Started process (PID=215) to work on /opt/airflow/dags/olist_pipeline.py
[2026-07-22T02:30:14.655+0000] {processor.py:914} INFO - Processing file /opt/airflow/dags/olist_pipeline.py for tasks to queue
[2026-07-22T02:30:14.658+0000] {logging_mixin.py:190} INFO - [2026-07-22T02:30:14.657+0000] {dagbag.py:588} INFO - Filling up the DagBag from /opt/airflow/dags/olist_pipeline.py
[2026-07-22T02:30:15.431+0000] {processor.py:925} INFO - DAG(s) 'olist_gcp_data_engineering_pipeline' retrieved from /opt/airflow/dags/olist_pipeline.py
[2026-07-22T02:30:15.450+0000] {logging_mixin.py:190} INFO - [2026-07-22T02:30:15.449+0000] {dag.py:3239} INFO - Sync 1 DAGs
[2026-07-22T02:30:15.457+0000] {logging_mixin.py:190} INFO - [2026-07-22T02:30:15.457+0000] {dag.py:4180} INFO - Setting next_dagrun for olist_gcp_data_engineering_pipeline to None, run_after=None
[2026-07-22T02:30:15.466+0000] {processor.py:208} INFO - Processing /opt/airflow/dags/olist_pipeline.py took 0.818 seconds
[2026-07-22T02:30:45.827+0000] {processor.py:186} INFO - Started process (PID=221) to work on /opt/airflow/dags/olist_pipeline.py
[2026-07-22T02:30:45.829+0000] {processor.py:914} INFO - Processing file /opt/airflow/dags/olist_pipeline.py for tasks to queue
[2026-07-22T02:30:45.832+0000] {logging_mixin.py:190} INFO - [2026-07-22T02:30:45.832+0000] {dagbag.py:588} INFO - Filling up the DagBag from /opt/airflow/dags/olist_pipeline.py
[2026-07-22T02:30:46.840+0000] {processor.py:925} INFO - DAG(s) 'olist_gcp_data_engineering_pipeline' retrieved from /opt/airflow/dags/olist_pipeline.py
[2026-07-22T02:30:46.865+0000] {logging_mixin.py:190} INFO - [2026-07-22T02:30:46.865+0000] {dag.py:3239} INFO - Sync 1 DAGs
[2026-07-22T02:30:46.876+0000] {logging_mixin.py:190} INFO - [2026-07-22T02:30:46.876+0000] {dag.py:4180} INFO - Setting next_dagrun for olist_gcp_data_engineering_pipeline to None, run_after=None
[2026-07-22T02:30:46.888+0000] {processor.py:208} INFO - Processing /opt/airflow/dags/olist_pipeline.py took 1.071 seconds
[2026-07-22T02:31:17.219+0000] {processor.py:186} INFO - Started process (PID=227) to work on /opt/airflow/dags/olist_pipeline.py
[2026-07-22T02:31:17.220+0000] {processor.py:914} INFO - Processing file /opt/airflow/dags/olist_pipeline.py for tasks to queue
[2026-07-22T02:31:17.222+0000] {logging_mixin.py:190} INFO - [2026-07-22T02:31:17.222+0000] {dagbag.py:588} INFO - Filling up the DagBag from /opt/airflow/dags/olist_pipeline.py
[2026-07-22T02:31:18.009+0000] {processor.py:925} INFO - DAG(s) 'olist_gcp_data_engineering_pipeline' retrieved from /opt/airflow/dags/olist_pipeline.py
[2026-07-22T02:31:18.025+0000] {logging_mixin.py:190} INFO - [2026-07-22T02:31:18.025+0000] {dag.py:3239} INFO - Sync 1 DAGs
[2026-07-22T02:31:18.032+0000] {logging_mixin.py:190} INFO - [2026-07-22T02:31:18.032+0000] {dag.py:4180} INFO - Setting next_dagrun for olist_gcp_data_engineering_pipeline to None, run_after=None
[2026-07-22T02:31:18.042+0000] {processor.py:208} INFO - Processing /opt/airflow/dags/olist_pipeline.py took 0.831 seconds
[2026-07-22T02:31:48.456+0000] {processor.py:186} INFO - Started process (PID=233) to work on /opt/airflow/dags/olist_pipeline.py
[2026-07-22T02:31:48.457+0000] {processor.py:914} INFO - Processing file /opt/airflow/dags/olist_pipeline.py for tasks to queue
[2026-07-22T02:31:48.459+0000] {logging_mixin.py:190} INFO - [2026-07-22T02:31:48.459+0000] {dagbag.py:588} INFO - Filling up the DagBag from /opt/airflow/dags/olist_pipeline.py
[2026-07-22T02:31:49.290+0000] {processor.py:925} INFO - DAG(s) 'olist_gcp_data_engineering_pipeline' retrieved from /opt/airflow/dags/olist_pipeline.py
[2026-07-22T02:31:49.310+0000] {logging_mixin.py:190} INFO - [2026-07-22T02:31:49.310+0000] {dag.py:3239} INFO - Sync 1 DAGs
[2026-07-22T02:31:49.318+0000] {logging_mixin.py:190} INFO - [2026-07-22T02:31:49.318+0000] {dag.py:4180} INFO - Setting next_dagrun for olist_gcp_data_engineering_pipeline to None, run_after=None
[2026-07-22T02:31:49.327+0000] {processor.py:208} INFO - Processing /opt/airflow/dags/olist_pipeline.py took 0.877 seconds
[2026-07-22T02:32:19.674+0000] {processor.py:186} INFO - Started process (PID=239) to work on /opt/airflow/dags/olist_pipeline.py
[2026-07-22T02:32:19.675+0000] {processor.py:914} INFO - Processing file /opt/airflow/dags/olist_pipeline.py for tasks to queue
[2026-07-22T02:32:19.677+0000] {logging_mixin.py:190} INFO - [2026-07-22T02:32:19.677+0000] {dagbag.py:588} INFO - Filling up the DagBag from /opt/airflow/dags/olist_pipeline.py
[2026-07-22T02:32:20.756+0000] {processor.py:925} INFO - DAG(s) 'olist_gcp_data_engineering_pipeline' retrieved from /opt/airflow/dags/olist_pipeline.py
[2026-07-22T02:32:20.776+0000] {logging_mixin.py:190} INFO - [2026-07-22T02:32:20.775+0000] {dag.py:3239} INFO - Sync 1 DAGs
[2026-07-22T02:32:20.785+0000] {logging_mixin.py:190} INFO - [2026-07-22T02:32:20.784+0000] {dag.py:4180} INFO - Setting next_dagrun for olist_gcp_data_engineering_pipeline to None, run_after=None
[2026-07-22T02:32:20.795+0000] {processor.py:208} INFO - Processing /opt/airflow/dags/olist_pipeline.py took 1.129 seconds
[2026-07-22T02:32:51.087+0000] {processor.py:186} INFO - Started process (PID=245) to work on /opt/airflow/dags/olist_pipeline.py
[2026-07-22T02:32:51.088+0000] {processor.py:914} INFO - Processing file /opt/airflow/dags/olist_pipeline.py for tasks to queue
[2026-07-22T02:32:51.090+0000] {logging_mixin.py:190} INFO - [2026-07-22T02:32:51.089+0000] {dagbag.py:588} INFO - Filling up the DagBag from /opt/airflow/dags/olist_pipeline.py
[2026-07-22T02:32:51.901+0000] {processor.py:925} INFO - DAG(s) 'olist_gcp_data_engineering_pipeline' retrieved from /opt/airflow/dags/olist_pipeline.py
[2026-07-22T02:32:51.921+0000] {logging_mixin.py:190} INFO - [2026-07-22T02:32:51.921+0000] {dag.py:3239} INFO - Sync 1 DAGs
[2026-07-22T02:32:51.929+0000] {logging_mixin.py:190} INFO - [2026-07-22T02:32:51.929+0000] {dag.py:4180} INFO - Setting next_dagrun for olist_gcp_data_engineering_pipeline to None, run_after=None
[2026-07-22T02:32:51.939+0000] {processor.py:208} INFO - Processing /opt/airflow/dags/olist_pipeline.py took 0.858 seconds
[2026-07-22T02:33:22.319+0000] {processor.py:186} INFO - Started process (PID=251) to work on /opt/airflow/dags/olist_pipeline.py
[2026-07-22T02:33:22.320+0000] {processor.py:914} INFO - Processing file /opt/airflow/dags/olist_pipeline.py for tasks to queue
[2026-07-22T02:33:22.323+0000] {logging_mixin.py:190} INFO - [2026-07-22T02:33:22.323+0000] {dagbag.py:588} INFO - Filling up the DagBag from /opt/airflow/dags/olist_pipeline.py
[2026-07-22T02:33:23.235+0000] {processor.py:925} INFO - DAG(s) 'olist_gcp_data_engineering_pipeline' retrieved from /opt/airflow/dags/olist_pipeline.py
[2026-07-22T02:33:23.252+0000] {logging_mixin.py:190} INFO - [2026-07-22T02:33:23.252+0000] {dag.py:3239} INFO - Sync 1 DAGs
[2026-07-22T02:33:23.261+0000] {logging_mixin.py:190} INFO - [2026-07-22T02:33:23.260+0000] {dag.py:4180} INFO - Setting next_dagrun for olist_gcp_data_engineering_pipeline to None, run_after=None
[2026-07-22T02:33:23.270+0000] {processor.py:208} INFO - Processing /opt/airflow/dags/olist_pipeline.py took 0.960 seconds
[2026-07-22T02:33:53.596+0000] {processor.py:186} INFO - Started process (PID=257) to work on /opt/airflow/dags/olist_pipeline.py
[2026-07-22T02:33:53.597+0000] {processor.py:914} INFO - Processing file /opt/airflow/dags/olist_pipeline.py for tasks to queue
[2026-07-22T02:33:53.599+0000] {logging_mixin.py:190} INFO - [2026-07-22T02:33:53.598+0000] {dagbag.py:588} INFO - Filling up the DagBag from /opt/airflow/dags/olist_pipeline.py
[2026-07-22T02:33:54.402+0000] {processor.py:925} INFO - DAG(s) 'olist_gcp_data_engineering_pipeline' retrieved from /opt/airflow/dags/olist_pipeline.py
[2026-07-22T02:33:54.425+0000] {logging_mixin.py:190} INFO - [2026-07-22T02:33:54.424+0000] {dag.py:3239} INFO - Sync 1 DAGs
[2026-07-22T02:33:54.433+0000] {logging_mixin.py:190} INFO - [2026-07-22T02:33:54.433+0000] {dag.py:4180} INFO - Setting next_dagrun for olist_gcp_data_engineering_pipeline to None, run_after=None
[2026-07-22T02:33:54.444+0000] {processor.py:208} INFO - Processing /opt/airflow/dags/olist_pipeline.py took 0.853 seconds
[2026-07-22T02:34:24.802+0000] {processor.py:186} INFO - Started process (PID=263) to work on /opt/airflow/dags/olist_pipeline.py
[2026-07-22T02:34:24.803+0000] {processor.py:914} INFO - Processing file /opt/airflow/dags/olist_pipeline.py for tasks to queue
[2026-07-22T02:34:24.806+0000] {logging_mixin.py:190} INFO - [2026-07-22T02:34:24.805+0000] {dagbag.py:588} INFO - Filling up the DagBag from /opt/airflow/dags/olist_pipeline.py
[2026-07-22T02:34:25.610+0000] {processor.py:925} INFO - DAG(s) 'olist_gcp_data_engineering_pipeline' retrieved from /opt/airflow/dags/olist_pipeline.py
[2026-07-22T02:34:25.627+0000] {logging_mixin.py:190} INFO - [2026-07-22T02:34:25.627+0000] {dag.py:3239} INFO - Sync 1 DAGs
[2026-07-22T02:34:25.635+0000] {logging_mixin.py:190} INFO - [2026-07-22T02:34:25.634+0000] {dag.py:4180} INFO - Setting next_dagrun for olist_gcp_data_engineering_pipeline to None, run_after=None
[2026-07-22T02:34:25.645+0000] {processor.py:208} INFO - Processing /opt/airflow/dags/olist_pipeline.py took 0.851 seconds
[2026-07-22T02:34:56.010+0000] {processor.py:186} INFO - Started process (PID=269) to work on /opt/airflow/dags/olist_pipeline.py
[2026-07-22T02:34:56.012+0000] {processor.py:914} INFO - Processing file /opt/airflow/dags/olist_pipeline.py for tasks to queue
[2026-07-22T02:34:56.015+0000] {logging_mixin.py:190} INFO - [2026-07-22T02:34:56.015+0000] {dagbag.py:588} INFO - Filling up the DagBag from /opt/airflow/dags/olist_pipeline.py
[2026-07-22T02:34:57.008+0000] {processor.py:925} INFO - DAG(s) 'olist_gcp_data_engineering_pipeline' retrieved from /opt/airflow/dags/olist_pipeline.py
[2026-07-22T02:34:57.034+0000] {logging_mixin.py:190} INFO - [2026-07-22T02:34:57.034+0000] {dag.py:3239} INFO - Sync 1 DAGs
[2026-07-22T02:34:57.045+0000] {logging_mixin.py:190} INFO - [2026-07-22T02:34:57.045+0000] {dag.py:4180} INFO - Setting next_dagrun for olist_gcp_data_engineering_pipeline to None, run_after=None
[2026-07-22T02:34:57.056+0000] {processor.py:208} INFO - Processing /opt/airflow/dags/olist_pipeline.py took 1.055 seconds
[2026-07-22T02:35:27.368+0000] {processor.py:186} INFO - Started process (PID=275) to work on /opt/airflow/dags/olist_pipeline.py
[2026-07-22T02:35:27.369+0000] {processor.py:914} INFO - Processing file /opt/airflow/dags/olist_pipeline.py for tasks to queue
[2026-07-22T02:35:27.372+0000] {logging_mixin.py:190} INFO - [2026-07-22T02:35:27.372+0000] {dagbag.py:588} INFO - Filling up the DagBag from /opt/airflow/dags/olist_pipeline.py
[2026-07-22T02:35:28.318+0000] {processor.py:925} INFO - DAG(s) 'olist_gcp_data_engineering_pipeline' retrieved from /opt/airflow/dags/olist_pipeline.py
[2026-07-22T02:35:28.337+0000] {logging_mixin.py:190} INFO - [2026-07-22T02:35:28.337+0000] {dag.py:3239} INFO - Sync 1 DAGs
[2026-07-22T02:35:28.346+0000] {logging_mixin.py:190} INFO - [2026-07-22T02:35:28.346+0000] {dag.py:4180} INFO - Setting next_dagrun for olist_gcp_data_engineering_pipeline to None, run_after=None
[2026-07-22T02:35:28.357+0000] {processor.py:208} INFO - Processing /opt/airflow/dags/olist_pipeline.py took 0.997 seconds
[2026-07-22T02:35:58.676+0000] {processor.py:186} INFO - Started process (PID=281) to work on /opt/airflow/dags/olist_pipeline.py
[2026-07-22T02:35:58.677+0000] {processor.py:914} INFO - Processing file /opt/airflow/dags/olist_pipeline.py for tasks to queue
[2026-07-22T02:35:58.679+0000] {logging_mixin.py:190} INFO - [2026-07-22T02:35:58.679+0000] {dagbag.py:588} INFO - Filling up the DagBag from /opt/airflow/dags/olist_pipeline.py
[2026-07-22T02:35:59.469+0000] {processor.py:925} INFO - DAG(s) 'olist_gcp_data_engineering_pipeline' retrieved from /opt/airflow/dags/olist_pipeline.py
[2026-07-22T02:35:59.490+0000] {logging_mixin.py:190} INFO - [2026-07-22T02:35:59.489+0000] {dag.py:3239} INFO - Sync 1 DAGs
[2026-07-22T02:35:59.498+0000] {logging_mixin.py:190} INFO - [2026-07-22T02:35:59.497+0000] {dag.py:4180} INFO - Setting next_dagrun for olist_gcp_data_engineering_pipeline to None, run_after=None
[2026-07-22T02:35:59.508+0000] {processor.py:208} INFO - Processing /opt/airflow/dags/olist_pipeline.py took 0.837 seconds
[2026-07-22T02:36:29.884+0000] {processor.py:186} INFO - Started process (PID=287) to work on /opt/airflow/dags/olist_pipeline.py
[2026-07-22T02:36:29.885+0000] {processor.py:914} INFO - Processing file /opt/airflow/dags/olist_pipeline.py for tasks to queue
[2026-07-22T02:36:29.888+0000] {logging_mixin.py:190} INFO - [2026-07-22T02:36:29.888+0000] {dagbag.py:588} INFO - Filling up the DagBag from /opt/airflow/dags/olist_pipeline.py
[2026-07-22T02:36:30.869+0000] {processor.py:925} INFO - DAG(s) 'olist_gcp_data_engineering_pipeline' retrieved from /opt/airflow/dags/olist_pipeline.py
[2026-07-22T02:36:30.894+0000] {logging_mixin.py:190} INFO - [2026-07-22T02:36:30.894+0000] {dag.py:3239} INFO - Sync 1 DAGs
[2026-07-22T02:36:30.904+0000] {logging_mixin.py:190} INFO - [2026-07-22T02:36:30.903+0000] {dag.py:4180} INFO - Setting next_dagrun for olist_gcp_data_engineering_pipeline to None, run_after=None
[2026-07-22T02:36:30.915+0000] {processor.py:208} INFO - Processing /opt/airflow/dags/olist_pipeline.py took 1.039 seconds
[2026-07-22T02:37:01.232+0000] {processor.py:186} INFO - Started process (PID=293) to work on /opt/airflow/dags/olist_pipeline.py
[2026-07-22T02:37:01.233+0000] {processor.py:914} INFO - Processing file /opt/airflow/dags/olist_pipeline.py for tasks to queue
[2026-07-22T02:37:01.234+0000] {logging_mixin.py:190} INFO - [2026-07-22T02:37:01.234+0000] {dagbag.py:588} INFO - Filling up the DagBag from /opt/airflow/dags/olist_pipeline.py
[2026-07-22T02:37:02.000+0000] {processor.py:925} INFO - DAG(s) 'olist_gcp_data_engineering_pipeline' retrieved from /opt/airflow/dags/olist_pipeline.py
[2026-07-22T02:37:02.020+0000] {logging_mixin.py:190} INFO - [2026-07-22T02:37:02.019+0000] {dag.py:3239} INFO - Sync 1 DAGs
[2026-07-22T02:37:02.028+0000] {logging_mixin.py:190} INFO - [2026-07-22T02:37:02.028+0000] {dag.py:4180} INFO - Setting next_dagrun for olist_gcp_data_engineering_pipeline to None, run_after=None
[2026-07-22T02:37:02.038+0000] {processor.py:208} INFO - Processing /opt/airflow/dags/olist_pipeline.py took 0.812 seconds
[2026-07-22T02:37:32.418+0000] {processor.py:186} INFO - Started process (PID=299) to work on /opt/airflow/dags/olist_pipeline.py
[2026-07-22T02:37:32.419+0000] {processor.py:914} INFO - Processing file /opt/airflow/dags/olist_pipeline.py for tasks to queue
[2026-07-22T02:37:32.423+0000] {logging_mixin.py:190} INFO - [2026-07-22T02:37:32.422+0000] {dagbag.py:588} INFO - Filling up the DagBag from /opt/airflow/dags/olist_pipeline.py
[2026-07-22T02:37:33.367+0000] {processor.py:925} INFO - DAG(s) 'olist_gcp_data_engineering_pipeline' retrieved from /opt/airflow/dags/olist_pipeline.py
[2026-07-22T02:37:33.390+0000] {logging_mixin.py:190} INFO - [2026-07-22T02:37:33.390+0000] {dag.py:3239} INFO - Sync 1 DAGs
[2026-07-22T02:37:33.399+0000] {logging_mixin.py:190} INFO - [2026-07-22T02:37:33.398+0000] {dag.py:4180} INFO - Setting next_dagrun for olist_gcp_data_engineering_pipeline to None, run_after=None
[2026-07-22T02:37:33.411+0000] {processor.py:208} INFO - Processing /opt/airflow/dags/olist_pipeline.py took 1.003 seconds
[2026-07-22T02:38:03.744+0000] {processor.py:186} INFO - Started process (PID=305) to work on /opt/airflow/dags/olist_pipeline.py
[2026-07-22T02:38:03.746+0000] {processor.py:914} INFO - Processing file /opt/airflow/dags/olist_pipeline.py for tasks to queue
[2026-07-22T02:38:03.748+0000] {logging_mixin.py:190} INFO - [2026-07-22T02:38:03.748+0000] {dagbag.py:588} INFO - Filling up the DagBag from /opt/airflow/dags/olist_pipeline.py
[2026-07-22T02:38:04.592+0000] {processor.py:925} INFO - DAG(s) 'olist_gcp_data_engineering_pipeline' retrieved from /opt/airflow/dags/olist_pipeline.py
[2026-07-22T02:38:04.612+0000] {logging_mixin.py:190} INFO - [2026-07-22T02:38:04.612+0000] {dag.py:3239} INFO - Sync 1 DAGs
[2026-07-22T02:38:04.620+0000] {logging_mixin.py:190} INFO - [2026-07-22T02:38:04.620+0000] {dag.py:4180} INFO - Setting next_dagrun for olist_gcp_data_engineering_pipeline to None, run_after=None
[2026-07-22T02:38:04.630+0000] {processor.py:208} INFO - Processing /opt/airflow/dags/olist_pipeline.py took 0.892 seconds
[2026-07-22T02:38:34.973+0000] {processor.py:186} INFO - Started process (PID=311) to work on /opt/airflow/dags/olist_pipeline.py
[2026-07-22T02:38:34.974+0000] {processor.py:914} INFO - Processing file /opt/airflow/dags/olist_pipeline.py for tasks to queue
[2026-07-22T02:38:34.978+0000] {logging_mixin.py:190} INFO - [2026-07-22T02:38:34.977+0000] {dagbag.py:588} INFO - Filling up the DagBag from /opt/airflow/dags/olist_pipeline.py
[2026-07-22T02:38:35.792+0000] {processor.py:925} INFO - DAG(s) 'olist_gcp_data_engineering_pipeline' retrieved from /opt/airflow/dags/olist_pipeline.py
[2026-07-22T02:38:35.812+0000] {logging_mixin.py:190} INFO - [2026-07-22T02:38:35.812+0000] {dag.py:3239} INFO - Sync 1 DAGs
[2026-07-22T02:38:35.820+0000] {logging_mixin.py:190} INFO - [2026-07-22T02:38:35.820+0000] {dag.py:4180} INFO - Setting next_dagrun for olist_gcp_data_engineering_pipeline to None, run_after=None
[2026-07-22T02:38:35.831+0000] {processor.py:208} INFO - Processing /opt/airflow/dags/olist_pipeline.py took 0.866 seconds
[2026-07-22T02:39:06.211+0000] {processor.py:186} INFO - Started process (PID=317) to work on /opt/airflow/dags/olist_pipeline.py
[2026-07-22T02:39:06.211+0000] {processor.py:914} INFO - Processing file /opt/airflow/dags/olist_pipeline.py for tasks to queue
[2026-07-22T02:39:06.213+0000] {logging_mixin.py:190} INFO - [2026-07-22T02:39:06.213+0000] {dagbag.py:588} INFO - Filling up the DagBag from /opt/airflow/dags/olist_pipeline.py
[2026-07-22T02:39:07.197+0000] {processor.py:925} INFO - DAG(s) 'olist_gcp_data_engineering_pipeline' retrieved from /opt/airflow/dags/olist_pipeline.py
[2026-07-22T02:39:07.224+0000] {logging_mixin.py:190} INFO - [2026-07-22T02:39:07.224+0000] {dag.py:3239} INFO - Sync 1 DAGs
[2026-07-22T02:39:07.232+0000] {logging_mixin.py:190} INFO - [2026-07-22T02:39:07.232+0000] {dag.py:4180} INFO - Setting next_dagrun for olist_gcp_data_engineering_pipeline to None, run_after=None
[2026-07-22T02:39:07.243+0000] {processor.py:208} INFO - Processing /opt/airflow/dags/olist_pipeline.py took 1.037 seconds
[2026-07-22T02:39:37.596+0000] {processor.py:186} INFO - Started process (PID=323) to work on /opt/airflow/dags/olist_pipeline.py
[2026-07-22T02:39:37.596+0000] {processor.py:914} INFO - Processing file /opt/airflow/dags/olist_pipeline.py for tasks to queue
[2026-07-22T02:39:37.599+0000] {logging_mixin.py:190} INFO - [2026-07-22T02:39:37.598+0000] {dagbag.py:588} INFO - Filling up the DagBag from /opt/airflow/dags/olist_pipeline.py
[2026-07-22T02:39:38.407+0000] {processor.py:925} INFO - DAG(s) 'olist_gcp_data_engineering_pipeline' retrieved from /opt/airflow/dags/olist_pipeline.py
[2026-07-22T02:39:38.426+0000] {logging_mixin.py:190} INFO - [2026-07-22T02:39:38.426+0000] {dag.py:3239} INFO - Sync 1 DAGs
[2026-07-22T02:39:38.434+0000] {logging_mixin.py:190} INFO - [2026-07-22T02:39:38.434+0000] {dag.py:4180} INFO - Setting next_dagrun for olist_gcp_data_engineering_pipeline to None, run_after=None
[2026-07-22T02:39:38.445+0000] {processor.py:208} INFO - Processing /opt/airflow/dags/olist_pipeline.py took 0.856 seconds
[2026-07-22T02:40:08.805+0000] {processor.py:186} INFO - Started process (PID=329) to work on /opt/airflow/dags/olist_pipeline.py
[2026-07-22T02:40:08.806+0000] {processor.py:914} INFO - Processing file /opt/airflow/dags/olist_pipeline.py for tasks to queue
[2026-07-22T02:40:08.809+0000] {logging_mixin.py:190} INFO - [2026-07-22T02:40:08.808+0000] {dagbag.py:588} INFO - Filling up the DagBag from /opt/airflow/dags/olist_pipeline.py
[2026-07-22T02:40:09.776+0000] {processor.py:925} INFO - DAG(s) 'olist_gcp_data_engineering_pipeline' retrieved from /opt/airflow/dags/olist_pipeline.py
[2026-07-22T02:40:09.798+0000] {logging_mixin.py:190} INFO - [2026-07-22T02:40:09.797+0000] {dag.py:3239} INFO - Sync 1 DAGs
[2026-07-22T02:40:09.806+0000] {logging_mixin.py:190} INFO - [2026-07-22T02:40:09.806+0000] {dag.py:4180} INFO - Setting next_dagrun for olist_gcp_data_engineering_pipeline to None, run_after=None
[2026-07-22T02:40:09.817+0000] {processor.py:208} INFO - Processing /opt/airflow/dags/olist_pipeline.py took 1.018 seconds
[2026-07-22T02:40:40.125+0000] {processor.py:186} INFO - Started process (PID=335) to work on /opt/airflow/dags/olist_pipeline.py
[2026-07-22T02:40:40.126+0000] {processor.py:914} INFO - Processing file /opt/airflow/dags/olist_pipeline.py for tasks to queue
[2026-07-22T02:40:40.128+0000] {logging_mixin.py:190} INFO - [2026-07-22T02:40:40.127+0000] {dagbag.py:588} INFO - Filling up the DagBag from /opt/airflow/dags/olist_pipeline.py
[2026-07-22T02:40:40.946+0000] {processor.py:925} INFO - DAG(s) 'olist_gcp_data_engineering_pipeline' retrieved from /opt/airflow/dags/olist_pipeline.py
[2026-07-22T02:40:40.969+0000] {logging_mixin.py:190} INFO - [2026-07-22T02:40:40.969+0000] {dag.py:3239} INFO - Sync 1 DAGs
[2026-07-22T02:40:40.977+0000] {logging_mixin.py:190} INFO - [2026-07-22T02:40:40.977+0000] {dag.py:4180} INFO - Setting next_dagrun for olist_gcp_data_engineering_pipeline to None, run_after=None
[2026-07-22T02:40:40.988+0000] {processor.py:208} INFO - Processing /opt/airflow/dags/olist_pipeline.py took 0.869 seconds
[2026-07-22T02:41:11.369+0000] {processor.py:186} INFO - Started process (PID=341) to work on /opt/airflow/dags/olist_pipeline.py
[2026-07-22T02:41:11.370+0000] {processor.py:914} INFO - Processing file /opt/airflow/dags/olist_pipeline.py for tasks to queue
[2026-07-22T02:41:11.374+0000] {logging_mixin.py:190} INFO - [2026-07-22T02:41:11.373+0000] {dagbag.py:588} INFO - Filling up the DagBag from /opt/airflow/dags/olist_pipeline.py
[2026-07-22T02:41:12.195+0000] {processor.py:925} INFO - DAG(s) 'olist_gcp_data_engineering_pipeline' retrieved from /opt/airflow/dags/olist_pipeline.py
[2026-07-22T02:41:12.218+0000] {logging_mixin.py:190} INFO - [2026-07-22T02:41:12.218+0000] {dag.py:3239} INFO - Sync 1 DAGs
[2026-07-22T02:41:12.229+0000] {logging_mixin.py:190} INFO - [2026-07-22T02:41:12.229+0000] {dag.py:4180} INFO - Setting next_dagrun for olist_gcp_data_engineering_pipeline to None, run_after=None
[2026-07-22T02:41:12.240+0000] {processor.py:208} INFO - Processing /opt/airflow/dags/olist_pipeline.py took 0.880 seconds
[2026-07-22T02:41:42.625+0000] {processor.py:186} INFO - Started process (PID=347) to work on /opt/airflow/dags/olist_pipeline.py
[2026-07-22T02:41:42.626+0000] {processor.py:914} INFO - Processing file /opt/airflow/dags/olist_pipeline.py for tasks to queue
[2026-07-22T02:41:42.628+0000] {logging_mixin.py:190} INFO - [2026-07-22T02:41:42.628+0000] {dagbag.py:588} INFO - Filling up the DagBag from /opt/airflow/dags/olist_pipeline.py
[2026-07-22T02:41:43.432+0000] {processor.py:925} INFO - DAG(s) 'olist_gcp_data_engineering_pipeline' retrieved from /opt/airflow/dags/olist_pipeline.py
[2026-07-22T02:41:43.452+0000] {logging_mixin.py:190} INFO - [2026-07-22T02:41:43.452+0000] {dag.py:3239} INFO - Sync 1 DAGs
[2026-07-22T02:41:43.459+0000] {logging_mixin.py:190} INFO - [2026-07-22T02:41:43.459+0000] {dag.py:4180} INFO - Setting next_dagrun for olist_gcp_data_engineering_pipeline to None, run_after=None
[2026-07-22T02:41:43.469+0000] {processor.py:208} INFO - Processing /opt/airflow/dags/olist_pipeline.py took 0.851 seconds
[2026-07-22T02:42:13.813+0000] {processor.py:186} INFO - Started process (PID=353) to work on /opt/airflow/dags/olist_pipeline.py
[2026-07-22T02:42:13.814+0000] {processor.py:914} INFO - Processing file /opt/airflow/dags/olist_pipeline.py for tasks to queue
[2026-07-22T02:42:13.816+0000] {logging_mixin.py:190} INFO - [2026-07-22T02:42:13.815+0000] {dagbag.py:588} INFO - Filling up the DagBag from /opt/airflow/dags/olist_pipeline.py
[2026-07-22T02:42:14.597+0000] {processor.py:925} INFO - DAG(s) 'olist_gcp_data_engineering_pipeline' retrieved from /opt/airflow/dags/olist_pipeline.py
[2026-07-22T02:42:14.617+0000] {logging_mixin.py:190} INFO - [2026-07-22T02:42:14.617+0000] {dag.py:3239} INFO - Sync 1 DAGs
[2026-07-22T02:42:14.625+0000] {logging_mixin.py:190} INFO - [2026-07-22T02:42:14.625+0000] {dag.py:4180} INFO - Setting next_dagrun for olist_gcp_data_engineering_pipeline to None, run_after=None
[2026-07-22T02:42:14.635+0000] {processor.py:208} INFO - Processing /opt/airflow/dags/olist_pipeline.py took 0.828 seconds
[2026-07-22T02:42:44.967+0000] {processor.py:186} INFO - Started process (PID=359) to work on /opt/airflow/dags/olist_pipeline.py
[2026-07-22T02:42:44.969+0000] {processor.py:914} INFO - Processing file /opt/airflow/dags/olist_pipeline.py for tasks to queue
[2026-07-22T02:42:44.971+0000] {logging_mixin.py:190} INFO - [2026-07-22T02:42:44.970+0000] {dagbag.py:588} INFO - Filling up the DagBag from /opt/airflow/dags/olist_pipeline.py
[2026-07-22T02:42:45.844+0000] {processor.py:925} INFO - DAG(s) 'olist_gcp_data_engineering_pipeline' retrieved from /opt/airflow/dags/olist_pipeline.py
[2026-07-22T02:42:45.865+0000] {logging_mixin.py:190} INFO - [2026-07-22T02:42:45.865+0000] {dag.py:3239} INFO - Sync 1 DAGs
[2026-07-22T02:42:45.873+0000] {logging_mixin.py:190} INFO - [2026-07-22T02:42:45.873+0000] {dag.py:4180} INFO - Setting next_dagrun for olist_gcp_data_engineering_pipeline to None, run_after=None
[2026-07-22T02:42:45.882+0000] {processor.py:208} INFO - Processing /opt/airflow/dags/olist_pipeline.py took 0.923 seconds
[2026-07-22T02:43:16.261+0000] {processor.py:186} INFO - Started process (PID=365) to work on /opt/airflow/dags/olist_pipeline.py
[2026-07-22T02:43:16.263+0000] {processor.py:914} INFO - Processing file /opt/airflow/dags/olist_pipeline.py for tasks to queue
[2026-07-22T02:43:16.267+0000] {logging_mixin.py:190} INFO - [2026-07-22T02:43:16.266+0000] {dagbag.py:588} INFO - Filling up the DagBag from /opt/airflow/dags/olist_pipeline.py
[2026-07-22T02:43:17.075+0000] {processor.py:925} INFO - DAG(s) 'olist_gcp_data_engineering_pipeline' retrieved from /opt/airflow/dags/olist_pipeline.py
[2026-07-22T02:43:17.095+0000] {logging_mixin.py:190} INFO - [2026-07-22T02:43:17.094+0000] {dag.py:3239} INFO - Sync 1 DAGs
[2026-07-22T02:43:17.103+0000] {logging_mixin.py:190} INFO - [2026-07-22T02:43:17.102+0000] {dag.py:4180} INFO - Setting next_dagrun for olist_gcp_data_engineering_pipeline to None, run_after=None
[2026-07-22T02:43:17.114+0000] {processor.py:208} INFO - Processing /opt/airflow/dags/olist_pipeline.py took 0.862 seconds
[2026-07-22T02:43:47.465+0000] {processor.py:186} INFO - Started process (PID=371) to work on /opt/airflow/dags/olist_pipeline.py
[2026-07-22T02:43:47.467+0000] {processor.py:914} INFO - Processing file /opt/airflow/dags/olist_pipeline.py for tasks to queue
[2026-07-22T02:43:47.469+0000] {logging_mixin.py:190} INFO - [2026-07-22T02:43:47.468+0000] {dagbag.py:588} INFO - Filling up the DagBag from /opt/airflow/dags/olist_pipeline.py
[2026-07-22T02:43:48.245+0000] {processor.py:925} INFO - DAG(s) 'olist_gcp_data_engineering_pipeline' retrieved from /opt/airflow/dags/olist_pipeline.py
[2026-07-22T02:43:48.264+0000] {logging_mixin.py:190} INFO - [2026-07-22T02:43:48.264+0000] {dag.py:3239} INFO - Sync 1 DAGs
[2026-07-22T02:43:48.274+0000] {logging_mixin.py:190} INFO - [2026-07-22T02:43:48.273+0000] {dag.py:4180} INFO - Setting next_dagrun for olist_gcp_data_engineering_pipeline to None, run_after=None
[2026-07-22T02:43:48.285+0000] {processor.py:208} INFO - Processing /opt/airflow/dags/olist_pipeline.py took 0.826 seconds
[2026-07-22T02:44:18.626+0000] {processor.py:186} INFO - Started process (PID=377) to work on /opt/airflow/dags/olist_pipeline.py
[2026-07-22T02:44:18.626+0000] {processor.py:914} INFO - Processing file /opt/airflow/dags/olist_pipeline.py for tasks to queue
[2026-07-22T02:44:18.628+0000] {logging_mixin.py:190} INFO - [2026-07-22T02:44:18.628+0000] {dagbag.py:588} INFO - Filling up the DagBag from /opt/airflow/dags/olist_pipeline.py
[2026-07-22T02:44:19.471+0000] {processor.py:925} INFO - DAG(s) 'olist_gcp_data_engineering_pipeline' retrieved from /opt/airflow/dags/olist_pipeline.py
[2026-07-22T02:44:19.493+0000] {logging_mixin.py:190} INFO - [2026-07-22T02:44:19.492+0000] {dag.py:3239} INFO - Sync 1 DAGs
[2026-07-22T02:44:19.502+0000] {logging_mixin.py:190} INFO - [2026-07-22T02:44:19.501+0000] {dag.py:4180} INFO - Setting next_dagrun for olist_gcp_data_engineering_pipeline to None, run_after=None
[2026-07-22T02:44:19.513+0000] {processor.py:208} INFO - Processing /opt/airflow/dags/olist_pipeline.py took 0.890 seconds
[2026-07-22T02:44:49.624+0000] {processor.py:186} INFO - Started process (PID=383) to work on /opt/airflow/dags/olist_pipeline.py
[2026-07-22T02:44:49.625+0000] {processor.py:914} INFO - Processing file /opt/airflow/dags/olist_pipeline.py for tasks to queue
[2026-07-22T02:44:49.627+0000] {logging_mixin.py:190} INFO - [2026-07-22T02:44:49.627+0000] {dagbag.py:588} INFO - Filling up the DagBag from /opt/airflow/dags/olist_pipeline.py
[2026-07-22T02:44:50.462+0000] {processor.py:925} INFO - DAG(s) 'olist_gcp_data_engineering_pipeline' retrieved from /opt/airflow/dags/olist_pipeline.py
[2026-07-22T02:44:50.485+0000] {logging_mixin.py:190} INFO - [2026-07-22T02:44:50.484+0000] {dag.py:3239} INFO - Sync 1 DAGs
[2026-07-22T02:44:50.493+0000] {logging_mixin.py:190} INFO - [2026-07-22T02:44:50.493+0000] {dag.py:4180} INFO - Setting next_dagrun for olist_gcp_data_engineering_pipeline to None, run_after=None
[2026-07-22T02:44:50.504+0000] {processor.py:208} INFO - Processing /opt/airflow/dags/olist_pipeline.py took 0.887 seconds
[2026-07-22T02:45:20.894+0000] {processor.py:186} INFO - Started process (PID=389) to work on /opt/airflow/dags/olist_pipeline.py
[2026-07-22T02:45:20.896+0000] {processor.py:914} INFO - Processing file /opt/airflow/dags/olist_pipeline.py for tasks to queue
[2026-07-22T02:45:20.899+0000] {logging_mixin.py:190} INFO - [2026-07-22T02:45:20.899+0000] {dagbag.py:588} INFO - Filling up the DagBag from /opt/airflow/dags/olist_pipeline.py
[2026-07-22T02:45:21.705+0000] {processor.py:925} INFO - DAG(s) 'olist_gcp_data_engineering_pipeline' retrieved from /opt/airflow/dags/olist_pipeline.py
[2026-07-22T02:45:21.722+0000] {logging_mixin.py:190} INFO - [2026-07-22T02:45:21.722+0000] {dag.py:3239} INFO - Sync 1 DAGs
[2026-07-22T02:45:21.730+0000] {logging_mixin.py:190} INFO - [2026-07-22T02:45:21.730+0000] {dag.py:4180} INFO - Setting next_dagrun for olist_gcp_data_engineering_pipeline to None, run_after=None
[2026-07-22T02:45:21.740+0000] {processor.py:208} INFO - Processing /opt/airflow/dags/olist_pipeline.py took 0.856 seconds
[2026-07-22T02:45:52.134+0000] {processor.py:186} INFO - Started process (PID=395) to work on /opt/airflow/dags/olist_pipeline.py
[2026-07-22T02:45:52.135+0000] {processor.py:914} INFO - Processing file /opt/airflow/dags/olist_pipeline.py for tasks to queue
[2026-07-22T02:45:52.137+0000] {logging_mixin.py:190} INFO - [2026-07-22T02:45:52.137+0000] {dagbag.py:588} INFO - Filling up the DagBag from /opt/airflow/dags/olist_pipeline.py
[2026-07-22T02:45:52.967+0000] {processor.py:925} INFO - DAG(s) 'olist_gcp_data_engineering_pipeline' retrieved from /opt/airflow/dags/olist_pipeline.py
[2026-07-22T02:45:52.987+0000] {logging_mixin.py:190} INFO - [2026-07-22T02:45:52.987+0000] {dag.py:3239} INFO - Sync 1 DAGs
[2026-07-22T02:45:52.996+0000] {logging_mixin.py:190} INFO - [2026-07-22T02:45:52.995+0000] {dag.py:4180} INFO - Setting next_dagrun for olist_gcp_data_engineering_pipeline to None, run_after=None
[2026-07-22T02:45:53.008+0000] {processor.py:208} INFO - Processing /opt/airflow/dags/olist_pipeline.py took 0.882 seconds
[2026-07-22T02:46:23.395+0000] {processor.py:186} INFO - Started process (PID=401) to work on /opt/airflow/dags/olist_pipeline.py
[2026-07-22T02:46:23.397+0000] {processor.py:914} INFO - Processing file /opt/airflow/dags/olist_pipeline.py for tasks to queue
[2026-07-22T02:46:23.399+0000] {logging_mixin.py:190} INFO - [2026-07-22T02:46:23.399+0000] {dagbag.py:588} INFO - Filling up the DagBag from /opt/airflow/dags/olist_pipeline.py
[2026-07-22T02:46:24.176+0000] {processor.py:925} INFO - DAG(s) 'olist_gcp_data_engineering_pipeline' retrieved from /opt/airflow/dags/olist_pipeline.py
[2026-07-22T02:46:24.195+0000] {logging_mixin.py:190} INFO - [2026-07-22T02:46:24.195+0000] {dag.py:3239} INFO - Sync 1 DAGs
[2026-07-22T02:46:24.204+0000] {logging_mixin.py:190} INFO - [2026-07-22T02:46:24.204+0000] {dag.py:4180} INFO - Setting next_dagrun for olist_gcp_data_engineering_pipeline to None, run_after=None
[2026-07-22T02:46:24.214+0000] {processor.py:208} INFO - Processing /opt/airflow/dags/olist_pipeline.py took 0.825 seconds
[2026-07-22T02:46:54.563+0000] {processor.py:186} INFO - Started process (PID=407) to work on /opt/airflow/dags/olist_pipeline.py
[2026-07-22T02:46:54.564+0000] {processor.py:914} INFO - Processing file /opt/airflow/dags/olist_pipeline.py for tasks to queue
[2026-07-22T02:46:54.566+0000] {logging_mixin.py:190} INFO - [2026-07-22T02:46:54.565+0000] {dagbag.py:588} INFO - Filling up the DagBag from /opt/airflow/dags/olist_pipeline.py
[2026-07-22T02:46:55.343+0000] {processor.py:925} INFO - DAG(s) 'olist_gcp_data_engineering_pipeline' retrieved from /opt/airflow/dags/olist_pipeline.py
[2026-07-22T02:46:55.360+0000] {logging_mixin.py:190} INFO - [2026-07-22T02:46:55.359+0000] {dag.py:3239} INFO - Sync 1 DAGs
[2026-07-22T02:46:55.368+0000] {logging_mixin.py:190} INFO - [2026-07-22T02:46:55.368+0000] {dag.py:4180} INFO - Setting next_dagrun for olist_gcp_data_engineering_pipeline to None, run_after=None
[2026-07-22T02:46:55.377+0000] {processor.py:208} INFO - Processing /opt/airflow/dags/olist_pipeline.py took 0.821 seconds
[2026-07-22T02:47:25.432+0000] {processor.py:186} INFO - Started process (PID=413) to work on /opt/airflow/dags/olist_pipeline.py
[2026-07-22T02:47:25.433+0000] {processor.py:914} INFO - Processing file /opt/airflow/dags/olist_pipeline.py for tasks to queue
[2026-07-22T02:47:25.435+0000] {logging_mixin.py:190} INFO - [2026-07-22T02:47:25.434+0000] {dagbag.py:588} INFO - Filling up the DagBag from /opt/airflow/dags/olist_pipeline.py
[2026-07-22T02:47:26.201+0000] {processor.py:925} INFO - DAG(s) 'olist_gcp_data_engineering_pipeline' retrieved from /opt/airflow/dags/olist_pipeline.py
[2026-07-22T02:47:26.221+0000] {logging_mixin.py:190} INFO - [2026-07-22T02:47:26.221+0000] {dag.py:3239} INFO - Sync 1 DAGs
[2026-07-22T02:47:26.230+0000] {logging_mixin.py:190} INFO - [2026-07-22T02:47:26.229+0000] {dag.py:4180} INFO - Setting next_dagrun for olist_gcp_data_engineering_pipeline to None, run_after=None
[2026-07-22T02:47:26.240+0000] {processor.py:208} INFO - Processing /opt/airflow/dags/olist_pipeline.py took 0.813 seconds
[2026-07-22T02:47:56.602+0000] {processor.py:186} INFO - Started process (PID=419) to work on /opt/airflow/dags/olist_pipeline.py
[2026-07-22T02:47:56.603+0000] {processor.py:914} INFO - Processing file /opt/airflow/dags/olist_pipeline.py for tasks to queue
[2026-07-22T02:47:56.604+0000] {logging_mixin.py:190} INFO - [2026-07-22T02:47:56.604+0000] {dagbag.py:588} INFO - Filling up the DagBag from /opt/airflow/dags/olist_pipeline.py
[2026-07-22T02:47:57.439+0000] {processor.py:925} INFO - DAG(s) 'olist_gcp_data_engineering_pipeline' retrieved from /opt/airflow/dags/olist_pipeline.py
[2026-07-22T02:47:57.462+0000] {logging_mixin.py:190} INFO - [2026-07-22T02:47:57.461+0000] {dag.py:3239} INFO - Sync 1 DAGs
[2026-07-22T02:47:57.470+0000] {logging_mixin.py:190} INFO - [2026-07-22T02:47:57.470+0000] {dag.py:4180} INFO - Setting next_dagrun for olist_gcp_data_engineering_pipeline to None, run_after=None
[2026-07-22T02:47:57.481+0000] {processor.py:208} INFO - Processing /opt/airflow/dags/olist_pipeline.py took 0.884 seconds
[2026-07-22T02:48:27.805+0000] {processor.py:186} INFO - Started process (PID=425) to work on /opt/airflow/dags/olist_pipeline.py
[2026-07-22T02:48:27.806+0000] {processor.py:914} INFO - Processing file /opt/airflow/dags/olist_pipeline.py for tasks to queue
[2026-07-22T02:48:27.808+0000] {logging_mixin.py:190} INFO - [2026-07-22T02:48:27.808+0000] {dagbag.py:588} INFO - Filling up the DagBag from /opt/airflow/dags/olist_pipeline.py
[2026-07-22T02:48:28.566+0000] {processor.py:925} INFO - DAG(s) 'olist_gcp_data_engineering_pipeline' retrieved from /opt/airflow/dags/olist_pipeline.py
[2026-07-22T02:48:28.586+0000] {logging_mixin.py:190} INFO - [2026-07-22T02:48:28.586+0000] {dag.py:3239} INFO - Sync 1 DAGs
[2026-07-22T02:48:28.595+0000] {logging_mixin.py:190} INFO - [2026-07-22T02:48:28.594+0000] {dag.py:4180} INFO - Setting next_dagrun for olist_gcp_data_engineering_pipeline to None, run_after=None
[2026-07-22T02:48:28.605+0000] {processor.py:208} INFO - Processing /opt/airflow/dags/olist_pipeline.py took 0.807 seconds
[2026-07-22T02:48:58.702+0000] {processor.py:186} INFO - Started process (PID=431) to work on /opt/airflow/dags/olist_pipeline.py
[2026-07-22T02:48:58.703+0000] {processor.py:914} INFO - Processing file /opt/airflow/dags/olist_pipeline.py for tasks to queue
[2026-07-22T02:48:58.705+0000] {logging_mixin.py:190} INFO - [2026-07-22T02:48:58.704+0000] {dagbag.py:588} INFO - Filling up the DagBag from /opt/airflow/dags/olist_pipeline.py
[2026-07-22T02:48:59.453+0000] {processor.py:925} INFO - DAG(s) 'olist_gcp_data_engineering_pipeline' retrieved from /opt/airflow/dags/olist_pipeline.py
[2026-07-22T02:48:59.472+0000] {logging_mixin.py:190} INFO - [2026-07-22T02:48:59.472+0000] {dag.py:3239} INFO - Sync 1 DAGs
[2026-07-22T02:48:59.481+0000] {logging_mixin.py:190} INFO - [2026-07-22T02:48:59.480+0000] {dag.py:4180} INFO - Setting next_dagrun for olist_gcp_data_engineering_pipeline to None, run_after=None
[2026-07-22T02:48:59.492+0000] {processor.py:208} INFO - Processing /opt/airflow/dags/olist_pipeline.py took 0.795 seconds
[2026-07-22T02:49:29.844+0000] {processor.py:186} INFO - Started process (PID=437) to work on /opt/airflow/dags/olist_pipeline.py
[2026-07-22T02:49:29.845+0000] {processor.py:914} INFO - Processing file /opt/airflow/dags/olist_pipeline.py for tasks to queue
[2026-07-22T02:49:29.847+0000] {logging_mixin.py:190} INFO - [2026-07-22T02:49:29.847+0000] {dagbag.py:588} INFO - Filling up the DagBag from /opt/airflow/dags/olist_pipeline.py
[2026-07-22T02:49:30.629+0000] {processor.py:925} INFO - DAG(s) 'olist_gcp_data_engineering_pipeline' retrieved from /opt/airflow/dags/olist_pipeline.py
[2026-07-22T02:49:30.647+0000] {logging_mixin.py:190} INFO - [2026-07-22T02:49:30.647+0000] {dag.py:3239} INFO - Sync 1 DAGs
[2026-07-22T02:49:30.655+0000] {logging_mixin.py:190} INFO - [2026-07-22T02:49:30.655+0000] {dag.py:4180} INFO - Setting next_dagrun for olist_gcp_data_engineering_pipeline to None, run_after=None
[2026-07-22T02:49:30.664+0000] {processor.py:208} INFO - Processing /opt/airflow/dags/olist_pipeline.py took 0.828 seconds
[2026-07-22T02:50:01.003+0000] {processor.py:186} INFO - Started process (PID=443) to work on /opt/airflow/dags/olist_pipeline.py
[2026-07-22T02:50:01.004+0000] {processor.py:914} INFO - Processing file /opt/airflow/dags/olist_pipeline.py for tasks to queue
[2026-07-22T02:50:01.006+0000] {logging_mixin.py:190} INFO - [2026-07-22T02:50:01.006+0000] {dagbag.py:588} INFO - Filling up the DagBag from /opt/airflow/dags/olist_pipeline.py
[2026-07-22T02:50:01.801+0000] {processor.py:925} INFO - DAG(s) 'olist_gcp_data_engineering_pipeline' retrieved from /opt/airflow/dags/olist_pipeline.py
[2026-07-22T02:50:01.820+0000] {logging_mixin.py:190} INFO - [2026-07-22T02:50:01.819+0000] {dag.py:3239} INFO - Sync 1 DAGs
[2026-07-22T02:50:01.827+0000] {logging_mixin.py:190} INFO - [2026-07-22T02:50:01.827+0000] {dag.py:4180} INFO - Setting next_dagrun for olist_gcp_data_engineering_pipeline to None, run_after=None
[2026-07-22T02:50:01.837+0000] {processor.py:208} INFO - Processing /opt/airflow/dags/olist_pipeline.py took 0.840 seconds
[2026-07-22T02:50:31.912+0000] {processor.py:186} INFO - Started process (PID=449) to work on /opt/airflow/dags/olist_pipeline.py
[2026-07-22T02:50:31.913+0000] {processor.py:914} INFO - Processing file /opt/airflow/dags/olist_pipeline.py for tasks to queue
[2026-07-22T02:50:31.916+0000] {logging_mixin.py:190} INFO - [2026-07-22T02:50:31.915+0000] {dagbag.py:588} INFO - Filling up the DagBag from /opt/airflow/dags/olist_pipeline.py
[2026-07-22T02:50:32.668+0000] {processor.py:925} INFO - DAG(s) 'olist_gcp_data_engineering_pipeline' retrieved from /opt/airflow/dags/olist_pipeline.py
[2026-07-22T02:50:32.688+0000] {logging_mixin.py:190} INFO - [2026-07-22T02:50:32.688+0000] {dag.py:3239} INFO - Sync 1 DAGs
[2026-07-22T02:50:32.696+0000] {logging_mixin.py:190} INFO - [2026-07-22T02:50:32.696+0000] {dag.py:4180} INFO - Setting next_dagrun for olist_gcp_data_engineering_pipeline to None, run_after=None
[2026-07-22T02:50:32.707+0000] {processor.py:208} INFO - Processing /opt/airflow/dags/olist_pipeline.py took 0.801 seconds
[2026-07-22T02:51:03.146+0000] {processor.py:186} INFO - Started process (PID=455) to work on /opt/airflow/dags/olist_pipeline.py
[2026-07-22T02:51:03.147+0000] {processor.py:914} INFO - Processing file /opt/airflow/dags/olist_pipeline.py for tasks to queue
[2026-07-22T02:51:03.149+0000] {logging_mixin.py:190} INFO - [2026-07-22T02:51:03.148+0000] {dagbag.py:588} INFO - Filling up the DagBag from /opt/airflow/dags/olist_pipeline.py
[2026-07-22T02:51:03.917+0000] {processor.py:925} INFO - DAG(s) 'olist_gcp_data_engineering_pipeline' retrieved from /opt/airflow/dags/olist_pipeline.py
[2026-07-22T02:51:03.936+0000] {logging_mixin.py:190} INFO - [2026-07-22T02:51:03.936+0000] {dag.py:3239} INFO - Sync 1 DAGs
[2026-07-22T02:51:03.943+0000] {logging_mixin.py:190} INFO - [2026-07-22T02:51:03.943+0000] {dag.py:4180} INFO - Setting next_dagrun for olist_gcp_data_engineering_pipeline to None, run_after=None
[2026-07-22T02:51:03.952+0000] {processor.py:208} INFO - Processing /opt/airflow/dags/olist_pipeline.py took 0.813 seconds
[2026-07-22T02:51:34.470+0000] {processor.py:186} INFO - Started process (PID=461) to work on /opt/airflow/dags/olist_pipeline.py
[2026-07-22T02:51:34.471+0000] {processor.py:914} INFO - Processing file /opt/airflow/dags/olist_pipeline.py for tasks to queue
[2026-07-22T02:51:34.474+0000] {logging_mixin.py:190} INFO - [2026-07-22T02:51:34.474+0000] {dagbag.py:588} INFO - Filling up the DagBag from /opt/airflow/dags/olist_pipeline.py
[2026-07-22T02:51:35.246+0000] {processor.py:925} INFO - DAG(s) 'olist_gcp_data_engineering_pipeline' retrieved from /opt/airflow/dags/olist_pipeline.py
[2026-07-22T02:51:35.266+0000] {logging_mixin.py:190} INFO - [2026-07-22T02:51:35.265+0000] {dag.py:3239} INFO - Sync 1 DAGs
[2026-07-22T02:51:35.273+0000] {logging_mixin.py:190} INFO - [2026-07-22T02:51:35.273+0000] {dag.py:4180} INFO - Setting next_dagrun for olist_gcp_data_engineering_pipeline to None, run_after=None
[2026-07-22T02:51:35.284+0000] {processor.py:208} INFO - Processing /opt/airflow/dags/olist_pipeline.py took 0.822 seconds
[2026-07-22T02:52:05.734+0000] {processor.py:186} INFO - Started process (PID=467) to work on /opt/airflow/dags/olist_pipeline.py
[2026-07-22T02:52:05.735+0000] {processor.py:914} INFO - Processing file /opt/airflow/dags/olist_pipeline.py for tasks to queue
[2026-07-22T02:52:05.737+0000] {logging_mixin.py:190} INFO - [2026-07-22T02:52:05.737+0000] {dagbag.py:588} INFO - Filling up the DagBag from /opt/airflow/dags/olist_pipeline.py
[2026-07-22T02:52:06.522+0000] {processor.py:925} INFO - DAG(s) 'olist_gcp_data_engineering_pipeline' retrieved from /opt/airflow/dags/olist_pipeline.py
[2026-07-22T02:52:06.541+0000] {logging_mixin.py:190} INFO - [2026-07-22T02:52:06.540+0000] {dag.py:3239} INFO - Sync 1 DAGs
[2026-07-22T02:52:06.549+0000] {logging_mixin.py:190} INFO - [2026-07-22T02:52:06.549+0000] {dag.py:4180} INFO - Setting next_dagrun for olist_gcp_data_engineering_pipeline to None, run_after=None
[2026-07-22T02:52:06.558+0000] {processor.py:208} INFO - Processing /opt/airflow/dags/olist_pipeline.py took 0.831 seconds
[2026-07-22T02:52:36.658+0000] {processor.py:186} INFO - Started process (PID=473) to work on /opt/airflow/dags/olist_pipeline.py
[2026-07-22T02:52:36.658+0000] {processor.py:914} INFO - Processing file /opt/airflow/dags/olist_pipeline.py for tasks to queue
[2026-07-22T02:52:36.660+0000] {logging_mixin.py:190} INFO - [2026-07-22T02:52:36.659+0000] {dagbag.py:588} INFO - Filling up the DagBag from /opt/airflow/dags/olist_pipeline.py
[2026-07-22T02:52:37.459+0000] {processor.py:925} INFO - DAG(s) 'olist_gcp_data_engineering_pipeline' retrieved from /opt/airflow/dags/olist_pipeline.py
[2026-07-22T02:52:37.479+0000] {logging_mixin.py:190} INFO - [2026-07-22T02:52:37.478+0000] {dag.py:3239} INFO - Sync 1 DAGs
[2026-07-22T02:52:37.486+0000] {logging_mixin.py:190} INFO - [2026-07-22T02:52:37.486+0000] {dag.py:4180} INFO - Setting next_dagrun for olist_gcp_data_engineering_pipeline to None, run_after=None
[2026-07-22T02:52:37.495+0000] {processor.py:208} INFO - Processing /opt/airflow/dags/olist_pipeline.py took 0.844 seconds
[2026-07-22T02:53:07.929+0000] {processor.py:186} INFO - Started process (PID=479) to work on /opt/airflow/dags/olist_pipeline.py
[2026-07-22T02:53:07.930+0000] {processor.py:914} INFO - Processing file /opt/airflow/dags/olist_pipeline.py for tasks to queue
[2026-07-22T02:53:07.932+0000] {logging_mixin.py:190} INFO - [2026-07-22T02:53:07.932+0000] {dagbag.py:588} INFO - Filling up the DagBag from /opt/airflow/dags/olist_pipeline.py
[2026-07-22T02:53:08.821+0000] {processor.py:925} INFO - DAG(s) 'olist_gcp_data_engineering_pipeline' retrieved from /opt/airflow/dags/olist_pipeline.py
[2026-07-22T02:53:08.841+0000] {logging_mixin.py:190} INFO - [2026-07-22T02:53:08.841+0000] {dag.py:3239} INFO - Sync 1 DAGs
[2026-07-22T02:53:08.849+0000] {logging_mixin.py:190} INFO - [2026-07-22T02:53:08.848+0000] {dag.py:4180} INFO - Setting next_dagrun for olist_gcp_data_engineering_pipeline to None, run_after=None
[2026-07-22T02:53:08.858+0000] {processor.py:208} INFO - Processing /opt/airflow/dags/olist_pipeline.py took 0.938 seconds
[2026-07-22T02:53:39.243+0000] {processor.py:186} INFO - Started process (PID=485) to work on /opt/airflow/dags/olist_pipeline.py
[2026-07-22T02:53:39.244+0000] {processor.py:914} INFO - Processing file /opt/airflow/dags/olist_pipeline.py for tasks to queue
[2026-07-22T02:53:39.247+0000] {logging_mixin.py:190} INFO - [2026-07-22T02:53:39.247+0000] {dagbag.py:588} INFO - Filling up the DagBag from /opt/airflow/dags/olist_pipeline.py
[2026-07-22T02:53:40.045+0000] {processor.py:925} INFO - DAG(s) 'olist_gcp_data_engineering_pipeline' retrieved from /opt/airflow/dags/olist_pipeline.py
[2026-07-22T02:53:40.062+0000] {logging_mixin.py:190} INFO - [2026-07-22T02:53:40.061+0000] {dag.py:3239} INFO - Sync 1 DAGs
[2026-07-22T02:53:40.069+0000] {logging_mixin.py:190} INFO - [2026-07-22T02:53:40.069+0000] {dag.py:4180} INFO - Setting next_dagrun for olist_gcp_data_engineering_pipeline to None, run_after=None
[2026-07-22T02:53:40.079+0000] {processor.py:208} INFO - Processing /opt/airflow/dags/olist_pipeline.py took 0.845 seconds
[2026-07-22T02:54:10.445+0000] {processor.py:186} INFO - Started process (PID=491) to work on /opt/airflow/dags/olist_pipeline.py
[2026-07-22T02:54:10.446+0000] {processor.py:914} INFO - Processing file /opt/airflow/dags/olist_pipeline.py for tasks to queue
[2026-07-22T02:54:10.448+0000] {logging_mixin.py:190} INFO - [2026-07-22T02:54:10.448+0000] {dagbag.py:588} INFO - Filling up the DagBag from /opt/airflow/dags/olist_pipeline.py
[2026-07-22T02:54:11.273+0000] {processor.py:925} INFO - DAG(s) 'olist_gcp_data_engineering_pipeline' retrieved from /opt/airflow/dags/olist_pipeline.py
[2026-07-22T02:54:11.292+0000] {logging_mixin.py:190} INFO - [2026-07-22T02:54:11.291+0000] {dag.py:3239} INFO - Sync 1 DAGs
[2026-07-22T02:54:11.299+0000] {logging_mixin.py:190} INFO - [2026-07-22T02:54:11.299+0000] {dag.py:4180} INFO - Setting next_dagrun for olist_gcp_data_engineering_pipeline to None, run_after=None
[2026-07-22T02:54:11.309+0000] {processor.py:208} INFO - Processing /opt/airflow/dags/olist_pipeline.py took 0.871 seconds
[2026-07-22T02:54:41.679+0000] {processor.py:186} INFO - Started process (PID=497) to work on /opt/airflow/dags/olist_pipeline.py
[2026-07-22T02:54:41.680+0000] {processor.py:914} INFO - Processing file /opt/airflow/dags/olist_pipeline.py for tasks to queue
[2026-07-22T02:54:41.681+0000] {logging_mixin.py:190} INFO - [2026-07-22T02:54:41.681+0000] {dagbag.py:588} INFO - Filling up the DagBag from /opt/airflow/dags/olist_pipeline.py
[2026-07-22T02:54:42.465+0000] {processor.py:925} INFO - DAG(s) 'olist_gcp_data_engineering_pipeline' retrieved from /opt/airflow/dags/olist_pipeline.py
[2026-07-22T02:54:42.486+0000] {logging_mixin.py:190} INFO - [2026-07-22T02:54:42.485+0000] {dag.py:3239} INFO - Sync 1 DAGs
[2026-07-22T02:54:42.494+0000] {logging_mixin.py:190} INFO - [2026-07-22T02:54:42.494+0000] {dag.py:4180} INFO - Setting next_dagrun for olist_gcp_data_engineering_pipeline to None, run_after=None
[2026-07-22T02:54:42.505+0000] {processor.py:208} INFO - Processing /opt/airflow/dags/olist_pipeline.py took 0.832 seconds
[2026-07-22T02:55:12.648+0000] {processor.py:186} INFO - Started process (PID=503) to work on /opt/airflow/dags/olist_pipeline.py
[2026-07-22T02:55:12.649+0000] {processor.py:914} INFO - Processing file /opt/airflow/dags/olist_pipeline.py for tasks to queue
[2026-07-22T02:55:12.651+0000] {logging_mixin.py:190} INFO - [2026-07-22T02:55:12.651+0000] {dagbag.py:588} INFO - Filling up the DagBag from /opt/airflow/dags/olist_pipeline.py
[2026-07-22T02:55:13.458+0000] {processor.py:925} INFO - DAG(s) 'olist_gcp_data_engineering_pipeline' retrieved from /opt/airflow/dags/olist_pipeline.py
[2026-07-22T02:55:13.477+0000] {logging_mixin.py:190} INFO - [2026-07-22T02:55:13.477+0000] {dag.py:3239} INFO - Sync 1 DAGs
[2026-07-22T02:55:13.487+0000] {logging_mixin.py:190} INFO - [2026-07-22T02:55:13.487+0000] {dag.py:4180} INFO - Setting next_dagrun for olist_gcp_data_engineering_pipeline to None, run_after=None
[2026-07-22T02:55:13.497+0000] {processor.py:208} INFO - Processing /opt/airflow/dags/olist_pipeline.py took 0.854 seconds
[2026-07-22T02:55:43.872+0000] {processor.py:186} INFO - Started process (PID=509) to work on /opt/airflow/dags/olist_pipeline.py
[2026-07-22T02:55:43.873+0000] {processor.py:914} INFO - Processing file /opt/airflow/dags/olist_pipeline.py for tasks to queue
[2026-07-22T02:55:43.878+0000] {logging_mixin.py:190} INFO - [2026-07-22T02:55:43.877+0000] {dagbag.py:588} INFO - Filling up the DagBag from /opt/airflow/dags/olist_pipeline.py
[2026-07-22T02:55:44.789+0000] {processor.py:925} INFO - DAG(s) 'olist_gcp_data_engineering_pipeline' retrieved from /opt/airflow/dags/olist_pipeline.py
[2026-07-22T02:55:44.813+0000] {logging_mixin.py:190} INFO - [2026-07-22T02:55:44.813+0000] {dag.py:3239} INFO - Sync 1 DAGs
[2026-07-22T02:55:44.822+0000] {logging_mixin.py:190} INFO - [2026-07-22T02:55:44.822+0000] {dag.py:4180} INFO - Setting next_dagrun for olist_gcp_data_engineering_pipeline to None, run_after=None
[2026-07-22T02:55:44.832+0000] {processor.py:208} INFO - Processing /opt/airflow/dags/olist_pipeline.py took 0.970 seconds
[2026-07-22T02:56:15.233+0000] {processor.py:186} INFO - Started process (PID=515) to work on /opt/airflow/dags/olist_pipeline.py
[2026-07-22T02:56:15.234+0000] {processor.py:914} INFO - Processing file /opt/airflow/dags/olist_pipeline.py for tasks to queue
[2026-07-22T02:56:15.237+0000] {logging_mixin.py:190} INFO - [2026-07-22T02:56:15.236+0000] {dagbag.py:588} INFO - Filling up the DagBag from /opt/airflow/dags/olist_pipeline.py
[2026-07-22T02:56:16.060+0000] {processor.py:925} INFO - DAG(s) 'olist_gcp_data_engineering_pipeline' retrieved from /opt/airflow/dags/olist_pipeline.py
[2026-07-22T02:56:16.079+0000] {logging_mixin.py:190} INFO - [2026-07-22T02:56:16.079+0000] {dag.py:3239} INFO - Sync 1 DAGs
[2026-07-22T02:56:16.087+0000] {logging_mixin.py:190} INFO - [2026-07-22T02:56:16.087+0000] {dag.py:4180} INFO - Setting next_dagrun for olist_gcp_data_engineering_pipeline to None, run_after=None
[2026-07-22T02:56:16.096+0000] {processor.py:208} INFO - Processing /opt/airflow/dags/olist_pipeline.py took 0.870 seconds
[2026-07-22T02:56:46.488+0000] {processor.py:186} INFO - Started process (PID=521) to work on /opt/airflow/dags/olist_pipeline.py
[2026-07-22T02:56:46.489+0000] {processor.py:914} INFO - Processing file /opt/airflow/dags/olist_pipeline.py for tasks to queue
[2026-07-22T02:56:46.491+0000] {logging_mixin.py:190} INFO - [2026-07-22T02:56:46.491+0000] {dagbag.py:588} INFO - Filling up the DagBag from /opt/airflow/dags/olist_pipeline.py
[2026-07-22T02:56:47.344+0000] {processor.py:925} INFO - DAG(s) 'olist_gcp_data_engineering_pipeline' retrieved from /opt/airflow/dags/olist_pipeline.py
[2026-07-22T02:56:47.362+0000] {logging_mixin.py:190} INFO - [2026-07-22T02:56:47.362+0000] {dag.py:3239} INFO - Sync 1 DAGs
[2026-07-22T02:56:47.369+0000] {logging_mixin.py:190} INFO - [2026-07-22T02:56:47.369+0000] {dag.py:4180} INFO - Setting next_dagrun for olist_gcp_data_engineering_pipeline to None, run_after=None
[2026-07-22T02:56:47.379+0000] {processor.py:208} INFO - Processing /opt/airflow/dags/olist_pipeline.py took 0.898 seconds
[2026-07-22T02:57:17.747+0000] {processor.py:186} INFO - Started process (PID=527) to work on /opt/airflow/dags/olist_pipeline.py
[2026-07-22T02:57:17.748+0000] {processor.py:914} INFO - Processing file /opt/airflow/dags/olist_pipeline.py for tasks to queue
[2026-07-22T02:57:17.750+0000] {logging_mixin.py:190} INFO - [2026-07-22T02:57:17.750+0000] {dagbag.py:588} INFO - Filling up the DagBag from /opt/airflow/dags/olist_pipeline.py
[2026-07-22T02:57:18.524+0000] {processor.py:925} INFO - DAG(s) 'olist_gcp_data_engineering_pipeline' retrieved from /opt/airflow/dags/olist_pipeline.py
[2026-07-22T02:57:18.542+0000] {logging_mixin.py:190} INFO - [2026-07-22T02:57:18.542+0000] {dag.py:3239} INFO - Sync 1 DAGs
[2026-07-22T02:57:18.550+0000] {logging_mixin.py:190} INFO - [2026-07-22T02:57:18.550+0000] {dag.py:4180} INFO - Setting next_dagrun for olist_gcp_data_engineering_pipeline to None, run_after=None
[2026-07-22T02:57:18.561+0000] {processor.py:208} INFO - Processing /opt/airflow/dags/olist_pipeline.py took 0.821 seconds
[2026-07-22T02:57:48.885+0000] {processor.py:186} INFO - Started process (PID=533) to work on /opt/airflow/dags/olist_pipeline.py
[2026-07-22T02:57:48.886+0000] {processor.py:914} INFO - Processing file /opt/airflow/dags/olist_pipeline.py for tasks to queue
[2026-07-22T02:57:48.887+0000] {logging_mixin.py:190} INFO - [2026-07-22T02:57:48.887+0000] {dagbag.py:588} INFO - Filling up the DagBag from /opt/airflow/dags/olist_pipeline.py
[2026-07-22T02:57:49.766+0000] {processor.py:925} INFO - DAG(s) 'olist_gcp_data_engineering_pipeline' retrieved from /opt/airflow/dags/olist_pipeline.py
[2026-07-22T02:57:49.788+0000] {logging_mixin.py:190} INFO - [2026-07-22T02:57:49.787+0000] {dag.py:3239} INFO - Sync 1 DAGs
[2026-07-22T02:57:49.798+0000] {logging_mixin.py:190} INFO - [2026-07-22T02:57:49.798+0000] {dag.py:4180} INFO - Setting next_dagrun for olist_gcp_data_engineering_pipeline to None, run_after=None
[2026-07-22T02:57:49.809+0000] {processor.py:208} INFO - Processing /opt/airflow/dags/olist_pipeline.py took 0.931 seconds
[2026-07-22T02:58:20.146+0000] {processor.py:186} INFO - Started process (PID=539) to work on /opt/airflow/dags/olist_pipeline.py
[2026-07-22T02:58:20.146+0000] {processor.py:914} INFO - Processing file /opt/airflow/dags/olist_pipeline.py for tasks to queue
[2026-07-22T02:58:20.149+0000] {logging_mixin.py:190} INFO - [2026-07-22T02:58:20.148+0000] {dagbag.py:588} INFO - Filling up the DagBag from /opt/airflow/dags/olist_pipeline.py
[2026-07-22T02:58:20.926+0000] {processor.py:925} INFO - DAG(s) 'olist_gcp_data_engineering_pipeline' retrieved from /opt/airflow/dags/olist_pipeline.py
[2026-07-22T02:58:20.944+0000] {logging_mixin.py:190} INFO - [2026-07-22T02:58:20.944+0000] {dag.py:3239} INFO - Sync 1 DAGs
[2026-07-22T02:58:20.951+0000] {logging_mixin.py:190} INFO - [2026-07-22T02:58:20.951+0000] {dag.py:4180} INFO - Setting next_dagrun for olist_gcp_data_engineering_pipeline to None, run_after=None
[2026-07-22T02:58:20.960+0000] {processor.py:208} INFO - Processing /opt/airflow/dags/olist_pipeline.py took 0.821 seconds
[2026-07-22T02:58:51.139+0000] {processor.py:186} INFO - Started process (PID=545) to work on /opt/airflow/dags/olist_pipeline.py
[2026-07-22T02:58:51.139+0000] {processor.py:914} INFO - Processing file /opt/airflow/dags/olist_pipeline.py for tasks to queue
[2026-07-22T02:58:51.141+0000] {logging_mixin.py:190} INFO - [2026-07-22T02:58:51.140+0000] {dagbag.py:588} INFO - Filling up the DagBag from /opt/airflow/dags/olist_pipeline.py
[2026-07-22T02:58:51.885+0000] {processor.py:925} INFO - DAG(s) 'olist_gcp_data_engineering_pipeline' retrieved from /opt/airflow/dags/olist_pipeline.py
[2026-07-22T02:58:51.904+0000] {logging_mixin.py:190} INFO - [2026-07-22T02:58:51.904+0000] {dag.py:3239} INFO - Sync 1 DAGs
[2026-07-22T02:58:51.911+0000] {logging_mixin.py:190} INFO - [2026-07-22T02:58:51.911+0000] {dag.py:4180} INFO - Setting next_dagrun for olist_gcp_data_engineering_pipeline to None, run_after=None
[2026-07-22T02:58:51.921+0000] {processor.py:208} INFO - Processing /opt/airflow/dags/olist_pipeline.py took 0.786 seconds
[2026-07-22T02:59:22.272+0000] {processor.py:186} INFO - Started process (PID=551) to work on /opt/airflow/dags/olist_pipeline.py
[2026-07-22T02:59:22.273+0000] {processor.py:914} INFO - Processing file /opt/airflow/dags/olist_pipeline.py for tasks to queue
[2026-07-22T02:59:22.275+0000] {logging_mixin.py:190} INFO - [2026-07-22T02:59:22.275+0000] {dagbag.py:588} INFO - Filling up the DagBag from /opt/airflow/dags/olist_pipeline.py
[2026-07-22T02:59:23.084+0000] {processor.py:925} INFO - DAG(s) 'olist_gcp_data_engineering_pipeline' retrieved from /opt/airflow/dags/olist_pipeline.py
[2026-07-22T02:59:23.103+0000] {logging_mixin.py:190} INFO - [2026-07-22T02:59:23.103+0000] {dag.py:3239} INFO - Sync 1 DAGs
[2026-07-22T02:59:23.111+0000] {logging_mixin.py:190} INFO - [2026-07-22T02:59:23.111+0000] {dag.py:4180} INFO - Setting next_dagrun for olist_gcp_data_engineering_pipeline to None, run_after=None
[2026-07-22T02:59:23.121+0000] {processor.py:208} INFO - Processing /opt/airflow/dags/olist_pipeline.py took 0.857 seconds
[2026-07-22T02:59:53.491+0000] {processor.py:186} INFO - Started process (PID=557) to work on /opt/airflow/dags/olist_pipeline.py
[2026-07-22T02:59:53.492+0000] {processor.py:914} INFO - Processing file /opt/airflow/dags/olist_pipeline.py for tasks to queue
[2026-07-22T02:59:53.494+0000] {logging_mixin.py:190} INFO - [2026-07-22T02:59:53.494+0000] {dagbag.py:588} INFO - Filling up the DagBag from /opt/airflow/dags/olist_pipeline.py
[2026-07-22T02:59:54.242+0000] {processor.py:925} INFO - DAG(s) 'olist_gcp_data_engineering_pipeline' retrieved from /opt/airflow/dags/olist_pipeline.py
[2026-07-22T02:59:54.261+0000] {logging_mixin.py:190} INFO - [2026-07-22T02:59:54.261+0000] {dag.py:3239} INFO - Sync 1 DAGs
[2026-07-22T02:59:54.269+0000] {logging_mixin.py:190} INFO - [2026-07-22T02:59:54.269+0000] {dag.py:4180} INFO - Setting next_dagrun for olist_gcp_data_engineering_pipeline to None, run_after=None
[2026-07-22T02:59:54.279+0000] {processor.py:208} INFO - Processing /opt/airflow/dags/olist_pipeline.py took 0.795 seconds
[2026-07-22T03:00:24.645+0000] {processor.py:186} INFO - Started process (PID=563) to work on /opt/airflow/dags/olist_pipeline.py
[2026-07-22T03:00:24.646+0000] {processor.py:914} INFO - Processing file /opt/airflow/dags/olist_pipeline.py for tasks to queue
[2026-07-22T03:00:24.647+0000] {logging_mixin.py:190} INFO - [2026-07-22T03:00:24.647+0000] {dagbag.py:588} INFO - Filling up the DagBag from /opt/airflow/dags/olist_pipeline.py
[2026-07-22T03:00:25.396+0000] {processor.py:925} INFO - DAG(s) 'olist_gcp_data_engineering_pipeline' retrieved from /opt/airflow/dags/olist_pipeline.py
[2026-07-22T03:00:25.414+0000] {logging_mixin.py:190} INFO - [2026-07-22T03:00:25.414+0000] {dag.py:3239} INFO - Sync 1 DAGs
[2026-07-22T03:00:25.421+0000] {logging_mixin.py:190} INFO - [2026-07-22T03:00:25.421+0000] {dag.py:4180} INFO - Setting next_dagrun for olist_gcp_data_engineering_pipeline to None, run_after=None
[2026-07-22T03:00:25.431+0000] {processor.py:208} INFO - Processing /opt/airflow/dags/olist_pipeline.py took 0.793 seconds
[2026-07-22T03:00:55.798+0000] {processor.py:186} INFO - Started process (PID=569) to work on /opt/airflow/dags/olist_pipeline.py
[2026-07-22T03:00:55.799+0000] {processor.py:914} INFO - Processing file /opt/airflow/dags/olist_pipeline.py for tasks to queue
[2026-07-22T03:00:55.801+0000] {logging_mixin.py:190} INFO - [2026-07-22T03:00:55.801+0000] {dagbag.py:588} INFO - Filling up the DagBag from /opt/airflow/dags/olist_pipeline.py
[2026-07-22T03:00:56.581+0000] {processor.py:925} INFO - DAG(s) 'olist_gcp_data_engineering_pipeline' retrieved from /opt/airflow/dags/olist_pipeline.py
[2026-07-22T03:00:56.601+0000] {logging_mixin.py:190} INFO - [2026-07-22T03:00:56.601+0000] {dag.py:3239} INFO - Sync 1 DAGs
[2026-07-22T03:00:56.610+0000] {logging_mixin.py:190} INFO - [2026-07-22T03:00:56.610+0000] {dag.py:4180} INFO - Setting next_dagrun for olist_gcp_data_engineering_pipeline to None, run_after=None
[2026-07-22T03:00:56.621+0000] {processor.py:208} INFO - Processing /opt/airflow/dags/olist_pipeline.py took 0.829 seconds
[2026-07-22T03:01:26.763+0000] {processor.py:186} INFO - Started process (PID=575) to work on /opt/airflow/dags/olist_pipeline.py
[2026-07-22T03:01:26.764+0000] {processor.py:914} INFO - Processing file /opt/airflow/dags/olist_pipeline.py for tasks to queue
[2026-07-22T03:01:26.765+0000] {logging_mixin.py:190} INFO - [2026-07-22T03:01:26.765+0000] {dagbag.py:588} INFO - Filling up the DagBag from /opt/airflow/dags/olist_pipeline.py
[2026-07-22T03:01:27.543+0000] {processor.py:925} INFO - DAG(s) 'olist_gcp_data_engineering_pipeline' retrieved from /opt/airflow/dags/olist_pipeline.py
[2026-07-22T03:01:27.563+0000] {logging_mixin.py:190} INFO - [2026-07-22T03:01:27.563+0000] {dag.py:3239} INFO - Sync 1 DAGs
[2026-07-22T03:01:27.571+0000] {logging_mixin.py:190} INFO - [2026-07-22T03:01:27.571+0000] {dag.py:4180} INFO - Setting next_dagrun for olist_gcp_data_engineering_pipeline to None, run_after=None
[2026-07-22T03:01:27.580+0000] {processor.py:208} INFO - Processing /opt/airflow/dags/olist_pipeline.py took 0.821 seconds
[2026-07-22T03:01:57.892+0000] {processor.py:186} INFO - Started process (PID=581) to work on /opt/airflow/dags/olist_pipeline.py
[2026-07-22T03:01:57.892+0000] {processor.py:914} INFO - Processing file /opt/airflow/dags/olist_pipeline.py for tasks to queue
[2026-07-22T03:01:57.894+0000] {logging_mixin.py:190} INFO - [2026-07-22T03:01:57.894+0000] {dagbag.py:588} INFO - Filling up the DagBag from /opt/airflow/dags/olist_pipeline.py
[2026-07-22T03:01:58.646+0000] {processor.py:925} INFO - DAG(s) 'olist_gcp_data_engineering_pipeline' retrieved from /opt/airflow/dags/olist_pipeline.py
[2026-07-22T03:01:58.665+0000] {logging_mixin.py:190} INFO - [2026-07-22T03:01:58.664+0000] {dag.py:3239} INFO - Sync 1 DAGs
[2026-07-22T03:01:58.672+0000] {logging_mixin.py:190} INFO - [2026-07-22T03:01:58.672+0000] {dag.py:4180} INFO - Setting next_dagrun for olist_gcp_data_engineering_pipeline to None, run_after=None
[2026-07-22T03:01:58.681+0000] {processor.py:208} INFO - Processing /opt/airflow/dags/olist_pipeline.py took 0.796 seconds
[2026-07-22T03:02:29.009+0000] {processor.py:186} INFO - Started process (PID=587) to work on /opt/airflow/dags/olist_pipeline.py
[2026-07-22T03:02:29.010+0000] {processor.py:914} INFO - Processing file /opt/airflow/dags/olist_pipeline.py for tasks to queue
[2026-07-22T03:02:29.013+0000] {logging_mixin.py:190} INFO - [2026-07-22T03:02:29.012+0000] {dagbag.py:588} INFO - Filling up the DagBag from /opt/airflow/dags/olist_pipeline.py
[2026-07-22T03:02:29.857+0000] {processor.py:925} INFO - DAG(s) 'olist_gcp_data_engineering_pipeline' retrieved from /opt/airflow/dags/olist_pipeline.py
[2026-07-22T03:02:29.879+0000] {logging_mixin.py:190} INFO - [2026-07-22T03:02:29.879+0000] {dag.py:3239} INFO - Sync 1 DAGs
[2026-07-22T03:02:29.888+0000] {logging_mixin.py:190} INFO - [2026-07-22T03:02:29.888+0000] {dag.py:4180} INFO - Setting next_dagrun for olist_gcp_data_engineering_pipeline to None, run_after=None
[2026-07-22T03:02:29.899+0000] {processor.py:208} INFO - Processing /opt/airflow/dags/olist_pipeline.py took 0.897 seconds
[2026-07-22T03:03:00.255+0000] {processor.py:186} INFO - Started process (PID=593) to work on /opt/airflow/dags/olist_pipeline.py
[2026-07-22T03:03:00.256+0000] {processor.py:914} INFO - Processing file /opt/airflow/dags/olist_pipeline.py for tasks to queue
[2026-07-22T03:03:00.258+0000] {logging_mixin.py:190} INFO - [2026-07-22T03:03:00.258+0000] {dagbag.py:588} INFO - Filling up the DagBag from /opt/airflow/dags/olist_pipeline.py
[2026-07-22T03:03:01.080+0000] {processor.py:925} INFO - DAG(s) 'olist_gcp_data_engineering_pipeline' retrieved from /opt/airflow/dags/olist_pipeline.py
[2026-07-22T03:03:01.098+0000] {logging_mixin.py:190} INFO - [2026-07-22T03:03:01.098+0000] {dag.py:3239} INFO - Sync 1 DAGs
[2026-07-22T03:03:01.105+0000] {logging_mixin.py:190} INFO - [2026-07-22T03:03:01.105+0000] {dag.py:4180} INFO - Setting next_dagrun for olist_gcp_data_engineering_pipeline to None, run_after=None
[2026-07-22T03:03:01.115+0000] {processor.py:208} INFO - Processing /opt/airflow/dags/olist_pipeline.py took 0.867 seconds
[2026-07-22T03:03:31.299+0000] {processor.py:186} INFO - Started process (PID=599) to work on /opt/airflow/dags/olist_pipeline.py
[2026-07-22T03:03:31.300+0000] {processor.py:914} INFO - Processing file /opt/airflow/dags/olist_pipeline.py for tasks to queue
[2026-07-22T03:03:31.302+0000] {logging_mixin.py:190} INFO - [2026-07-22T03:03:31.302+0000] {dagbag.py:588} INFO - Filling up the DagBag from /opt/airflow/dags/olist_pipeline.py
[2026-07-22T03:03:32.080+0000] {processor.py:925} INFO - DAG(s) 'olist_gcp_data_engineering_pipeline' retrieved from /opt/airflow/dags/olist_pipeline.py
[2026-07-22T03:03:32.100+0000] {logging_mixin.py:190} INFO - [2026-07-22T03:03:32.100+0000] {dag.py:3239} INFO - Sync 1 DAGs
[2026-07-22T03:03:32.109+0000] {logging_mixin.py:190} INFO - [2026-07-22T03:03:32.109+0000] {dag.py:4180} INFO - Setting next_dagrun for olist_gcp_data_engineering_pipeline to None, run_after=None
[2026-07-22T03:03:32.120+0000] {processor.py:208} INFO - Processing /opt/airflow/dags/olist_pipeline.py took 0.828 seconds
[2026-07-22T03:04:02.497+0000] {processor.py:186} INFO - Started process (PID=605) to work on /opt/airflow/dags/olist_pipeline.py
[2026-07-22T03:04:02.498+0000] {processor.py:914} INFO - Processing file /opt/airflow/dags/olist_pipeline.py for tasks to queue
[2026-07-22T03:04:02.500+0000] {logging_mixin.py:190} INFO - [2026-07-22T03:04:02.500+0000] {dagbag.py:588} INFO - Filling up the DagBag from /opt/airflow/dags/olist_pipeline.py
[2026-07-22T03:04:03.297+0000] {processor.py:925} INFO - DAG(s) 'olist_gcp_data_engineering_pipeline' retrieved from /opt/airflow/dags/olist_pipeline.py
[2026-07-22T03:04:03.319+0000] {logging_mixin.py:190} INFO - [2026-07-22T03:04:03.318+0000] {dag.py:3239} INFO - Sync 1 DAGs
[2026-07-22T03:04:03.326+0000] {logging_mixin.py:190} INFO - [2026-07-22T03:04:03.326+0000] {dag.py:4180} INFO - Setting next_dagrun for olist_gcp_data_engineering_pipeline to None, run_after=None
[2026-07-22T03:04:03.335+0000] {processor.py:208} INFO - Processing /opt/airflow/dags/olist_pipeline.py took 0.846 seconds
[2026-07-22T03:04:33.697+0000] {processor.py:186} INFO - Started process (PID=611) to work on /opt/airflow/dags/olist_pipeline.py
[2026-07-22T03:04:33.698+0000] {processor.py:914} INFO - Processing file /opt/airflow/dags/olist_pipeline.py for tasks to queue
[2026-07-22T03:04:33.701+0000] {logging_mixin.py:190} INFO - [2026-07-22T03:04:33.700+0000] {dagbag.py:588} INFO - Filling up the DagBag from /opt/airflow/dags/olist_pipeline.py
[2026-07-22T03:04:34.590+0000] {processor.py:925} INFO - DAG(s) 'olist_gcp_data_engineering_pipeline' retrieved from /opt/airflow/dags/olist_pipeline.py
[2026-07-22T03:04:34.612+0000] {logging_mixin.py:190} INFO - [2026-07-22T03:04:34.611+0000] {dag.py:3239} INFO - Sync 1 DAGs
[2026-07-22T03:04:34.620+0000] {logging_mixin.py:190} INFO - [2026-07-22T03:04:34.620+0000] {dag.py:4180} INFO - Setting next_dagrun for olist_gcp_data_engineering_pipeline to None, run_after=None
[2026-07-22T03:04:34.632+0000] {processor.py:208} INFO - Processing /opt/airflow/dags/olist_pipeline.py took 0.945 seconds
[2026-07-22T03:05:04.941+0000] {processor.py:186} INFO - Started process (PID=617) to work on /opt/airflow/dags/olist_pipeline.py
[2026-07-22T03:05:04.942+0000] {processor.py:914} INFO - Processing file /opt/airflow/dags/olist_pipeline.py for tasks to queue
[2026-07-22T03:05:04.943+0000] {logging_mixin.py:190} INFO - [2026-07-22T03:05:04.943+0000] {dagbag.py:588} INFO - Filling up the DagBag from /opt/airflow/dags/olist_pipeline.py
[2026-07-22T03:05:05.718+0000] {processor.py:925} INFO - DAG(s) 'olist_gcp_data_engineering_pipeline' retrieved from /opt/airflow/dags/olist_pipeline.py
[2026-07-22T03:05:05.737+0000] {logging_mixin.py:190} INFO - [2026-07-22T03:05:05.737+0000] {dag.py:3239} INFO - Sync 1 DAGs
[2026-07-22T03:05:05.744+0000] {logging_mixin.py:190} INFO - [2026-07-22T03:05:05.744+0000] {dag.py:4180} INFO - Setting next_dagrun for olist_gcp_data_engineering_pipeline to None, run_after=None
[2026-07-22T03:05:05.753+0000] {processor.py:208} INFO - Processing /opt/airflow/dags/olist_pipeline.py took 0.819 seconds
[2026-07-22T03:05:36.075+0000] {processor.py:186} INFO - Started process (PID=623) to work on /opt/airflow/dags/olist_pipeline.py
[2026-07-22T03:05:36.076+0000] {processor.py:914} INFO - Processing file /opt/airflow/dags/olist_pipeline.py for tasks to queue
[2026-07-22T03:05:36.078+0000] {logging_mixin.py:190} INFO - [2026-07-22T03:05:36.078+0000] {dagbag.py:588} INFO - Filling up the DagBag from /opt/airflow/dags/olist_pipeline.py
[2026-07-22T03:05:36.853+0000] {processor.py:925} INFO - DAG(s) 'olist_gcp_data_engineering_pipeline' retrieved from /opt/airflow/dags/olist_pipeline.py
[2026-07-22T03:05:36.870+0000] {logging_mixin.py:190} INFO - [2026-07-22T03:05:36.870+0000] {dag.py:3239} INFO - Sync 1 DAGs
[2026-07-22T03:05:36.879+0000] {logging_mixin.py:190} INFO - [2026-07-22T03:05:36.879+0000] {dag.py:4180} INFO - Setting next_dagrun for olist_gcp_data_engineering_pipeline to None, run_after=None
[2026-07-22T03:05:36.892+0000] {processor.py:208} INFO - Processing /opt/airflow/dags/olist_pipeline.py took 0.824 seconds
[2026-07-22T03:06:07.004+0000] {processor.py:186} INFO - Started process (PID=629) to work on /opt/airflow/dags/olist_pipeline.py
[2026-07-22T03:06:07.005+0000] {processor.py:914} INFO - Processing file /opt/airflow/dags/olist_pipeline.py for tasks to queue
[2026-07-22T03:06:07.007+0000] {logging_mixin.py:190} INFO - [2026-07-22T03:06:07.007+0000] {dagbag.py:588} INFO - Filling up the DagBag from /opt/airflow/dags/olist_pipeline.py
[2026-07-22T03:06:07.750+0000] {processor.py:925} INFO - DAG(s) 'olist_gcp_data_engineering_pipeline' retrieved from /opt/airflow/dags/olist_pipeline.py
[2026-07-22T03:06:07.768+0000] {logging_mixin.py:190} INFO - [2026-07-22T03:06:07.768+0000] {dag.py:3239} INFO - Sync 1 DAGs
[2026-07-22T03:06:07.777+0000] {logging_mixin.py:190} INFO - [2026-07-22T03:06:07.777+0000] {dag.py:4180} INFO - Setting next_dagrun for olist_gcp_data_engineering_pipeline to None, run_after=None
[2026-07-22T03:06:07.786+0000] {processor.py:208} INFO - Processing /opt/airflow/dags/olist_pipeline.py took 0.787 seconds
[2026-07-22T03:06:38.097+0000] {processor.py:186} INFO - Started process (PID=635) to work on /opt/airflow/dags/olist_pipeline.py
[2026-07-22T03:06:38.097+0000] {processor.py:914} INFO - Processing file /opt/airflow/dags/olist_pipeline.py for tasks to queue
[2026-07-22T03:06:38.099+0000] {logging_mixin.py:190} INFO - [2026-07-22T03:06:38.099+0000] {dagbag.py:588} INFO - Filling up the DagBag from /opt/airflow/dags/olist_pipeline.py
[2026-07-22T03:06:38.960+0000] {processor.py:925} INFO - DAG(s) 'olist_gcp_data_engineering_pipeline' retrieved from /opt/airflow/dags/olist_pipeline.py
[2026-07-22T03:06:38.978+0000] {logging_mixin.py:190} INFO - [2026-07-22T03:06:38.978+0000] {dag.py:3239} INFO - Sync 1 DAGs
[2026-07-22T03:06:38.987+0000] {logging_mixin.py:190} INFO - [2026-07-22T03:06:38.987+0000] {dag.py:4180} INFO - Setting next_dagrun for olist_gcp_data_engineering_pipeline to None, run_after=None
[2026-07-22T03:06:38.997+0000] {processor.py:208} INFO - Processing /opt/airflow/dags/olist_pipeline.py took 0.906 seconds
[2026-07-22T03:07:09.341+0000] {processor.py:186} INFO - Started process (PID=641) to work on /opt/airflow/dags/olist_pipeline.py
[2026-07-22T03:07:09.342+0000] {processor.py:914} INFO - Processing file /opt/airflow/dags/olist_pipeline.py for tasks to queue
[2026-07-22T03:07:09.344+0000] {logging_mixin.py:190} INFO - [2026-07-22T03:07:09.343+0000] {dagbag.py:588} INFO - Filling up the DagBag from /opt/airflow/dags/olist_pipeline.py
[2026-07-22T03:07:10.151+0000] {processor.py:925} INFO - DAG(s) 'olist_gcp_data_engineering_pipeline' retrieved from /opt/airflow/dags/olist_pipeline.py
[2026-07-22T03:07:10.172+0000] {logging_mixin.py:190} INFO - [2026-07-22T03:07:10.172+0000] {dag.py:3239} INFO - Sync 1 DAGs
[2026-07-22T03:07:10.180+0000] {logging_mixin.py:190} INFO - [2026-07-22T03:07:10.180+0000] {dag.py:4180} INFO - Setting next_dagrun for olist_gcp_data_engineering_pipeline to None, run_after=None
[2026-07-22T03:07:10.191+0000] {processor.py:208} INFO - Processing /opt/airflow/dags/olist_pipeline.py took 0.857 seconds
[2026-07-22T03:07:40.244+0000] {processor.py:186} INFO - Started process (PID=647) to work on /opt/airflow/dags/olist_pipeline.py
[2026-07-22T03:07:40.245+0000] {processor.py:914} INFO - Processing file /opt/airflow/dags/olist_pipeline.py for tasks to queue
[2026-07-22T03:07:40.248+0000] {logging_mixin.py:190} INFO - [2026-07-22T03:07:40.248+0000] {dagbag.py:588} INFO - Filling up the DagBag from /opt/airflow/dags/olist_pipeline.py
[2026-07-22T03:07:41.137+0000] {processor.py:925} INFO - DAG(s) 'olist_gcp_data_engineering_pipeline' retrieved from /opt/airflow/dags/olist_pipeline.py
[2026-07-22T03:07:41.156+0000] {logging_mixin.py:190} INFO - [2026-07-22T03:07:41.155+0000] {dag.py:3239} INFO - Sync 1 DAGs
[2026-07-22T03:07:41.163+0000] {logging_mixin.py:190} INFO - [2026-07-22T03:07:41.163+0000] {dag.py:4180} INFO - Setting next_dagrun for olist_gcp_data_engineering_pipeline to None, run_after=None
[2026-07-22T03:07:41.173+0000] {processor.py:208} INFO - Processing /opt/airflow/dags/olist_pipeline.py took 0.937 seconds
[2026-07-22T03:08:11.529+0000] {processor.py:186} INFO - Started process (PID=653) to work on /opt/airflow/dags/olist_pipeline.py
[2026-07-22T03:08:11.530+0000] {processor.py:914} INFO - Processing file /opt/airflow/dags/olist_pipeline.py for tasks to queue
[2026-07-22T03:08:11.532+0000] {logging_mixin.py:190} INFO - [2026-07-22T03:08:11.532+0000] {dagbag.py:588} INFO - Filling up the DagBag from /opt/airflow/dags/olist_pipeline.py
[2026-07-22T03:08:12.331+0000] {processor.py:925} INFO - DAG(s) 'olist_gcp_data_engineering_pipeline' retrieved from /opt/airflow/dags/olist_pipeline.py
[2026-07-22T03:08:12.350+0000] {logging_mixin.py:190} INFO - [2026-07-22T03:08:12.349+0000] {dag.py:3239} INFO - Sync 1 DAGs
[2026-07-22T03:08:12.357+0000] {logging_mixin.py:190} INFO - [2026-07-22T03:08:12.357+0000] {dag.py:4180} INFO - Setting next_dagrun for olist_gcp_data_engineering_pipeline to None, run_after=None
[2026-07-22T03:08:12.367+0000] {processor.py:208} INFO - Processing /opt/airflow/dags/olist_pipeline.py took 0.845 seconds
[2026-07-22T03:08:42.726+0000] {processor.py:186} INFO - Started process (PID=659) to work on /opt/airflow/dags/olist_pipeline.py
[2026-07-22T03:08:42.727+0000] {processor.py:914} INFO - Processing file /opt/airflow/dags/olist_pipeline.py for tasks to queue
[2026-07-22T03:08:42.729+0000] {logging_mixin.py:190} INFO - [2026-07-22T03:08:42.728+0000] {dagbag.py:588} INFO - Filling up the DagBag from /opt/airflow/dags/olist_pipeline.py
[2026-07-22T03:08:43.504+0000] {processor.py:925} INFO - DAG(s) 'olist_gcp_data_engineering_pipeline' retrieved from /opt/airflow/dags/olist_pipeline.py
[2026-07-22T03:08:43.522+0000] {logging_mixin.py:190} INFO - [2026-07-22T03:08:43.522+0000] {dag.py:3239} INFO - Sync 1 DAGs
[2026-07-22T03:08:43.529+0000] {logging_mixin.py:190} INFO - [2026-07-22T03:08:43.529+0000] {dag.py:4180} INFO - Setting next_dagrun for olist_gcp_data_engineering_pipeline to None, run_after=None
[2026-07-22T03:08:43.539+0000] {processor.py:208} INFO - Processing /opt/airflow/dags/olist_pipeline.py took 0.821 seconds
[2026-07-22T03:09:13.910+0000] {processor.py:186} INFO - Started process (PID=665) to work on /opt/airflow/dags/olist_pipeline.py
[2026-07-22T03:09:13.911+0000] {processor.py:914} INFO - Processing file /opt/airflow/dags/olist_pipeline.py for tasks to queue
[2026-07-22T03:09:13.915+0000] {logging_mixin.py:190} INFO - [2026-07-22T03:09:13.914+0000] {dagbag.py:588} INFO - Filling up the DagBag from /opt/airflow/dags/olist_pipeline.py
[2026-07-22T03:09:14.838+0000] {processor.py:925} INFO - DAG(s) 'olist_gcp_data_engineering_pipeline' retrieved from /opt/airflow/dags/olist_pipeline.py
[2026-07-22T03:09:14.859+0000] {logging_mixin.py:190} INFO - [2026-07-22T03:09:14.859+0000] {dag.py:3239} INFO - Sync 1 DAGs
[2026-07-22T03:09:14.867+0000] {logging_mixin.py:190} INFO - [2026-07-22T03:09:14.867+0000] {dag.py:4180} INFO - Setting next_dagrun for olist_gcp_data_engineering_pipeline to None, run_after=None
[2026-07-22T03:09:14.877+0000] {processor.py:208} INFO - Processing /opt/airflow/dags/olist_pipeline.py took 0.977 seconds
[2026-07-22T03:09:45.220+0000] {processor.py:186} INFO - Started process (PID=671) to work on /opt/airflow/dags/olist_pipeline.py
[2026-07-22T03:09:45.221+0000] {processor.py:914} INFO - Processing file /opt/airflow/dags/olist_pipeline.py for tasks to queue
[2026-07-22T03:09:45.222+0000] {logging_mixin.py:190} INFO - [2026-07-22T03:09:45.222+0000] {dagbag.py:588} INFO - Filling up the DagBag from /opt/airflow/dags/olist_pipeline.py
[2026-07-22T03:09:45.985+0000] {processor.py:925} INFO - DAG(s) 'olist_gcp_data_engineering_pipeline' retrieved from /opt/airflow/dags/olist_pipeline.py
[2026-07-22T03:09:46.004+0000] {logging_mixin.py:190} INFO - [2026-07-22T03:09:46.003+0000] {dag.py:3239} INFO - Sync 1 DAGs
[2026-07-22T03:09:46.011+0000] {logging_mixin.py:190} INFO - [2026-07-22T03:09:46.011+0000] {dag.py:4180} INFO - Setting next_dagrun for olist_gcp_data_engineering_pipeline to None, run_after=None
[2026-07-22T03:09:46.020+0000] {processor.py:208} INFO - Processing /opt/airflow/dags/olist_pipeline.py took 0.805 seconds
[2026-07-22T03:10:16.127+0000] {processor.py:186} INFO - Started process (PID=677) to work on /opt/airflow/dags/olist_pipeline.py
[2026-07-22T03:10:16.128+0000] {processor.py:914} INFO - Processing file /opt/airflow/dags/olist_pipeline.py for tasks to queue
[2026-07-22T03:10:16.130+0000] {logging_mixin.py:190} INFO - [2026-07-22T03:10:16.129+0000] {dagbag.py:588} INFO - Filling up the DagBag from /opt/airflow/dags/olist_pipeline.py
[2026-07-22T03:10:16.921+0000] {processor.py:925} INFO - DAG(s) 'olist_gcp_data_engineering_pipeline' retrieved from /opt/airflow/dags/olist_pipeline.py
[2026-07-22T03:10:16.938+0000] {logging_mixin.py:190} INFO - [2026-07-22T03:10:16.938+0000] {dag.py:3239} INFO - Sync 1 DAGs
[2026-07-22T03:10:16.945+0000] {logging_mixin.py:190} INFO - [2026-07-22T03:10:16.945+0000] {dag.py:4180} INFO - Setting next_dagrun for olist_gcp_data_engineering_pipeline to None, run_after=None
[2026-07-22T03:10:16.955+0000] {processor.py:208} INFO - Processing /opt/airflow/dags/olist_pipeline.py took 0.834 seconds
[2026-07-22T03:10:47.339+0000] {processor.py:186} INFO - Started process (PID=683) to work on /opt/airflow/dags/olist_pipeline.py
[2026-07-22T03:10:47.340+0000] {processor.py:914} INFO - Processing file /opt/airflow/dags/olist_pipeline.py for tasks to queue
[2026-07-22T03:10:47.342+0000] {logging_mixin.py:190} INFO - [2026-07-22T03:10:47.342+0000] {dagbag.py:588} INFO - Filling up the DagBag from /opt/airflow/dags/olist_pipeline.py
[2026-07-22T03:10:48.160+0000] {processor.py:925} INFO - DAG(s) 'olist_gcp_data_engineering_pipeline' retrieved from /opt/airflow/dags/olist_pipeline.py
[2026-07-22T03:10:48.184+0000] {logging_mixin.py:190} INFO - [2026-07-22T03:10:48.184+0000] {dag.py:3239} INFO - Sync 1 DAGs
[2026-07-22T03:10:48.193+0000] {logging_mixin.py:190} INFO - [2026-07-22T03:10:48.193+0000] {dag.py:4180} INFO - Setting next_dagrun for olist_gcp_data_engineering_pipeline to None, run_after=None
[2026-07-22T03:10:48.204+0000] {processor.py:208} INFO - Processing /opt/airflow/dags/olist_pipeline.py took 0.871 seconds
[2026-07-22T03:11:18.597+0000] {processor.py:186} INFO - Started process (PID=689) to work on /opt/airflow/dags/olist_pipeline.py
[2026-07-22T03:11:18.598+0000] {processor.py:914} INFO - Processing file /opt/airflow/dags/olist_pipeline.py for tasks to queue
[2026-07-22T03:11:18.600+0000] {logging_mixin.py:190} INFO - [2026-07-22T03:11:18.600+0000] {dagbag.py:588} INFO - Filling up the DagBag from /opt/airflow/dags/olist_pipeline.py
[2026-07-22T03:11:19.375+0000] {processor.py:925} INFO - DAG(s) 'olist_gcp_data_engineering_pipeline' retrieved from /opt/airflow/dags/olist_pipeline.py
[2026-07-22T03:11:19.393+0000] {logging_mixin.py:190} INFO - [2026-07-22T03:11:19.393+0000] {dag.py:3239} INFO - Sync 1 DAGs
[2026-07-22T03:11:19.400+0000] {logging_mixin.py:190} INFO - [2026-07-22T03:11:19.400+0000] {dag.py:4180} INFO - Setting next_dagrun for olist_gcp_data_engineering_pipeline to None, run_after=None
[2026-07-22T03:11:19.411+0000] {processor.py:208} INFO - Processing /opt/airflow/dags/olist_pipeline.py took 0.821 seconds
[2026-07-22T03:11:49.779+0000] {processor.py:186} INFO - Started process (PID=695) to work on /opt/airflow/dags/olist_pipeline.py
[2026-07-22T03:11:49.780+0000] {processor.py:914} INFO - Processing file /opt/airflow/dags/olist_pipeline.py for tasks to queue
[2026-07-22T03:11:49.782+0000] {logging_mixin.py:190} INFO - [2026-07-22T03:11:49.782+0000] {dagbag.py:588} INFO - Filling up the DagBag from /opt/airflow/dags/olist_pipeline.py
[2026-07-22T03:11:50.553+0000] {processor.py:925} INFO - DAG(s) 'olist_gcp_data_engineering_pipeline' retrieved from /opt/airflow/dags/olist_pipeline.py
[2026-07-22T03:11:50.571+0000] {logging_mixin.py:190} INFO - [2026-07-22T03:11:50.571+0000] {dag.py:3239} INFO - Sync 1 DAGs
[2026-07-22T03:11:50.580+0000] {logging_mixin.py:190} INFO - [2026-07-22T03:11:50.579+0000] {dag.py:4180} INFO - Setting next_dagrun for olist_gcp_data_engineering_pipeline to None, run_after=None
[2026-07-22T03:11:50.589+0000] {processor.py:208} INFO - Processing /opt/airflow/dags/olist_pipeline.py took 0.817 seconds
[2026-07-22T03:12:20.653+0000] {processor.py:186} INFO - Started process (PID=701) to work on /opt/airflow/dags/olist_pipeline.py
[2026-07-22T03:12:20.653+0000] {processor.py:914} INFO - Processing file /opt/airflow/dags/olist_pipeline.py for tasks to queue
[2026-07-22T03:12:20.655+0000] {logging_mixin.py:190} INFO - [2026-07-22T03:12:20.655+0000] {dagbag.py:588} INFO - Filling up the DagBag from /opt/airflow/dags/olist_pipeline.py
[2026-07-22T03:12:21.408+0000] {processor.py:925} INFO - DAG(s) 'olist_gcp_data_engineering_pipeline' retrieved from /opt/airflow/dags/olist_pipeline.py
[2026-07-22T03:12:21.427+0000] {logging_mixin.py:190} INFO - [2026-07-22T03:12:21.427+0000] {dag.py:3239} INFO - Sync 1 DAGs
[2026-07-22T03:12:21.435+0000] {logging_mixin.py:190} INFO - [2026-07-22T03:12:21.435+0000] {dag.py:4180} INFO - Setting next_dagrun for olist_gcp_data_engineering_pipeline to None, run_after=None
[2026-07-22T03:12:21.444+0000] {processor.py:208} INFO - Processing /opt/airflow/dags/olist_pipeline.py took 0.798 seconds
[2026-07-22T03:12:51.828+0000] {processor.py:186} INFO - Started process (PID=707) to work on /opt/airflow/dags/olist_pipeline.py
[2026-07-22T03:12:51.829+0000] {processor.py:914} INFO - Processing file /opt/airflow/dags/olist_pipeline.py for tasks to queue
[2026-07-22T03:12:51.831+0000] {logging_mixin.py:190} INFO - [2026-07-22T03:12:51.831+0000] {dagbag.py:588} INFO - Filling up the DagBag from /opt/airflow/dags/olist_pipeline.py
[2026-07-22T03:12:52.653+0000] {processor.py:925} INFO - DAG(s) 'olist_gcp_data_engineering_pipeline' retrieved from /opt/airflow/dags/olist_pipeline.py
[2026-07-22T03:12:52.673+0000] {logging_mixin.py:190} INFO - [2026-07-22T03:12:52.673+0000] {dag.py:3239} INFO - Sync 1 DAGs
[2026-07-22T03:12:52.680+0000] {logging_mixin.py:190} INFO - [2026-07-22T03:12:52.680+0000] {dag.py:4180} INFO - Setting next_dagrun for olist_gcp_data_engineering_pipeline to None, run_after=None
[2026-07-22T03:12:52.690+0000] {processor.py:208} INFO - Processing /opt/airflow/dags/olist_pipeline.py took 0.870 seconds
[2026-07-22T03:13:23.002+0000] {processor.py:186} INFO - Started process (PID=713) to work on /opt/airflow/dags/olist_pipeline.py
[2026-07-22T03:13:23.002+0000] {processor.py:914} INFO - Processing file /opt/airflow/dags/olist_pipeline.py for tasks to queue
[2026-07-22T03:13:23.004+0000] {logging_mixin.py:190} INFO - [2026-07-22T03:13:23.003+0000] {dagbag.py:588} INFO - Filling up the DagBag from /opt/airflow/dags/olist_pipeline.py
[2026-07-22T03:13:23.822+0000] {processor.py:925} INFO - DAG(s) 'olist_gcp_data_engineering_pipeline' retrieved from /opt/airflow/dags/olist_pipeline.py
[2026-07-22T03:13:23.843+0000] {logging_mixin.py:190} INFO - [2026-07-22T03:13:23.843+0000] {dag.py:3239} INFO - Sync 1 DAGs
[2026-07-22T03:13:23.852+0000] {logging_mixin.py:190} INFO - [2026-07-22T03:13:23.851+0000] {dag.py:4180} INFO - Setting next_dagrun for olist_gcp_data_engineering_pipeline to None, run_after=None
[2026-07-22T03:13:23.862+0000] {processor.py:208} INFO - Processing /opt/airflow/dags/olist_pipeline.py took 0.865 seconds
[2026-07-22T03:13:53.931+0000] {processor.py:186} INFO - Started process (PID=719) to work on /opt/airflow/dags/olist_pipeline.py
[2026-07-22T03:13:53.932+0000] {processor.py:914} INFO - Processing file /opt/airflow/dags/olist_pipeline.py for tasks to queue
[2026-07-22T03:13:53.935+0000] {logging_mixin.py:190} INFO - [2026-07-22T03:13:53.934+0000] {dagbag.py:588} INFO - Filling up the DagBag from /opt/airflow/dags/olist_pipeline.py
[2026-07-22T03:13:54.764+0000] {processor.py:925} INFO - DAG(s) 'olist_gcp_data_engineering_pipeline' retrieved from /opt/airflow/dags/olist_pipeline.py
[2026-07-22T03:13:54.783+0000] {logging_mixin.py:190} INFO - [2026-07-22T03:13:54.783+0000] {dag.py:3239} INFO - Sync 1 DAGs
[2026-07-22T03:13:54.790+0000] {logging_mixin.py:190} INFO - [2026-07-22T03:13:54.790+0000] {dag.py:4180} INFO - Setting next_dagrun for olist_gcp_data_engineering_pipeline to None, run_after=None
[2026-07-22T03:13:54.799+0000] {processor.py:208} INFO - Processing /opt/airflow/dags/olist_pipeline.py took 0.877 seconds
[2026-07-22T03:14:25.144+0000] {processor.py:186} INFO - Started process (PID=725) to work on /opt/airflow/dags/olist_pipeline.py
[2026-07-22T03:14:25.145+0000] {processor.py:914} INFO - Processing file /opt/airflow/dags/olist_pipeline.py for tasks to queue
[2026-07-22T03:14:25.147+0000] {logging_mixin.py:190} INFO - [2026-07-22T03:14:25.147+0000] {dagbag.py:588} INFO - Filling up the DagBag from /opt/airflow/dags/olist_pipeline.py
[2026-07-22T03:14:25.900+0000] {processor.py:925} INFO - DAG(s) 'olist_gcp_data_engineering_pipeline' retrieved from /opt/airflow/dags/olist_pipeline.py
[2026-07-22T03:14:25.918+0000] {logging_mixin.py:190} INFO - [2026-07-22T03:14:25.918+0000] {dag.py:3239} INFO - Sync 1 DAGs
[2026-07-22T03:14:25.926+0000] {logging_mixin.py:190} INFO - [2026-07-22T03:14:25.926+0000] {dag.py:4180} INFO - Setting next_dagrun for olist_gcp_data_engineering_pipeline to None, run_after=None
[2026-07-22T03:14:25.935+0000] {processor.py:208} INFO - Processing /opt/airflow/dags/olist_pipeline.py took 0.798 seconds
[2026-07-22T03:14:56.282+0000] {processor.py:186} INFO - Started process (PID=731) to work on /opt/airflow/dags/olist_pipeline.py
[2026-07-22T03:14:56.282+0000] {processor.py:914} INFO - Processing file /opt/airflow/dags/olist_pipeline.py for tasks to queue
[2026-07-22T03:14:56.284+0000] {logging_mixin.py:190} INFO - [2026-07-22T03:14:56.284+0000] {dagbag.py:588} INFO - Filling up the DagBag from /opt/airflow/dags/olist_pipeline.py
[2026-07-22T03:14:57.188+0000] {processor.py:925} INFO - DAG(s) 'olist_gcp_data_engineering_pipeline' retrieved from /opt/airflow/dags/olist_pipeline.py
[2026-07-22T03:14:57.214+0000] {logging_mixin.py:190} INFO - [2026-07-22T03:14:57.214+0000] {dag.py:3239} INFO - Sync 1 DAGs
[2026-07-22T03:14:57.225+0000] {logging_mixin.py:190} INFO - [2026-07-22T03:14:57.225+0000] {dag.py:4180} INFO - Setting next_dagrun for olist_gcp_data_engineering_pipeline to None, run_after=None
[2026-07-22T03:14:57.235+0000] {processor.py:208} INFO - Processing /opt/airflow/dags/olist_pipeline.py took 0.958 seconds
[2026-07-22T03:15:27.626+0000] {processor.py:186} INFO - Started process (PID=737) to work on /opt/airflow/dags/olist_pipeline.py
[2026-07-22T03:15:27.628+0000] {processor.py:914} INFO - Processing file /opt/airflow/dags/olist_pipeline.py for tasks to queue
[2026-07-22T03:15:27.630+0000] {logging_mixin.py:190} INFO - [2026-07-22T03:15:27.630+0000] {dagbag.py:588} INFO - Filling up the DagBag from /opt/airflow/dags/olist_pipeline.py
[2026-07-22T03:15:28.549+0000] {processor.py:925} INFO - DAG(s) 'olist_gcp_data_engineering_pipeline' retrieved from /opt/airflow/dags/olist_pipeline.py
[2026-07-22T03:15:28.572+0000] {logging_mixin.py:190} INFO - [2026-07-22T03:15:28.571+0000] {dag.py:3239} INFO - Sync 1 DAGs
[2026-07-22T03:15:28.580+0000] {logging_mixin.py:190} INFO - [2026-07-22T03:15:28.580+0000] {dag.py:4180} INFO - Setting next_dagrun for olist_gcp_data_engineering_pipeline to None, run_after=None
[2026-07-22T03:15:28.590+0000] {processor.py:208} INFO - Processing /opt/airflow/dags/olist_pipeline.py took 0.974 seconds
[2026-07-22T03:15:58.961+0000] {processor.py:186} INFO - Started process (PID=743) to work on /opt/airflow/dags/olist_pipeline.py
[2026-07-22T03:15:58.962+0000] {processor.py:914} INFO - Processing file /opt/airflow/dags/olist_pipeline.py for tasks to queue
[2026-07-22T03:15:58.965+0000] {logging_mixin.py:190} INFO - [2026-07-22T03:15:58.964+0000] {dagbag.py:588} INFO - Filling up the DagBag from /opt/airflow/dags/olist_pipeline.py
[2026-07-22T03:15:59.795+0000] {processor.py:925} INFO - DAG(s) 'olist_gcp_data_engineering_pipeline' retrieved from /opt/airflow/dags/olist_pipeline.py
[2026-07-22T03:15:59.816+0000] {logging_mixin.py:190} INFO - [2026-07-22T03:15:59.816+0000] {dag.py:3239} INFO - Sync 1 DAGs
[2026-07-22T03:15:59.824+0000] {logging_mixin.py:190} INFO - [2026-07-22T03:15:59.824+0000] {dag.py:4180} INFO - Setting next_dagrun for olist_gcp_data_engineering_pipeline to None, run_after=None
[2026-07-22T03:15:59.834+0000] {processor.py:208} INFO - Processing /opt/airflow/dags/olist_pipeline.py took 0.881 seconds
[2026-07-22T03:16:30.186+0000] {processor.py:186} INFO - Started process (PID=749) to work on /opt/airflow/dags/olist_pipeline.py
[2026-07-22T03:16:30.187+0000] {processor.py:914} INFO - Processing file /opt/airflow/dags/olist_pipeline.py for tasks to queue
[2026-07-22T03:16:30.189+0000] {logging_mixin.py:190} INFO - [2026-07-22T03:16:30.189+0000] {dagbag.py:588} INFO - Filling up the DagBag from /opt/airflow/dags/olist_pipeline.py
[2026-07-22T03:16:30.987+0000] {processor.py:925} INFO - DAG(s) 'olist_gcp_data_engineering_pipeline' retrieved from /opt/airflow/dags/olist_pipeline.py
[2026-07-22T03:16:31.006+0000] {logging_mixin.py:190} INFO - [2026-07-22T03:16:31.006+0000] {dag.py:3239} INFO - Sync 1 DAGs
[2026-07-22T03:16:31.013+0000] {logging_mixin.py:190} INFO - [2026-07-22T03:16:31.013+0000] {dag.py:4180} INFO - Setting next_dagrun for olist_gcp_data_engineering_pipeline to None, run_after=None
[2026-07-22T03:16:31.024+0000] {processor.py:208} INFO - Processing /opt/airflow/dags/olist_pipeline.py took 0.845 seconds
[2026-07-22T03:17:01.238+0000] {processor.py:186} INFO - Started process (PID=755) to work on /opt/airflow/dags/olist_pipeline.py
[2026-07-22T03:17:01.239+0000] {processor.py:914} INFO - Processing file /opt/airflow/dags/olist_pipeline.py for tasks to queue
[2026-07-22T03:17:01.241+0000] {logging_mixin.py:190} INFO - [2026-07-22T03:17:01.241+0000] {dagbag.py:588} INFO - Filling up the DagBag from /opt/airflow/dags/olist_pipeline.py
[2026-07-22T03:17:01.988+0000] {processor.py:925} INFO - DAG(s) 'olist_gcp_data_engineering_pipeline' retrieved from /opt/airflow/dags/olist_pipeline.py
[2026-07-22T03:17:02.007+0000] {logging_mixin.py:190} INFO - [2026-07-22T03:17:02.007+0000] {dag.py:3239} INFO - Sync 1 DAGs
[2026-07-22T03:17:02.014+0000] {logging_mixin.py:190} INFO - [2026-07-22T03:17:02.014+0000] {dag.py:4180} INFO - Setting next_dagrun for olist_gcp_data_engineering_pipeline to None, run_after=None
[2026-07-22T03:17:02.025+0000] {processor.py:208} INFO - Processing /opt/airflow/dags/olist_pipeline.py took 0.793 seconds
[2026-07-22T03:17:32.420+0000] {processor.py:186} INFO - Started process (PID=761) to work on /opt/airflow/dags/olist_pipeline.py
[2026-07-22T03:17:32.421+0000] {processor.py:914} INFO - Processing file /opt/airflow/dags/olist_pipeline.py for tasks to queue
[2026-07-22T03:17:32.423+0000] {logging_mixin.py:190} INFO - [2026-07-22T03:17:32.423+0000] {dagbag.py:588} INFO - Filling up the DagBag from /opt/airflow/dags/olist_pipeline.py
[2026-07-22T03:17:33.276+0000] {processor.py:925} INFO - DAG(s) 'olist_gcp_data_engineering_pipeline' retrieved from /opt/airflow/dags/olist_pipeline.py
[2026-07-22T03:17:33.297+0000] {logging_mixin.py:190} INFO - [2026-07-22T03:17:33.296+0000] {dag.py:3239} INFO - Sync 1 DAGs
[2026-07-22T03:17:33.306+0000] {logging_mixin.py:190} INFO - [2026-07-22T03:17:33.306+0000] {dag.py:4180} INFO - Setting next_dagrun for olist_gcp_data_engineering_pipeline to None, run_after=None
[2026-07-22T03:17:33.316+0000] {processor.py:208} INFO - Processing /opt/airflow/dags/olist_pipeline.py took 0.905 seconds
[2026-07-22T03:18:03.726+0000] {processor.py:186} INFO - Started process (PID=767) to work on /opt/airflow/dags/olist_pipeline.py
[2026-07-22T03:18:03.727+0000] {processor.py:914} INFO - Processing file /opt/airflow/dags/olist_pipeline.py for tasks to queue
[2026-07-22T03:18:03.730+0000] {logging_mixin.py:190} INFO - [2026-07-22T03:18:03.730+0000] {dagbag.py:588} INFO - Filling up the DagBag from /opt/airflow/dags/olist_pipeline.py
[2026-07-22T03:18:04.594+0000] {processor.py:925} INFO - DAG(s) 'olist_gcp_data_engineering_pipeline' retrieved from /opt/airflow/dags/olist_pipeline.py
[2026-07-22T03:18:04.612+0000] {logging_mixin.py:190} INFO - [2026-07-22T03:18:04.612+0000] {dag.py:3239} INFO - Sync 1 DAGs
[2026-07-22T03:18:04.620+0000] {logging_mixin.py:190} INFO - [2026-07-22T03:18:04.620+0000] {dag.py:4180} INFO - Setting next_dagrun for olist_gcp_data_engineering_pipeline to None, run_after=None
[2026-07-22T03:18:04.630+0000] {processor.py:208} INFO - Processing /opt/airflow/dags/olist_pipeline.py took 0.913 seconds
[2026-07-22T03:18:34.996+0000] {processor.py:186} INFO - Started process (PID=773) to work on /opt/airflow/dags/olist_pipeline.py
[2026-07-22T03:18:34.996+0000] {processor.py:914} INFO - Processing file /opt/airflow/dags/olist_pipeline.py for tasks to queue
[2026-07-22T03:18:34.999+0000] {logging_mixin.py:190} INFO - [2026-07-22T03:18:34.998+0000] {dagbag.py:588} INFO - Filling up the DagBag from /opt/airflow/dags/olist_pipeline.py
[2026-07-22T03:18:35.799+0000] {processor.py:925} INFO - DAG(s) 'olist_gcp_data_engineering_pipeline' retrieved from /opt/airflow/dags/olist_pipeline.py
[2026-07-22T03:18:35.818+0000] {logging_mixin.py:190} INFO - [2026-07-22T03:18:35.818+0000] {dag.py:3239} INFO - Sync 1 DAGs
[2026-07-22T03:18:35.825+0000] {logging_mixin.py:190} INFO - [2026-07-22T03:18:35.825+0000] {dag.py:4180} INFO - Setting next_dagrun for olist_gcp_data_engineering_pipeline to None, run_after=None
[2026-07-22T03:18:35.835+0000] {processor.py:208} INFO - Processing /opt/airflow/dags/olist_pipeline.py took 0.846 seconds
[2026-07-22T03:19:06.141+0000] {processor.py:186} INFO - Started process (PID=779) to work on /opt/airflow/dags/olist_pipeline.py
[2026-07-22T03:19:06.142+0000] {processor.py:914} INFO - Processing file /opt/airflow/dags/olist_pipeline.py for tasks to queue
[2026-07-22T03:19:06.144+0000] {logging_mixin.py:190} INFO - [2026-07-22T03:19:06.143+0000] {dagbag.py:588} INFO - Filling up the DagBag from /opt/airflow/dags/olist_pipeline.py
[2026-07-22T03:19:07.039+0000] {processor.py:925} INFO - DAG(s) 'olist_gcp_data_engineering_pipeline' retrieved from /opt/airflow/dags/olist_pipeline.py
[2026-07-22T03:19:07.056+0000] {logging_mixin.py:190} INFO - [2026-07-22T03:19:07.056+0000] {dag.py:3239} INFO - Sync 1 DAGs
[2026-07-22T03:19:07.064+0000] {logging_mixin.py:190} INFO - [2026-07-22T03:19:07.064+0000] {dag.py:4180} INFO - Setting next_dagrun for olist_gcp_data_engineering_pipeline to None, run_after=None
[2026-07-22T03:19:07.074+0000] {processor.py:208} INFO - Processing /opt/airflow/dags/olist_pipeline.py took 0.940 seconds
[2026-07-22T03:19:37.452+0000] {processor.py:186} INFO - Started process (PID=785) to work on /opt/airflow/dags/olist_pipeline.py
[2026-07-22T03:19:37.453+0000] {processor.py:914} INFO - Processing file /opt/airflow/dags/olist_pipeline.py for tasks to queue
[2026-07-22T03:19:37.456+0000] {logging_mixin.py:190} INFO - [2026-07-22T03:19:37.456+0000] {dagbag.py:588} INFO - Filling up the DagBag from /opt/airflow/dags/olist_pipeline.py
[2026-07-22T03:19:38.351+0000] {processor.py:925} INFO - DAG(s) 'olist_gcp_data_engineering_pipeline' retrieved from /opt/airflow/dags/olist_pipeline.py
[2026-07-22T03:19:38.372+0000] {logging_mixin.py:190} INFO - [2026-07-22T03:19:38.372+0000] {dag.py:3239} INFO - Sync 1 DAGs
[2026-07-22T03:19:38.380+0000] {logging_mixin.py:190} INFO - [2026-07-22T03:19:38.380+0000] {dag.py:4180} INFO - Setting next_dagrun for olist_gcp_data_engineering_pipeline to None, run_after=None
[2026-07-22T03:19:38.390+0000] {processor.py:208} INFO - Processing /opt/airflow/dags/olist_pipeline.py took 0.947 seconds
[2026-07-22T03:20:08.787+0000] {processor.py:186} INFO - Started process (PID=791) to work on /opt/airflow/dags/olist_pipeline.py
[2026-07-22T03:20:08.788+0000] {processor.py:914} INFO - Processing file /opt/airflow/dags/olist_pipeline.py for tasks to queue
[2026-07-22T03:20:08.790+0000] {logging_mixin.py:190} INFO - [2026-07-22T03:20:08.790+0000] {dagbag.py:588} INFO - Filling up the DagBag from /opt/airflow/dags/olist_pipeline.py
[2026-07-22T03:20:09.630+0000] {processor.py:925} INFO - DAG(s) 'olist_gcp_data_engineering_pipeline' retrieved from /opt/airflow/dags/olist_pipeline.py
[2026-07-22T03:20:09.649+0000] {logging_mixin.py:190} INFO - [2026-07-22T03:20:09.649+0000] {dag.py:3239} INFO - Sync 1 DAGs
[2026-07-22T03:20:09.658+0000] {logging_mixin.py:190} INFO - [2026-07-22T03:20:09.658+0000] {dag.py:4180} INFO - Setting next_dagrun for olist_gcp_data_engineering_pipeline to None, run_after=None
[2026-07-22T03:20:09.670+0000] {processor.py:208} INFO - Processing /opt/airflow/dags/olist_pipeline.py took 0.890 seconds
[2026-07-22T03:20:40.029+0000] {processor.py:186} INFO - Started process (PID=797) to work on /opt/airflow/dags/olist_pipeline.py
[2026-07-22T03:20:40.031+0000] {processor.py:914} INFO - Processing file /opt/airflow/dags/olist_pipeline.py for tasks to queue
[2026-07-22T03:20:40.034+0000] {logging_mixin.py:190} INFO - [2026-07-22T03:20:40.034+0000] {dagbag.py:588} INFO - Filling up the DagBag from /opt/airflow/dags/olist_pipeline.py
[2026-07-22T03:20:41.012+0000] {processor.py:925} INFO - DAG(s) 'olist_gcp_data_engineering_pipeline' retrieved from /opt/airflow/dags/olist_pipeline.py
[2026-07-22T03:20:41.034+0000] {logging_mixin.py:190} INFO - [2026-07-22T03:20:41.033+0000] {dag.py:3239} INFO - Sync 1 DAGs
[2026-07-22T03:20:41.044+0000] {logging_mixin.py:190} INFO - [2026-07-22T03:20:41.044+0000] {dag.py:4180} INFO - Setting next_dagrun for olist_gcp_data_engineering_pipeline to None, run_after=None
[2026-07-22T03:20:41.055+0000] {processor.py:208} INFO - Processing /opt/airflow/dags/olist_pipeline.py took 1.036 seconds
[2026-07-22T03:21:11.407+0000] {processor.py:186} INFO - Started process (PID=803) to work on /opt/airflow/dags/olist_pipeline.py
[2026-07-22T03:21:11.408+0000] {processor.py:914} INFO - Processing file /opt/airflow/dags/olist_pipeline.py for tasks to queue
[2026-07-22T03:21:11.410+0000] {logging_mixin.py:190} INFO - [2026-07-22T03:21:11.410+0000] {dagbag.py:588} INFO - Filling up the DagBag from /opt/airflow/dags/olist_pipeline.py
[2026-07-22T03:21:12.205+0000] {processor.py:925} INFO - DAG(s) 'olist_gcp_data_engineering_pipeline' retrieved from /opt/airflow/dags/olist_pipeline.py
[2026-07-22T03:21:12.222+0000] {logging_mixin.py:190} INFO - [2026-07-22T03:21:12.222+0000] {dag.py:3239} INFO - Sync 1 DAGs
[2026-07-22T03:21:12.230+0000] {logging_mixin.py:190} INFO - [2026-07-22T03:21:12.229+0000] {dag.py:4180} INFO - Setting next_dagrun for olist_gcp_data_engineering_pipeline to None, run_after=None
[2026-07-22T03:21:12.239+0000] {processor.py:208} INFO - Processing /opt/airflow/dags/olist_pipeline.py took 0.839 seconds
[2026-07-22T03:21:42.621+0000] {processor.py:186} INFO - Started process (PID=809) to work on /opt/airflow/dags/olist_pipeline.py
[2026-07-22T03:21:42.622+0000] {processor.py:914} INFO - Processing file /opt/airflow/dags/olist_pipeline.py for tasks to queue
[2026-07-22T03:21:42.624+0000] {logging_mixin.py:190} INFO - [2026-07-22T03:21:42.624+0000] {dagbag.py:588} INFO - Filling up the DagBag from /opt/airflow/dags/olist_pipeline.py
[2026-07-22T03:21:43.383+0000] {processor.py:925} INFO - DAG(s) 'olist_gcp_data_engineering_pipeline' retrieved from /opt/airflow/dags/olist_pipeline.py
[2026-07-22T03:21:43.400+0000] {logging_mixin.py:190} INFO - [2026-07-22T03:21:43.400+0000] {dag.py:3239} INFO - Sync 1 DAGs
[2026-07-22T03:21:43.407+0000] {logging_mixin.py:190} INFO - [2026-07-22T03:21:43.407+0000] {dag.py:4180} INFO - Setting next_dagrun for olist_gcp_data_engineering_pipeline to None, run_after=None
[2026-07-22T03:21:43.416+0000] {processor.py:208} INFO - Processing /opt/airflow/dags/olist_pipeline.py took 0.803 seconds
[2026-07-22T03:22:13.798+0000] {processor.py:186} INFO - Started process (PID=815) to work on /opt/airflow/dags/olist_pipeline.py
[2026-07-22T03:22:13.799+0000] {processor.py:914} INFO - Processing file /opt/airflow/dags/olist_pipeline.py for tasks to queue
[2026-07-22T03:22:13.801+0000] {logging_mixin.py:190} INFO - [2026-07-22T03:22:13.801+0000] {dagbag.py:588} INFO - Filling up the DagBag from /opt/airflow/dags/olist_pipeline.py
[2026-07-22T03:22:14.683+0000] {processor.py:925} INFO - DAG(s) 'olist_gcp_data_engineering_pipeline' retrieved from /opt/airflow/dags/olist_pipeline.py
[2026-07-22T03:22:14.704+0000] {logging_mixin.py:190} INFO - [2026-07-22T03:22:14.704+0000] {dag.py:3239} INFO - Sync 1 DAGs
[2026-07-22T03:22:14.711+0000] {logging_mixin.py:190} INFO - [2026-07-22T03:22:14.711+0000] {dag.py:4180} INFO - Setting next_dagrun for olist_gcp_data_engineering_pipeline to None, run_after=None
[2026-07-22T03:22:14.721+0000] {processor.py:208} INFO - Processing /opt/airflow/dags/olist_pipeline.py took 0.930 seconds
[2026-07-22T03:22:45.117+0000] {processor.py:186} INFO - Started process (PID=821) to work on /opt/airflow/dags/olist_pipeline.py
[2026-07-22T03:22:45.118+0000] {processor.py:914} INFO - Processing file /opt/airflow/dags/olist_pipeline.py for tasks to queue
[2026-07-22T03:22:45.122+0000] {logging_mixin.py:190} INFO - [2026-07-22T03:22:45.121+0000] {dagbag.py:588} INFO - Filling up the DagBag from /opt/airflow/dags/olist_pipeline.py
[2026-07-22T03:22:45.948+0000] {processor.py:925} INFO - DAG(s) 'olist_gcp_data_engineering_pipeline' retrieved from /opt/airflow/dags/olist_pipeline.py
[2026-07-22T03:22:45.968+0000] {logging_mixin.py:190} INFO - [2026-07-22T03:22:45.967+0000] {dag.py:3239} INFO - Sync 1 DAGs
[2026-07-22T03:22:45.975+0000] {logging_mixin.py:190} INFO - [2026-07-22T03:22:45.975+0000] {dag.py:4180} INFO - Setting next_dagrun for olist_gcp_data_engineering_pipeline to None, run_after=None
[2026-07-22T03:22:45.987+0000] {processor.py:208} INFO - Processing /opt/airflow/dags/olist_pipeline.py took 0.879 seconds
[2026-07-22T03:23:16.379+0000] {processor.py:186} INFO - Started process (PID=827) to work on /opt/airflow/dags/olist_pipeline.py
[2026-07-22T03:23:16.380+0000] {processor.py:914} INFO - Processing file /opt/airflow/dags/olist_pipeline.py for tasks to queue
[2026-07-22T03:23:16.382+0000] {logging_mixin.py:190} INFO - [2026-07-22T03:23:16.382+0000] {dagbag.py:588} INFO - Filling up the DagBag from /opt/airflow/dags/olist_pipeline.py
[2026-07-22T03:23:17.315+0000] {processor.py:925} INFO - DAG(s) 'olist_gcp_data_engineering_pipeline' retrieved from /opt/airflow/dags/olist_pipeline.py
[2026-07-22T03:23:17.333+0000] {logging_mixin.py:190} INFO - [2026-07-22T03:23:17.332+0000] {dag.py:3239} INFO - Sync 1 DAGs
[2026-07-22T03:23:17.341+0000] {logging_mixin.py:190} INFO - [2026-07-22T03:23:17.341+0000] {dag.py:4180} INFO - Setting next_dagrun for olist_gcp_data_engineering_pipeline to None, run_after=None
[2026-07-22T03:23:17.351+0000] {processor.py:208} INFO - Processing /opt/airflow/dags/olist_pipeline.py took 0.978 seconds
[2026-07-22T03:23:47.736+0000] {processor.py:186} INFO - Started process (PID=833) to work on /opt/airflow/dags/olist_pipeline.py
[2026-07-22T03:23:47.737+0000] {processor.py:914} INFO - Processing file /opt/airflow/dags/olist_pipeline.py for tasks to queue
[2026-07-22T03:23:47.739+0000] {logging_mixin.py:190} INFO - [2026-07-22T03:23:47.739+0000] {dagbag.py:588} INFO - Filling up the DagBag from /opt/airflow/dags/olist_pipeline.py
[2026-07-22T03:23:48.505+0000] {processor.py:925} INFO - DAG(s) 'olist_gcp_data_engineering_pipeline' retrieved from /opt/airflow/dags/olist_pipeline.py
[2026-07-22T03:23:48.526+0000] {logging_mixin.py:190} INFO - [2026-07-22T03:23:48.526+0000] {dag.py:3239} INFO - Sync 1 DAGs
[2026-07-22T03:23:48.533+0000] {logging_mixin.py:190} INFO - [2026-07-22T03:23:48.533+0000] {dag.py:4180} INFO - Setting next_dagrun for olist_gcp_data_engineering_pipeline to None, run_after=None
[2026-07-22T03:23:48.543+0000] {processor.py:208} INFO - Processing /opt/airflow/dags/olist_pipeline.py took 0.815 seconds
[2026-07-22T03:24:18.923+0000] {processor.py:186} INFO - Started process (PID=839) to work on /opt/airflow/dags/olist_pipeline.py
[2026-07-22T03:24:18.923+0000] {processor.py:914} INFO - Processing file /opt/airflow/dags/olist_pipeline.py for tasks to queue
[2026-07-22T03:24:18.925+0000] {logging_mixin.py:190} INFO - [2026-07-22T03:24:18.925+0000] {dagbag.py:588} INFO - Filling up the DagBag from /opt/airflow/dags/olist_pipeline.py
[2026-07-22T03:24:19.763+0000] {processor.py:925} INFO - DAG(s) 'olist_gcp_data_engineering_pipeline' retrieved from /opt/airflow/dags/olist_pipeline.py
[2026-07-22T03:24:19.784+0000] {logging_mixin.py:190} INFO - [2026-07-22T03:24:19.784+0000] {dag.py:3239} INFO - Sync 1 DAGs
[2026-07-22T03:24:19.792+0000] {logging_mixin.py:190} INFO - [2026-07-22T03:24:19.792+0000] {dag.py:4180} INFO - Setting next_dagrun for olist_gcp_data_engineering_pipeline to None, run_after=None
[2026-07-22T03:24:19.802+0000] {processor.py:208} INFO - Processing /opt/airflow/dags/olist_pipeline.py took 0.885 seconds
[2026-07-22T03:24:50.174+0000] {processor.py:186} INFO - Started process (PID=845) to work on /opt/airflow/dags/olist_pipeline.py
[2026-07-22T03:24:50.175+0000] {processor.py:914} INFO - Processing file /opt/airflow/dags/olist_pipeline.py for tasks to queue
[2026-07-22T03:24:50.178+0000] {logging_mixin.py:190} INFO - [2026-07-22T03:24:50.178+0000] {dagbag.py:588} INFO - Filling up the DagBag from /opt/airflow/dags/olist_pipeline.py
[2026-07-22T03:24:51.023+0000] {processor.py:925} INFO - DAG(s) 'olist_gcp_data_engineering_pipeline' retrieved from /opt/airflow/dags/olist_pipeline.py
[2026-07-22T03:24:51.045+0000] {logging_mixin.py:190} INFO - [2026-07-22T03:24:51.044+0000] {dag.py:3239} INFO - Sync 1 DAGs
[2026-07-22T03:24:51.053+0000] {logging_mixin.py:190} INFO - [2026-07-22T03:24:51.052+0000] {dag.py:4180} INFO - Setting next_dagrun for olist_gcp_data_engineering_pipeline to None, run_after=None
[2026-07-22T03:24:51.062+0000] {processor.py:208} INFO - Processing /opt/airflow/dags/olist_pipeline.py took 0.897 seconds
[2026-07-22T03:25:21.410+0000] {processor.py:186} INFO - Started process (PID=851) to work on /opt/airflow/dags/olist_pipeline.py
[2026-07-22T03:25:21.411+0000] {processor.py:914} INFO - Processing file /opt/airflow/dags/olist_pipeline.py for tasks to queue
[2026-07-22T03:25:21.413+0000] {logging_mixin.py:190} INFO - [2026-07-22T03:25:21.413+0000] {dagbag.py:588} INFO - Filling up the DagBag from /opt/airflow/dags/olist_pipeline.py
[2026-07-22T03:25:22.182+0000] {processor.py:925} INFO - DAG(s) 'olist_gcp_data_engineering_pipeline' retrieved from /opt/airflow/dags/olist_pipeline.py
[2026-07-22T03:25:22.198+0000] {logging_mixin.py:190} INFO - [2026-07-22T03:25:22.198+0000] {dag.py:3239} INFO - Sync 1 DAGs
[2026-07-22T03:25:22.205+0000] {logging_mixin.py:190} INFO - [2026-07-22T03:25:22.205+0000] {dag.py:4180} INFO - Setting next_dagrun for olist_gcp_data_engineering_pipeline to None, run_after=None
[2026-07-22T03:25:22.214+0000] {processor.py:208} INFO - Processing /opt/airflow/dags/olist_pipeline.py took 0.810 seconds
[2026-07-22T03:25:52.579+0000] {processor.py:186} INFO - Started process (PID=857) to work on /opt/airflow/dags/olist_pipeline.py
[2026-07-22T03:25:52.580+0000] {processor.py:914} INFO - Processing file /opt/airflow/dags/olist_pipeline.py for tasks to queue
[2026-07-22T03:25:52.582+0000] {logging_mixin.py:190} INFO - [2026-07-22T03:25:52.582+0000] {dagbag.py:588} INFO - Filling up the DagBag from /opt/airflow/dags/olist_pipeline.py
[2026-07-22T03:25:53.364+0000] {processor.py:925} INFO - DAG(s) 'olist_gcp_data_engineering_pipeline' retrieved from /opt/airflow/dags/olist_pipeline.py
[2026-07-22T03:25:53.388+0000] {logging_mixin.py:190} INFO - [2026-07-22T03:25:53.387+0000] {dag.py:3239} INFO - Sync 1 DAGs
[2026-07-22T03:25:53.399+0000] {logging_mixin.py:190} INFO - [2026-07-22T03:25:53.399+0000] {dag.py:4180} INFO - Setting next_dagrun for olist_gcp_data_engineering_pipeline to None, run_after=None
[2026-07-22T03:25:53.413+0000] {processor.py:208} INFO - Processing /opt/airflow/dags/olist_pipeline.py took 0.841 seconds
[2026-07-22T03:26:23.495+0000] {processor.py:186} INFO - Started process (PID=863) to work on /opt/airflow/dags/olist_pipeline.py
[2026-07-22T03:26:23.496+0000] {processor.py:914} INFO - Processing file /opt/airflow/dags/olist_pipeline.py for tasks to queue
[2026-07-22T03:26:23.498+0000] {logging_mixin.py:190} INFO - [2026-07-22T03:26:23.497+0000] {dagbag.py:588} INFO - Filling up the DagBag from /opt/airflow/dags/olist_pipeline.py
[2026-07-22T03:26:24.279+0000] {processor.py:925} INFO - DAG(s) 'olist_gcp_data_engineering_pipeline' retrieved from /opt/airflow/dags/olist_pipeline.py
[2026-07-22T03:26:24.296+0000] {logging_mixin.py:190} INFO - [2026-07-22T03:26:24.295+0000] {dag.py:3239} INFO - Sync 1 DAGs
[2026-07-22T03:26:24.304+0000] {logging_mixin.py:190} INFO - [2026-07-22T03:26:24.304+0000] {dag.py:4180} INFO - Setting next_dagrun for olist_gcp_data_engineering_pipeline to None, run_after=None
[2026-07-22T03:26:24.314+0000] {processor.py:208} INFO - Processing /opt/airflow/dags/olist_pipeline.py took 0.827 seconds
[2026-07-22T03:26:54.696+0000] {processor.py:186} INFO - Started process (PID=869) to work on /opt/airflow/dags/olist_pipeline.py
[2026-07-22T03:26:54.697+0000] {processor.py:914} INFO - Processing file /opt/airflow/dags/olist_pipeline.py for tasks to queue
[2026-07-22T03:26:54.699+0000] {logging_mixin.py:190} INFO - [2026-07-22T03:26:54.699+0000] {dagbag.py:588} INFO - Filling up the DagBag from /opt/airflow/dags/olist_pipeline.py
[2026-07-22T03:26:55.584+0000] {processor.py:925} INFO - DAG(s) 'olist_gcp_data_engineering_pipeline' retrieved from /opt/airflow/dags/olist_pipeline.py
[2026-07-22T03:26:55.604+0000] {logging_mixin.py:190} INFO - [2026-07-22T03:26:55.603+0000] {dag.py:3239} INFO - Sync 1 DAGs
[2026-07-22T03:26:55.612+0000] {logging_mixin.py:190} INFO - [2026-07-22T03:26:55.611+0000] {dag.py:4180} INFO - Setting next_dagrun for olist_gcp_data_engineering_pipeline to None, run_after=None
[2026-07-22T03:26:55.622+0000] {processor.py:208} INFO - Processing /opt/airflow/dags/olist_pipeline.py took 0.933 seconds
[2026-07-22T03:27:25.994+0000] {processor.py:186} INFO - Started process (PID=875) to work on /opt/airflow/dags/olist_pipeline.py
[2026-07-22T03:27:25.996+0000] {processor.py:914} INFO - Processing file /opt/airflow/dags/olist_pipeline.py for tasks to queue
[2026-07-22T03:27:25.999+0000] {logging_mixin.py:190} INFO - [2026-07-22T03:27:25.999+0000] {dagbag.py:588} INFO - Filling up the DagBag from /opt/airflow/dags/olist_pipeline.py
[2026-07-22T03:27:26.844+0000] {processor.py:925} INFO - DAG(s) 'olist_gcp_data_engineering_pipeline' retrieved from /opt/airflow/dags/olist_pipeline.py
[2026-07-22T03:27:26.866+0000] {logging_mixin.py:190} INFO - [2026-07-22T03:27:26.866+0000] {dag.py:3239} INFO - Sync 1 DAGs
[2026-07-22T03:27:26.874+0000] {logging_mixin.py:190} INFO - [2026-07-22T03:27:26.874+0000] {dag.py:4180} INFO - Setting next_dagrun for olist_gcp_data_engineering_pipeline to None, run_after=None
[2026-07-22T03:27:26.886+0000] {processor.py:208} INFO - Processing /opt/airflow/dags/olist_pipeline.py took 0.901 seconds
[2026-07-22T03:27:57.237+0000] {processor.py:186} INFO - Started process (PID=881) to work on /opt/airflow/dags/olist_pipeline.py
[2026-07-22T03:27:57.238+0000] {processor.py:914} INFO - Processing file /opt/airflow/dags/olist_pipeline.py for tasks to queue
[2026-07-22T03:27:57.239+0000] {logging_mixin.py:190} INFO - [2026-07-22T03:27:57.239+0000] {dagbag.py:588} INFO - Filling up the DagBag from /opt/airflow/dags/olist_pipeline.py
[2026-07-22T03:27:57.993+0000] {processor.py:925} INFO - DAG(s) 'olist_gcp_data_engineering_pipeline' retrieved from /opt/airflow/dags/olist_pipeline.py
[2026-07-22T03:27:58.009+0000] {logging_mixin.py:190} INFO - [2026-07-22T03:27:58.009+0000] {dag.py:3239} INFO - Sync 1 DAGs
[2026-07-22T03:27:58.016+0000] {logging_mixin.py:190} INFO - [2026-07-22T03:27:58.016+0000] {dag.py:4180} INFO - Setting next_dagrun for olist_gcp_data_engineering_pipeline to None, run_after=None
[2026-07-22T03:27:58.025+0000] {processor.py:208} INFO - Processing /opt/airflow/dags/olist_pipeline.py took 0.795 seconds
[2026-07-22T03:28:28.096+0000] {processor.py:186} INFO - Started process (PID=887) to work on /opt/airflow/dags/olist_pipeline.py
[2026-07-22T03:28:28.097+0000] {processor.py:914} INFO - Processing file /opt/airflow/dags/olist_pipeline.py for tasks to queue
[2026-07-22T03:28:28.098+0000] {logging_mixin.py:190} INFO - [2026-07-22T03:28:28.098+0000] {dagbag.py:588} INFO - Filling up the DagBag from /opt/airflow/dags/olist_pipeline.py
[2026-07-22T03:28:28.877+0000] {processor.py:925} INFO - DAG(s) 'olist_gcp_data_engineering_pipeline' retrieved from /opt/airflow/dags/olist_pipeline.py
[2026-07-22T03:28:28.897+0000] {logging_mixin.py:190} INFO - [2026-07-22T03:28:28.897+0000] {dag.py:3239} INFO - Sync 1 DAGs
[2026-07-22T03:28:28.904+0000] {logging_mixin.py:190} INFO - [2026-07-22T03:28:28.904+0000] {dag.py:4180} INFO - Setting next_dagrun for olist_gcp_data_engineering_pipeline to None, run_after=None
[2026-07-22T03:28:28.915+0000] {processor.py:208} INFO - Processing /opt/airflow/dags/olist_pipeline.py took 0.824 seconds
[2026-07-22T03:28:59.335+0000] {processor.py:186} INFO - Started process (PID=893) to work on /opt/airflow/dags/olist_pipeline.py
[2026-07-22T03:28:59.336+0000] {processor.py:914} INFO - Processing file /opt/airflow/dags/olist_pipeline.py for tasks to queue
[2026-07-22T03:28:59.339+0000] {logging_mixin.py:190} INFO - [2026-07-22T03:28:59.339+0000] {dagbag.py:588} INFO - Filling up the DagBag from /opt/airflow/dags/olist_pipeline.py
[2026-07-22T03:29:00.219+0000] {processor.py:925} INFO - DAG(s) 'olist_gcp_data_engineering_pipeline' retrieved from /opt/airflow/dags/olist_pipeline.py
[2026-07-22T03:29:00.242+0000] {logging_mixin.py:190} INFO - [2026-07-22T03:29:00.242+0000] {dag.py:3239} INFO - Sync 1 DAGs
[2026-07-22T03:29:00.251+0000] {logging_mixin.py:190} INFO - [2026-07-22T03:29:00.251+0000] {dag.py:4180} INFO - Setting next_dagrun for olist_gcp_data_engineering_pipeline to None, run_after=None
[2026-07-22T03:29:00.261+0000] {processor.py:208} INFO - Processing /opt/airflow/dags/olist_pipeline.py took 0.934 seconds
[2026-07-22T03:29:30.617+0000] {processor.py:186} INFO - Started process (PID=899) to work on /opt/airflow/dags/olist_pipeline.py
[2026-07-22T03:29:30.618+0000] {processor.py:914} INFO - Processing file /opt/airflow/dags/olist_pipeline.py for tasks to queue
[2026-07-22T03:29:30.620+0000] {logging_mixin.py:190} INFO - [2026-07-22T03:29:30.620+0000] {dagbag.py:588} INFO - Filling up the DagBag from /opt/airflow/dags/olist_pipeline.py
[2026-07-22T03:29:31.434+0000] {processor.py:925} INFO - DAG(s) 'olist_gcp_data_engineering_pipeline' retrieved from /opt/airflow/dags/olist_pipeline.py
[2026-07-22T03:29:31.456+0000] {logging_mixin.py:190} INFO - [2026-07-22T03:29:31.456+0000] {dag.py:3239} INFO - Sync 1 DAGs
[2026-07-22T03:29:31.465+0000] {logging_mixin.py:190} INFO - [2026-07-22T03:29:31.465+0000] {dag.py:4180} INFO - Setting next_dagrun for olist_gcp_data_engineering_pipeline to None, run_after=None
[2026-07-22T03:29:31.475+0000] {processor.py:208} INFO - Processing /opt/airflow/dags/olist_pipeline.py took 0.863 seconds
[2026-07-22T03:30:01.855+0000] {processor.py:186} INFO - Started process (PID=905) to work on /opt/airflow/dags/olist_pipeline.py
[2026-07-22T03:30:01.856+0000] {processor.py:914} INFO - Processing file /opt/airflow/dags/olist_pipeline.py for tasks to queue
[2026-07-22T03:30:01.858+0000] {logging_mixin.py:190} INFO - [2026-07-22T03:30:01.857+0000] {dagbag.py:588} INFO - Filling up the DagBag from /opt/airflow/dags/olist_pipeline.py
[2026-07-22T03:30:02.617+0000] {processor.py:925} INFO - DAG(s) 'olist_gcp_data_engineering_pipeline' retrieved from /opt/airflow/dags/olist_pipeline.py
[2026-07-22T03:30:02.637+0000] {logging_mixin.py:190} INFO - [2026-07-22T03:30:02.637+0000] {dag.py:3239} INFO - Sync 1 DAGs
[2026-07-22T03:30:02.646+0000] {logging_mixin.py:190} INFO - [2026-07-22T03:30:02.646+0000] {dag.py:4180} INFO - Setting next_dagrun for olist_gcp_data_engineering_pipeline to None, run_after=None
[2026-07-22T03:30:02.655+0000] {processor.py:208} INFO - Processing /opt/airflow/dags/olist_pipeline.py took 0.807 seconds
[2026-07-22T03:30:32.722+0000] {processor.py:186} INFO - Started process (PID=911) to work on /opt/airflow/dags/olist_pipeline.py
[2026-07-22T03:30:32.723+0000] {processor.py:914} INFO - Processing file /opt/airflow/dags/olist_pipeline.py for tasks to queue
[2026-07-22T03:30:32.725+0000] {logging_mixin.py:190} INFO - [2026-07-22T03:30:32.725+0000] {dagbag.py:588} INFO - Filling up the DagBag from /opt/airflow/dags/olist_pipeline.py
[2026-07-22T03:30:33.609+0000] {processor.py:925} INFO - DAG(s) 'olist_gcp_data_engineering_pipeline' retrieved from /opt/airflow/dags/olist_pipeline.py
[2026-07-22T03:30:33.630+0000] {logging_mixin.py:190} INFO - [2026-07-22T03:30:33.630+0000] {dag.py:3239} INFO - Sync 1 DAGs
[2026-07-22T03:30:33.638+0000] {logging_mixin.py:190} INFO - [2026-07-22T03:30:33.638+0000] {dag.py:4180} INFO - Setting next_dagrun for olist_gcp_data_engineering_pipeline to None, run_after=None
[2026-07-22T03:30:33.648+0000] {processor.py:208} INFO - Processing /opt/airflow/dags/olist_pipeline.py took 0.934 seconds
[2026-07-22T03:31:04.025+0000] {processor.py:186} INFO - Started process (PID=917) to work on /opt/airflow/dags/olist_pipeline.py
[2026-07-22T03:31:04.026+0000] {processor.py:914} INFO - Processing file /opt/airflow/dags/olist_pipeline.py for tasks to queue
[2026-07-22T03:31:04.029+0000] {logging_mixin.py:190} INFO - [2026-07-22T03:31:04.028+0000] {dagbag.py:588} INFO - Filling up the DagBag from /opt/airflow/dags/olist_pipeline.py
[2026-07-22T03:31:04.786+0000] {processor.py:925} INFO - DAG(s) 'olist_gcp_data_engineering_pipeline' retrieved from /opt/airflow/dags/olist_pipeline.py
[2026-07-22T03:31:04.805+0000] {logging_mixin.py:190} INFO - [2026-07-22T03:31:04.805+0000] {dag.py:3239} INFO - Sync 1 DAGs
[2026-07-22T03:31:04.812+0000] {logging_mixin.py:190} INFO - [2026-07-22T03:31:04.812+0000] {dag.py:4180} INFO - Setting next_dagrun for olist_gcp_data_engineering_pipeline to None, run_after=None
[2026-07-22T03:31:04.822+0000] {processor.py:208} INFO - Processing /opt/airflow/dags/olist_pipeline.py took 0.805 seconds
[2026-07-22T03:31:35.204+0000] {processor.py:186} INFO - Started process (PID=923) to work on /opt/airflow/dags/olist_pipeline.py
[2026-07-22T03:31:35.206+0000] {processor.py:914} INFO - Processing file /opt/airflow/dags/olist_pipeline.py for tasks to queue
[2026-07-22T03:31:35.212+0000] {logging_mixin.py:190} INFO - [2026-07-22T03:31:35.212+0000] {dagbag.py:588} INFO - Filling up the DagBag from /opt/airflow/dags/olist_pipeline.py
[2026-07-22T03:31:36.129+0000] {processor.py:925} INFO - DAG(s) 'olist_gcp_data_engineering_pipeline' retrieved from /opt/airflow/dags/olist_pipeline.py
[2026-07-22T03:31:36.149+0000] {logging_mixin.py:190} INFO - [2026-07-22T03:31:36.149+0000] {dag.py:3239} INFO - Sync 1 DAGs
[2026-07-22T03:31:36.158+0000] {logging_mixin.py:190} INFO - [2026-07-22T03:31:36.158+0000] {dag.py:4180} INFO - Setting next_dagrun for olist_gcp_data_engineering_pipeline to None, run_after=None
[2026-07-22T03:31:36.168+0000] {processor.py:208} INFO - Processing /opt/airflow/dags/olist_pipeline.py took 0.979 seconds
[2026-07-22T03:32:06.542+0000] {processor.py:186} INFO - Started process (PID=929) to work on /opt/airflow/dags/olist_pipeline.py
[2026-07-22T03:32:06.543+0000] {processor.py:914} INFO - Processing file /opt/airflow/dags/olist_pipeline.py for tasks to queue
[2026-07-22T03:32:06.545+0000] {logging_mixin.py:190} INFO - [2026-07-22T03:32:06.545+0000] {dagbag.py:588} INFO - Filling up the DagBag from /opt/airflow/dags/olist_pipeline.py
[2026-07-22T03:32:07.338+0000] {processor.py:925} INFO - DAG(s) 'olist_gcp_data_engineering_pipeline' retrieved from /opt/airflow/dags/olist_pipeline.py
[2026-07-22T03:32:07.357+0000] {logging_mixin.py:190} INFO - [2026-07-22T03:32:07.357+0000] {dag.py:3239} INFO - Sync 1 DAGs
[2026-07-22T03:32:07.366+0000] {logging_mixin.py:190} INFO - [2026-07-22T03:32:07.366+0000] {dag.py:4180} INFO - Setting next_dagrun for olist_gcp_data_engineering_pipeline to None, run_after=None
[2026-07-22T03:32:07.375+0000] {processor.py:208} INFO - Processing /opt/airflow/dags/olist_pipeline.py took 0.841 seconds
[2026-07-22T03:32:37.741+0000] {processor.py:186} INFO - Started process (PID=935) to work on /opt/airflow/dags/olist_pipeline.py
[2026-07-22T03:32:37.742+0000] {processor.py:914} INFO - Processing file /opt/airflow/dags/olist_pipeline.py for tasks to queue
[2026-07-22T03:32:37.744+0000] {logging_mixin.py:190} INFO - [2026-07-22T03:32:37.743+0000] {dagbag.py:588} INFO - Filling up the DagBag from /opt/airflow/dags/olist_pipeline.py
[2026-07-22T03:32:38.616+0000] {processor.py:925} INFO - DAG(s) 'olist_gcp_data_engineering_pipeline' retrieved from /opt/airflow/dags/olist_pipeline.py
[2026-07-22T03:32:38.639+0000] {logging_mixin.py:190} INFO - [2026-07-22T03:32:38.639+0000] {dag.py:3239} INFO - Sync 1 DAGs
[2026-07-22T03:32:38.648+0000] {logging_mixin.py:190} INFO - [2026-07-22T03:32:38.648+0000] {dag.py:4180} INFO - Setting next_dagrun for olist_gcp_data_engineering_pipeline to None, run_after=None
[2026-07-22T03:32:38.659+0000] {processor.py:208} INFO - Processing /opt/airflow/dags/olist_pipeline.py took 0.925 seconds
[2026-07-22T03:33:09.027+0000] {processor.py:186} INFO - Started process (PID=941) to work on /opt/airflow/dags/olist_pipeline.py
[2026-07-22T03:33:09.028+0000] {processor.py:914} INFO - Processing file /opt/airflow/dags/olist_pipeline.py for tasks to queue
[2026-07-22T03:33:09.031+0000] {logging_mixin.py:190} INFO - [2026-07-22T03:33:09.030+0000] {dagbag.py:588} INFO - Filling up the DagBag from /opt/airflow/dags/olist_pipeline.py
[2026-07-22T03:33:09.855+0000] {processor.py:925} INFO - DAG(s) 'olist_gcp_data_engineering_pipeline' retrieved from /opt/airflow/dags/olist_pipeline.py
[2026-07-22T03:33:09.879+0000] {logging_mixin.py:190} INFO - [2026-07-22T03:33:09.879+0000] {dag.py:3239} INFO - Sync 1 DAGs
[2026-07-22T03:33:09.888+0000] {logging_mixin.py:190} INFO - [2026-07-22T03:33:09.888+0000] {dag.py:4180} INFO - Setting next_dagrun for olist_gcp_data_engineering_pipeline to None, run_after=None
[2026-07-22T03:33:09.899+0000] {processor.py:208} INFO - Processing /opt/airflow/dags/olist_pipeline.py took 0.880 seconds
[2026-07-22T03:33:40.247+0000] {processor.py:186} INFO - Started process (PID=947) to work on /opt/airflow/dags/olist_pipeline.py
[2026-07-22T03:33:40.248+0000] {processor.py:914} INFO - Processing file /opt/airflow/dags/olist_pipeline.py for tasks to queue
[2026-07-22T03:33:40.251+0000] {logging_mixin.py:190} INFO - [2026-07-22T03:33:40.251+0000] {dagbag.py:588} INFO - Filling up the DagBag from /opt/airflow/dags/olist_pipeline.py
[2026-07-22T03:33:41.008+0000] {processor.py:925} INFO - DAG(s) 'olist_gcp_data_engineering_pipeline' retrieved from /opt/airflow/dags/olist_pipeline.py
[2026-07-22T03:33:41.030+0000] {logging_mixin.py:190} INFO - [2026-07-22T03:33:41.029+0000] {dag.py:3239} INFO - Sync 1 DAGs
[2026-07-22T03:33:41.073+0000] {logging_mixin.py:190} INFO - [2026-07-22T03:33:41.072+0000] {dag.py:4180} INFO - Setting next_dagrun for olist_gcp_data_engineering_pipeline to None, run_after=None
[2026-07-22T03:33:41.095+0000] {processor.py:208} INFO - Processing /opt/airflow/dags/olist_pipeline.py took 0.855 seconds
[2026-07-22T03:34:11.144+0000] {processor.py:186} INFO - Started process (PID=953) to work on /opt/airflow/dags/olist_pipeline.py
[2026-07-22T03:34:11.145+0000] {processor.py:914} INFO - Processing file /opt/airflow/dags/olist_pipeline.py for tasks to queue
[2026-07-22T03:34:11.147+0000] {logging_mixin.py:190} INFO - [2026-07-22T03:34:11.146+0000] {dagbag.py:588} INFO - Filling up the DagBag from /opt/airflow/dags/olist_pipeline.py
[2026-07-22T03:34:11.929+0000] {processor.py:925} INFO - DAG(s) 'olist_gcp_data_engineering_pipeline' retrieved from /opt/airflow/dags/olist_pipeline.py
[2026-07-22T03:34:11.949+0000] {logging_mixin.py:190} INFO - [2026-07-22T03:34:11.948+0000] {dag.py:3239} INFO - Sync 1 DAGs
[2026-07-22T03:34:11.956+0000] {logging_mixin.py:190} INFO - [2026-07-22T03:34:11.956+0000] {dag.py:4180} INFO - Setting next_dagrun for olist_gcp_data_engineering_pipeline to None, run_after=None
[2026-07-22T03:34:11.966+0000] {processor.py:208} INFO - Processing /opt/airflow/dags/olist_pipeline.py took 0.831 seconds
[2026-07-22T03:34:42.327+0000] {processor.py:186} INFO - Started process (PID=959) to work on /opt/airflow/dags/olist_pipeline.py
[2026-07-22T03:34:42.328+0000] {processor.py:914} INFO - Processing file /opt/airflow/dags/olist_pipeline.py for tasks to queue
[2026-07-22T03:34:42.331+0000] {logging_mixin.py:190} INFO - [2026-07-22T03:34:42.331+0000] {dagbag.py:588} INFO - Filling up the DagBag from /opt/airflow/dags/olist_pipeline.py
[2026-07-22T03:34:43.334+0000] {processor.py:925} INFO - DAG(s) 'olist_gcp_data_engineering_pipeline' retrieved from /opt/airflow/dags/olist_pipeline.py
[2026-07-22T03:34:43.352+0000] {logging_mixin.py:190} INFO - [2026-07-22T03:34:43.351+0000] {dag.py:3239} INFO - Sync 1 DAGs
[2026-07-22T03:34:43.360+0000] {logging_mixin.py:190} INFO - [2026-07-22T03:34:43.360+0000] {dag.py:4180} INFO - Setting next_dagrun for olist_gcp_data_engineering_pipeline to None, run_after=None
[2026-07-22T03:34:43.369+0000] {processor.py:208} INFO - Processing /opt/airflow/dags/olist_pipeline.py took 1.050 seconds
[2026-07-22T03:35:13.731+0000] {processor.py:186} INFO - Started process (PID=965) to work on /opt/airflow/dags/olist_pipeline.py
[2026-07-22T03:35:13.732+0000] {processor.py:914} INFO - Processing file /opt/airflow/dags/olist_pipeline.py for tasks to queue
[2026-07-22T03:35:13.736+0000] {logging_mixin.py:190} INFO - [2026-07-22T03:35:13.735+0000] {dagbag.py:588} INFO - Filling up the DagBag from /opt/airflow/dags/olist_pipeline.py
[2026-07-22T03:35:14.566+0000] {processor.py:925} INFO - DAG(s) 'olist_gcp_data_engineering_pipeline' retrieved from /opt/airflow/dags/olist_pipeline.py
[2026-07-22T03:35:14.589+0000] {logging_mixin.py:190} INFO - [2026-07-22T03:35:14.589+0000] {dag.py:3239} INFO - Sync 1 DAGs
[2026-07-22T03:35:14.597+0000] {logging_mixin.py:190} INFO - [2026-07-22T03:35:14.597+0000] {dag.py:4180} INFO - Setting next_dagrun for olist_gcp_data_engineering_pipeline to None, run_after=None
[2026-07-22T03:35:14.607+0000] {processor.py:208} INFO - Processing /opt/airflow/dags/olist_pipeline.py took 0.883 seconds
[2026-07-22T03:35:44.991+0000] {processor.py:186} INFO - Started process (PID=971) to work on /opt/airflow/dags/olist_pipeline.py
[2026-07-22T03:35:44.992+0000] {processor.py:914} INFO - Processing file /opt/airflow/dags/olist_pipeline.py for tasks to queue
[2026-07-22T03:35:44.994+0000] {logging_mixin.py:190} INFO - [2026-07-22T03:35:44.993+0000] {dagbag.py:588} INFO - Filling up the DagBag from /opt/airflow/dags/olist_pipeline.py
[2026-07-22T03:35:45.810+0000] {processor.py:925} INFO - DAG(s) 'olist_gcp_data_engineering_pipeline' retrieved from /opt/airflow/dags/olist_pipeline.py
[2026-07-22T03:35:45.836+0000] {logging_mixin.py:190} INFO - [2026-07-22T03:35:45.836+0000] {dag.py:3239} INFO - Sync 1 DAGs
[2026-07-22T03:35:45.853+0000] {logging_mixin.py:190} INFO - [2026-07-22T03:35:45.853+0000] {dag.py:4180} INFO - Setting next_dagrun for olist_gcp_data_engineering_pipeline to None, run_after=None
[2026-07-22T03:35:45.864+0000] {processor.py:208} INFO - Processing /opt/airflow/dags/olist_pipeline.py took 0.882 seconds
[2026-07-22T03:36:16.222+0000] {processor.py:186} INFO - Started process (PID=977) to work on /opt/airflow/dags/olist_pipeline.py
[2026-07-22T03:36:16.223+0000] {processor.py:914} INFO - Processing file /opt/airflow/dags/olist_pipeline.py for tasks to queue
[2026-07-22T03:36:16.225+0000] {logging_mixin.py:190} INFO - [2026-07-22T03:36:16.224+0000] {dagbag.py:588} INFO - Filling up the DagBag from /opt/airflow/dags/olist_pipeline.py
[2026-07-22T03:36:17.030+0000] {processor.py:925} INFO - DAG(s) 'olist_gcp_data_engineering_pipeline' retrieved from /opt/airflow/dags/olist_pipeline.py
[2026-07-22T03:36:17.047+0000] {logging_mixin.py:190} INFO - [2026-07-22T03:36:17.047+0000] {dag.py:3239} INFO - Sync 1 DAGs
[2026-07-22T03:36:17.055+0000] {logging_mixin.py:190} INFO - [2026-07-22T03:36:17.055+0000] {dag.py:4180} INFO - Setting next_dagrun for olist_gcp_data_engineering_pipeline to None, run_after=None
[2026-07-22T03:36:17.067+0000] {processor.py:208} INFO - Processing /opt/airflow/dags/olist_pipeline.py took 0.854 seconds
[2026-07-22T03:36:47.438+0000] {processor.py:186} INFO - Started process (PID=983) to work on /opt/airflow/dags/olist_pipeline.py
[2026-07-22T03:36:47.439+0000] {processor.py:914} INFO - Processing file /opt/airflow/dags/olist_pipeline.py for tasks to queue
[2026-07-22T03:36:47.441+0000] {logging_mixin.py:190} INFO - [2026-07-22T03:36:47.441+0000] {dagbag.py:588} INFO - Filling up the DagBag from /opt/airflow/dags/olist_pipeline.py
[2026-07-22T03:36:48.246+0000] {processor.py:925} INFO - DAG(s) 'olist_gcp_data_engineering_pipeline' retrieved from /opt/airflow/dags/olist_pipeline.py
[2026-07-22T03:36:48.266+0000] {logging_mixin.py:190} INFO - [2026-07-22T03:36:48.266+0000] {dag.py:3239} INFO - Sync 1 DAGs
[2026-07-22T03:36:48.274+0000] {logging_mixin.py:190} INFO - [2026-07-22T03:36:48.274+0000] {dag.py:4180} INFO - Setting next_dagrun for olist_gcp_data_engineering_pipeline to None, run_after=None
[2026-07-22T03:36:48.284+0000] {processor.py:208} INFO - Processing /opt/airflow/dags/olist_pipeline.py took 0.853 seconds
[2026-07-22T03:37:18.686+0000] {processor.py:186} INFO - Started process (PID=989) to work on /opt/airflow/dags/olist_pipeline.py
[2026-07-22T03:37:18.687+0000] {processor.py:914} INFO - Processing file /opt/airflow/dags/olist_pipeline.py for tasks to queue
[2026-07-22T03:37:18.691+0000] {logging_mixin.py:190} INFO - [2026-07-22T03:37:18.690+0000] {dagbag.py:588} INFO - Filling up the DagBag from /opt/airflow/dags/olist_pipeline.py
[2026-07-22T03:37:19.581+0000] {processor.py:925} INFO - DAG(s) 'olist_gcp_data_engineering_pipeline' retrieved from /opt/airflow/dags/olist_pipeline.py
[2026-07-22T03:37:19.605+0000] {logging_mixin.py:190} INFO - [2026-07-22T03:37:19.604+0000] {dag.py:3239} INFO - Sync 1 DAGs
[2026-07-22T03:37:19.614+0000] {logging_mixin.py:190} INFO - [2026-07-22T03:37:19.614+0000] {dag.py:4180} INFO - Setting next_dagrun for olist_gcp_data_engineering_pipeline to None, run_after=None
[2026-07-22T03:37:19.625+0000] {processor.py:208} INFO - Processing /opt/airflow/dags/olist_pipeline.py took 0.948 seconds
[2026-07-22T03:37:50.035+0000] {processor.py:186} INFO - Started process (PID=995) to work on /opt/airflow/dags/olist_pipeline.py
[2026-07-22T03:37:50.036+0000] {processor.py:914} INFO - Processing file /opt/airflow/dags/olist_pipeline.py for tasks to queue
[2026-07-22T03:37:50.039+0000] {logging_mixin.py:190} INFO - [2026-07-22T03:37:50.038+0000] {dagbag.py:588} INFO - Filling up the DagBag from /opt/airflow/dags/olist_pipeline.py
[2026-07-22T03:37:50.820+0000] {processor.py:925} INFO - DAG(s) 'olist_gcp_data_engineering_pipeline' retrieved from /opt/airflow/dags/olist_pipeline.py
[2026-07-22T03:37:50.842+0000] {logging_mixin.py:190} INFO - [2026-07-22T03:37:50.841+0000] {dag.py:3239} INFO - Sync 1 DAGs
[2026-07-22T03:37:50.852+0000] {logging_mixin.py:190} INFO - [2026-07-22T03:37:50.852+0000] {dag.py:4180} INFO - Setting next_dagrun for olist_gcp_data_engineering_pipeline to None, run_after=None
[2026-07-22T03:37:50.861+0000] {processor.py:208} INFO - Processing /opt/airflow/dags/olist_pipeline.py took 0.834 seconds
[2026-07-22T03:38:21.213+0000] {processor.py:186} INFO - Started process (PID=1001) to work on /opt/airflow/dags/olist_pipeline.py
[2026-07-22T03:38:21.215+0000] {processor.py:914} INFO - Processing file /opt/airflow/dags/olist_pipeline.py for tasks to queue
[2026-07-22T03:38:21.217+0000] {logging_mixin.py:190} INFO - [2026-07-22T03:38:21.216+0000] {dagbag.py:588} INFO - Filling up the DagBag from /opt/airflow/dags/olist_pipeline.py
[2026-07-22T03:38:22.082+0000] {processor.py:925} INFO - DAG(s) 'olist_gcp_data_engineering_pipeline' retrieved from /opt/airflow/dags/olist_pipeline.py
[2026-07-22T03:38:22.103+0000] {logging_mixin.py:190} INFO - [2026-07-22T03:38:22.103+0000] {dag.py:3239} INFO - Sync 1 DAGs
[2026-07-22T03:38:22.112+0000] {logging_mixin.py:190} INFO - [2026-07-22T03:38:22.112+0000] {dag.py:4180} INFO - Setting next_dagrun for olist_gcp_data_engineering_pipeline to None, run_after=None
[2026-07-22T03:38:22.122+0000] {processor.py:208} INFO - Processing /opt/airflow/dags/olist_pipeline.py took 0.917 seconds
[2026-07-22T03:38:52.500+0000] {processor.py:186} INFO - Started process (PID=1007) to work on /opt/airflow/dags/olist_pipeline.py
[2026-07-22T03:38:52.501+0000] {processor.py:914} INFO - Processing file /opt/airflow/dags/olist_pipeline.py for tasks to queue
[2026-07-22T03:38:52.504+0000] {logging_mixin.py:190} INFO - [2026-07-22T03:38:52.503+0000] {dagbag.py:588} INFO - Filling up the DagBag from /opt/airflow/dags/olist_pipeline.py
[2026-07-22T03:38:53.334+0000] {processor.py:925} INFO - DAG(s) 'olist_gcp_data_engineering_pipeline' retrieved from /opt/airflow/dags/olist_pipeline.py
[2026-07-22T03:38:53.356+0000] {logging_mixin.py:190} INFO - [2026-07-22T03:38:53.355+0000] {dag.py:3239} INFO - Sync 1 DAGs
[2026-07-22T03:38:53.363+0000] {logging_mixin.py:190} INFO - [2026-07-22T03:38:53.363+0000] {dag.py:4180} INFO - Setting next_dagrun for olist_gcp_data_engineering_pipeline to None, run_after=None
[2026-07-22T03:38:53.373+0000] {processor.py:208} INFO - Processing /opt/airflow/dags/olist_pipeline.py took 0.884 seconds
[2026-07-22T03:39:23.742+0000] {processor.py:186} INFO - Started process (PID=1013) to work on /opt/airflow/dags/olist_pipeline.py
[2026-07-22T03:39:23.743+0000] {processor.py:914} INFO - Processing file /opt/airflow/dags/olist_pipeline.py for tasks to queue
[2026-07-22T03:39:23.745+0000] {logging_mixin.py:190} INFO - [2026-07-22T03:39:23.744+0000] {dagbag.py:588} INFO - Filling up the DagBag from /opt/airflow/dags/olist_pipeline.py
[2026-07-22T03:39:24.595+0000] {processor.py:925} INFO - DAG(s) 'olist_gcp_data_engineering_pipeline' retrieved from /opt/airflow/dags/olist_pipeline.py
[2026-07-22T03:39:24.615+0000] {logging_mixin.py:190} INFO - [2026-07-22T03:39:24.615+0000] {dag.py:3239} INFO - Sync 1 DAGs
[2026-07-22T03:39:24.623+0000] {logging_mixin.py:190} INFO - [2026-07-22T03:39:24.623+0000] {dag.py:4180} INFO - Setting next_dagrun for olist_gcp_data_engineering_pipeline to None, run_after=None
[2026-07-22T03:39:24.633+0000] {processor.py:208} INFO - Processing /opt/airflow/dags/olist_pipeline.py took 0.899 seconds
[2026-07-22T03:39:54.994+0000] {processor.py:186} INFO - Started process (PID=1019) to work on /opt/airflow/dags/olist_pipeline.py
[2026-07-22T03:39:54.995+0000] {processor.py:914} INFO - Processing file /opt/airflow/dags/olist_pipeline.py for tasks to queue
[2026-07-22T03:39:54.998+0000] {logging_mixin.py:190} INFO - [2026-07-22T03:39:54.998+0000] {dagbag.py:588} INFO - Filling up the DagBag from /opt/airflow/dags/olist_pipeline.py
[2026-07-22T03:39:55.883+0000] {processor.py:925} INFO - DAG(s) 'olist_gcp_data_engineering_pipeline' retrieved from /opt/airflow/dags/olist_pipeline.py
[2026-07-22T03:39:55.902+0000] {logging_mixin.py:190} INFO - [2026-07-22T03:39:55.902+0000] {dag.py:3239} INFO - Sync 1 DAGs
[2026-07-22T03:39:55.909+0000] {logging_mixin.py:190} INFO - [2026-07-22T03:39:55.909+0000] {dag.py:4180} INFO - Setting next_dagrun for olist_gcp_data_engineering_pipeline to None, run_after=None
[2026-07-22T03:39:55.919+0000] {processor.py:208} INFO - Processing /opt/airflow/dags/olist_pipeline.py took 0.934 seconds
[2026-07-22T03:40:26.241+0000] {processor.py:186} INFO - Started process (PID=1025) to work on /opt/airflow/dags/olist_pipeline.py
[2026-07-22T03:40:26.242+0000] {processor.py:914} INFO - Processing file /opt/airflow/dags/olist_pipeline.py for tasks to queue
[2026-07-22T03:40:26.244+0000] {logging_mixin.py:190} INFO - [2026-07-22T03:40:26.244+0000] {dagbag.py:588} INFO - Filling up the DagBag from /opt/airflow/dags/olist_pipeline.py
[2026-07-22T03:40:27.101+0000] {processor.py:925} INFO - DAG(s) 'olist_gcp_data_engineering_pipeline' retrieved from /opt/airflow/dags/olist_pipeline.py
[2026-07-22T03:40:27.122+0000] {logging_mixin.py:190} INFO - [2026-07-22T03:40:27.121+0000] {dag.py:3239} INFO - Sync 1 DAGs
[2026-07-22T03:40:27.131+0000] {logging_mixin.py:190} INFO - [2026-07-22T03:40:27.131+0000] {dag.py:4180} INFO - Setting next_dagrun for olist_gcp_data_engineering_pipeline to None, run_after=None
[2026-07-22T03:40:27.144+0000] {processor.py:208} INFO - Processing /opt/airflow/dags/olist_pipeline.py took 0.914 seconds
[2026-07-22T03:40:57.505+0000] {processor.py:186} INFO - Started process (PID=1031) to work on /opt/airflow/dags/olist_pipeline.py
[2026-07-22T03:40:57.506+0000] {processor.py:914} INFO - Processing file /opt/airflow/dags/olist_pipeline.py for tasks to queue
[2026-07-22T03:40:57.508+0000] {logging_mixin.py:190} INFO - [2026-07-22T03:40:57.508+0000] {dagbag.py:588} INFO - Filling up the DagBag from /opt/airflow/dags/olist_pipeline.py
[2026-07-22T03:40:58.275+0000] {processor.py:925} INFO - DAG(s) 'olist_gcp_data_engineering_pipeline' retrieved from /opt/airflow/dags/olist_pipeline.py
[2026-07-22T03:40:58.294+0000] {logging_mixin.py:190} INFO - [2026-07-22T03:40:58.294+0000] {dag.py:3239} INFO - Sync 1 DAGs
[2026-07-22T03:40:58.302+0000] {logging_mixin.py:190} INFO - [2026-07-22T03:40:58.302+0000] {dag.py:4180} INFO - Setting next_dagrun for olist_gcp_data_engineering_pipeline to None, run_after=None
[2026-07-22T03:40:58.312+0000] {processor.py:208} INFO - Processing /opt/airflow/dags/olist_pipeline.py took 0.814 seconds
[2026-07-22T03:41:28.561+0000] {processor.py:186} INFO - Started process (PID=1037) to work on /opt/airflow/dags/olist_pipeline.py
[2026-07-22T03:41:28.562+0000] {processor.py:914} INFO - Processing file /opt/airflow/dags/olist_pipeline.py for tasks to queue
[2026-07-22T03:41:28.564+0000] {logging_mixin.py:190} INFO - [2026-07-22T03:41:28.564+0000] {dagbag.py:588} INFO - Filling up the DagBag from /opt/airflow/dags/olist_pipeline.py
[2026-07-22T03:41:29.419+0000] {processor.py:925} INFO - DAG(s) 'olist_gcp_data_engineering_pipeline' retrieved from /opt/airflow/dags/olist_pipeline.py
[2026-07-22T03:41:29.437+0000] {logging_mixin.py:190} INFO - [2026-07-22T03:41:29.437+0000] {dag.py:3239} INFO - Sync 1 DAGs
[2026-07-22T03:41:29.445+0000] {logging_mixin.py:190} INFO - [2026-07-22T03:41:29.445+0000] {dag.py:4180} INFO - Setting next_dagrun for olist_gcp_data_engineering_pipeline to None, run_after=None
[2026-07-22T03:41:29.455+0000] {processor.py:208} INFO - Processing /opt/airflow/dags/olist_pipeline.py took 0.901 seconds
[2026-07-22T03:41:59.881+0000] {processor.py:186} INFO - Started process (PID=1043) to work on /opt/airflow/dags/olist_pipeline.py
[2026-07-22T03:41:59.881+0000] {processor.py:914} INFO - Processing file /opt/airflow/dags/olist_pipeline.py for tasks to queue
[2026-07-22T03:41:59.884+0000] {logging_mixin.py:190} INFO - [2026-07-22T03:41:59.883+0000] {dagbag.py:588} INFO - Filling up the DagBag from /opt/airflow/dags/olist_pipeline.py
[2026-07-22T03:42:00.671+0000] {processor.py:925} INFO - DAG(s) 'olist_gcp_data_engineering_pipeline' retrieved from /opt/airflow/dags/olist_pipeline.py
[2026-07-22T03:42:00.691+0000] {logging_mixin.py:190} INFO - [2026-07-22T03:42:00.691+0000] {dag.py:3239} INFO - Sync 1 DAGs
[2026-07-22T03:42:00.700+0000] {logging_mixin.py:190} INFO - [2026-07-22T03:42:00.699+0000] {dag.py:4180} INFO - Setting next_dagrun for olist_gcp_data_engineering_pipeline to None, run_after=None
[2026-07-22T03:42:00.709+0000] {processor.py:208} INFO - Processing /opt/airflow/dags/olist_pipeline.py took 0.837 seconds
[2026-07-22T03:42:31.077+0000] {processor.py:186} INFO - Started process (PID=1049) to work on /opt/airflow/dags/olist_pipeline.py
[2026-07-22T03:42:31.078+0000] {processor.py:914} INFO - Processing file /opt/airflow/dags/olist_pipeline.py for tasks to queue
[2026-07-22T03:42:31.080+0000] {logging_mixin.py:190} INFO - [2026-07-22T03:42:31.080+0000] {dagbag.py:588} INFO - Filling up the DagBag from /opt/airflow/dags/olist_pipeline.py
[2026-07-22T03:42:31.887+0000] {processor.py:925} INFO - DAG(s) 'olist_gcp_data_engineering_pipeline' retrieved from /opt/airflow/dags/olist_pipeline.py
[2026-07-22T03:42:31.906+0000] {logging_mixin.py:190} INFO - [2026-07-22T03:42:31.906+0000] {dag.py:3239} INFO - Sync 1 DAGs
[2026-07-22T03:42:31.913+0000] {logging_mixin.py:190} INFO - [2026-07-22T03:42:31.913+0000] {dag.py:4180} INFO - Setting next_dagrun for olist_gcp_data_engineering_pipeline to None, run_after=None
[2026-07-22T03:42:31.923+0000] {processor.py:208} INFO - Processing /opt/airflow/dags/olist_pipeline.py took 0.856 seconds
[2026-07-22T03:43:02.300+0000] {processor.py:186} INFO - Started process (PID=1055) to work on /opt/airflow/dags/olist_pipeline.py
[2026-07-22T03:43:02.301+0000] {processor.py:914} INFO - Processing file /opt/airflow/dags/olist_pipeline.py for tasks to queue
[2026-07-22T03:43:02.303+0000] {logging_mixin.py:190} INFO - [2026-07-22T03:43:02.302+0000] {dagbag.py:588} INFO - Filling up the DagBag from /opt/airflow/dags/olist_pipeline.py
[2026-07-22T03:43:03.079+0000] {processor.py:925} INFO - DAG(s) 'olist_gcp_data_engineering_pipeline' retrieved from /opt/airflow/dags/olist_pipeline.py
[2026-07-22T03:43:03.095+0000] {logging_mixin.py:190} INFO - [2026-07-22T03:43:03.095+0000] {dag.py:3239} INFO - Sync 1 DAGs
[2026-07-22T03:43:03.103+0000] {logging_mixin.py:190} INFO - [2026-07-22T03:43:03.103+0000] {dag.py:4180} INFO - Setting next_dagrun for olist_gcp_data_engineering_pipeline to None, run_after=None
[2026-07-22T03:43:03.113+0000] {processor.py:208} INFO - Processing /opt/airflow/dags/olist_pipeline.py took 0.820 seconds
[2026-07-22T03:43:33.509+0000] {processor.py:186} INFO - Started process (PID=1061) to work on /opt/airflow/dags/olist_pipeline.py
[2026-07-22T03:43:33.510+0000] {processor.py:914} INFO - Processing file /opt/airflow/dags/olist_pipeline.py for tasks to queue
[2026-07-22T03:43:33.514+0000] {logging_mixin.py:190} INFO - [2026-07-22T03:43:33.513+0000] {dagbag.py:588} INFO - Filling up the DagBag from /opt/airflow/dags/olist_pipeline.py
[2026-07-22T03:43:34.316+0000] {processor.py:925} INFO - DAG(s) 'olist_gcp_data_engineering_pipeline' retrieved from /opt/airflow/dags/olist_pipeline.py
[2026-07-22T03:43:34.336+0000] {logging_mixin.py:190} INFO - [2026-07-22T03:43:34.336+0000] {dag.py:3239} INFO - Sync 1 DAGs
[2026-07-22T03:43:34.344+0000] {logging_mixin.py:190} INFO - [2026-07-22T03:43:34.343+0000] {dag.py:4180} INFO - Setting next_dagrun for olist_gcp_data_engineering_pipeline to None, run_after=None
[2026-07-22T03:43:34.353+0000] {processor.py:208} INFO - Processing /opt/airflow/dags/olist_pipeline.py took 0.855 seconds
[2026-07-22T03:44:04.711+0000] {processor.py:186} INFO - Started process (PID=1067) to work on /opt/airflow/dags/olist_pipeline.py
[2026-07-22T03:44:04.712+0000] {processor.py:914} INFO - Processing file /opt/airflow/dags/olist_pipeline.py for tasks to queue
[2026-07-22T03:44:04.714+0000] {logging_mixin.py:190} INFO - [2026-07-22T03:44:04.714+0000] {dagbag.py:588} INFO - Filling up the DagBag from /opt/airflow/dags/olist_pipeline.py
[2026-07-22T03:44:05.464+0000] {processor.py:925} INFO - DAG(s) 'olist_gcp_data_engineering_pipeline' retrieved from /opt/airflow/dags/olist_pipeline.py
[2026-07-22T03:44:05.484+0000] {logging_mixin.py:190} INFO - [2026-07-22T03:44:05.484+0000] {dag.py:3239} INFO - Sync 1 DAGs
[2026-07-22T03:44:05.492+0000] {logging_mixin.py:190} INFO - [2026-07-22T03:44:05.492+0000] {dag.py:4180} INFO - Setting next_dagrun for olist_gcp_data_engineering_pipeline to None, run_after=None
[2026-07-22T03:44:05.501+0000] {processor.py:208} INFO - Processing /opt/airflow/dags/olist_pipeline.py took 0.797 seconds
[2026-07-22T03:44:35.680+0000] {processor.py:186} INFO - Started process (PID=1073) to work on /opt/airflow/dags/olist_pipeline.py
[2026-07-22T03:44:35.681+0000] {processor.py:914} INFO - Processing file /opt/airflow/dags/olist_pipeline.py for tasks to queue
[2026-07-22T03:44:35.683+0000] {logging_mixin.py:190} INFO - [2026-07-22T03:44:35.682+0000] {dagbag.py:588} INFO - Filling up the DagBag from /opt/airflow/dags/olist_pipeline.py
[2026-07-22T03:44:36.527+0000] {processor.py:925} INFO - DAG(s) 'olist_gcp_data_engineering_pipeline' retrieved from /opt/airflow/dags/olist_pipeline.py
[2026-07-22T03:44:36.544+0000] {logging_mixin.py:190} INFO - [2026-07-22T03:44:36.544+0000] {dag.py:3239} INFO - Sync 1 DAGs
[2026-07-22T03:44:36.552+0000] {logging_mixin.py:190} INFO - [2026-07-22T03:44:36.552+0000] {dag.py:4180} INFO - Setting next_dagrun for olist_gcp_data_engineering_pipeline to None, run_after=None
[2026-07-22T03:44:36.561+0000] {processor.py:208} INFO - Processing /opt/airflow/dags/olist_pipeline.py took 0.888 seconds
[2026-07-22T03:45:06.931+0000] {processor.py:186} INFO - Started process (PID=1079) to work on /opt/airflow/dags/olist_pipeline.py
[2026-07-22T03:45:06.933+0000] {processor.py:914} INFO - Processing file /opt/airflow/dags/olist_pipeline.py for tasks to queue
[2026-07-22T03:45:06.935+0000] {logging_mixin.py:190} INFO - [2026-07-22T03:45:06.935+0000] {dagbag.py:588} INFO - Filling up the DagBag from /opt/airflow/dags/olist_pipeline.py
[2026-07-22T03:45:07.851+0000] {processor.py:925} INFO - DAG(s) 'olist_gcp_data_engineering_pipeline' retrieved from /opt/airflow/dags/olist_pipeline.py
[2026-07-22T03:45:07.871+0000] {logging_mixin.py:190} INFO - [2026-07-22T03:45:07.871+0000] {dag.py:3239} INFO - Sync 1 DAGs
[2026-07-22T03:45:07.881+0000] {logging_mixin.py:190} INFO - [2026-07-22T03:45:07.880+0000] {dag.py:4180} INFO - Setting next_dagrun for olist_gcp_data_engineering_pipeline to None, run_after=None
[2026-07-22T03:45:07.891+0000] {processor.py:208} INFO - Processing /opt/airflow/dags/olist_pipeline.py took 0.967 seconds
[2026-07-22T03:45:38.195+0000] {processor.py:186} INFO - Started process (PID=1085) to work on /opt/airflow/dags/olist_pipeline.py
[2026-07-22T03:45:38.196+0000] {processor.py:914} INFO - Processing file /opt/airflow/dags/olist_pipeline.py for tasks to queue
[2026-07-22T03:45:38.199+0000] {logging_mixin.py:190} INFO - [2026-07-22T03:45:38.198+0000] {dagbag.py:588} INFO - Filling up the DagBag from /opt/airflow/dags/olist_pipeline.py
[2026-07-22T03:45:39.028+0000] {processor.py:925} INFO - DAG(s) 'olist_gcp_data_engineering_pipeline' retrieved from /opt/airflow/dags/olist_pipeline.py
[2026-07-22T03:45:39.045+0000] {logging_mixin.py:190} INFO - [2026-07-22T03:45:39.045+0000] {dag.py:3239} INFO - Sync 1 DAGs
[2026-07-22T03:45:39.058+0000] {logging_mixin.py:190} INFO - [2026-07-22T03:45:39.057+0000] {dag.py:4180} INFO - Setting next_dagrun for olist_gcp_data_engineering_pipeline to None, run_after=None
[2026-07-22T03:45:39.074+0000] {processor.py:208} INFO - Processing /opt/airflow/dags/olist_pipeline.py took 0.886 seconds
[2026-07-22T03:46:09.419+0000] {processor.py:186} INFO - Started process (PID=1091) to work on /opt/airflow/dags/olist_pipeline.py
[2026-07-22T03:46:09.420+0000] {processor.py:914} INFO - Processing file /opt/airflow/dags/olist_pipeline.py for tasks to queue
[2026-07-22T03:46:09.422+0000] {logging_mixin.py:190} INFO - [2026-07-22T03:46:09.422+0000] {dagbag.py:588} INFO - Filling up the DagBag from /opt/airflow/dags/olist_pipeline.py
[2026-07-22T03:46:10.324+0000] {processor.py:925} INFO - DAG(s) 'olist_gcp_data_engineering_pipeline' retrieved from /opt/airflow/dags/olist_pipeline.py
[2026-07-22T03:46:10.360+0000] {logging_mixin.py:190} INFO - [2026-07-22T03:46:10.359+0000] {dag.py:3239} INFO - Sync 1 DAGs
[2026-07-22T03:46:10.371+0000] {logging_mixin.py:190} INFO - [2026-07-22T03:46:10.371+0000] {dag.py:4180} INFO - Setting next_dagrun for olist_gcp_data_engineering_pipeline to None, run_after=None
[2026-07-22T03:46:10.384+0000] {processor.py:208} INFO - Processing /opt/airflow/dags/olist_pipeline.py took 0.973 seconds
[2026-07-22T03:46:40.708+0000] {processor.py:186} INFO - Started process (PID=1097) to work on /opt/airflow/dags/olist_pipeline.py
[2026-07-22T03:46:40.709+0000] {processor.py:914} INFO - Processing file /opt/airflow/dags/olist_pipeline.py for tasks to queue
[2026-07-22T03:46:40.712+0000] {logging_mixin.py:190} INFO - [2026-07-22T03:46:40.711+0000] {dagbag.py:588} INFO - Filling up the DagBag from /opt/airflow/dags/olist_pipeline.py
[2026-07-22T03:46:41.550+0000] {processor.py:925} INFO - DAG(s) 'olist_gcp_data_engineering_pipeline' retrieved from /opt/airflow/dags/olist_pipeline.py
[2026-07-22T03:46:41.572+0000] {logging_mixin.py:190} INFO - [2026-07-22T03:46:41.572+0000] {dag.py:3239} INFO - Sync 1 DAGs
[2026-07-22T03:46:41.580+0000] {logging_mixin.py:190} INFO - [2026-07-22T03:46:41.580+0000] {dag.py:4180} INFO - Setting next_dagrun for olist_gcp_data_engineering_pipeline to None, run_after=None
[2026-07-22T03:46:41.590+0000] {processor.py:208} INFO - Processing /opt/airflow/dags/olist_pipeline.py took 0.889 seconds
[2026-07-22T03:47:11.909+0000] {processor.py:186} INFO - Started process (PID=1103) to work on /opt/airflow/dags/olist_pipeline.py
[2026-07-22T03:47:11.910+0000] {processor.py:914} INFO - Processing file /opt/airflow/dags/olist_pipeline.py for tasks to queue
[2026-07-22T03:47:11.912+0000] {logging_mixin.py:190} INFO - [2026-07-22T03:47:11.912+0000] {dagbag.py:588} INFO - Filling up the DagBag from /opt/airflow/dags/olist_pipeline.py
[2026-07-22T03:47:12.689+0000] {processor.py:925} INFO - DAG(s) 'olist_gcp_data_engineering_pipeline' retrieved from /opt/airflow/dags/olist_pipeline.py
[2026-07-22T03:47:12.706+0000] {logging_mixin.py:190} INFO - [2026-07-22T03:47:12.706+0000] {dag.py:3239} INFO - Sync 1 DAGs
[2026-07-22T03:47:12.714+0000] {logging_mixin.py:190} INFO - [2026-07-22T03:47:12.714+0000] {dag.py:4180} INFO - Setting next_dagrun for olist_gcp_data_engineering_pipeline to None, run_after=None
[2026-07-22T03:47:12.723+0000] {processor.py:208} INFO - Processing /opt/airflow/dags/olist_pipeline.py took 0.822 seconds
[2026-07-22T03:47:43.083+0000] {processor.py:186} INFO - Started process (PID=1109) to work on /opt/airflow/dags/olist_pipeline.py
[2026-07-22T03:47:43.084+0000] {processor.py:914} INFO - Processing file /opt/airflow/dags/olist_pipeline.py for tasks to queue
[2026-07-22T03:47:43.087+0000] {logging_mixin.py:190} INFO - [2026-07-22T03:47:43.087+0000] {dagbag.py:588} INFO - Filling up the DagBag from /opt/airflow/dags/olist_pipeline.py
[2026-07-22T03:47:43.921+0000] {processor.py:925} INFO - DAG(s) 'olist_gcp_data_engineering_pipeline' retrieved from /opt/airflow/dags/olist_pipeline.py
[2026-07-22T03:47:43.941+0000] {logging_mixin.py:190} INFO - [2026-07-22T03:47:43.941+0000] {dag.py:3239} INFO - Sync 1 DAGs
[2026-07-22T03:47:43.949+0000] {logging_mixin.py:190} INFO - [2026-07-22T03:47:43.949+0000] {dag.py:4180} INFO - Setting next_dagrun for olist_gcp_data_engineering_pipeline to None, run_after=None
[2026-07-22T03:47:43.959+0000] {processor.py:208} INFO - Processing /opt/airflow/dags/olist_pipeline.py took 0.886 seconds
[2026-07-22T03:48:14.020+0000] {processor.py:186} INFO - Started process (PID=1115) to work on /opt/airflow/dags/olist_pipeline.py
[2026-07-22T03:48:14.021+0000] {processor.py:914} INFO - Processing file /opt/airflow/dags/olist_pipeline.py for tasks to queue
[2026-07-22T03:48:14.023+0000] {logging_mixin.py:190} INFO - [2026-07-22T03:48:14.022+0000] {dagbag.py:588} INFO - Filling up the DagBag from /opt/airflow/dags/olist_pipeline.py
[2026-07-22T03:48:14.835+0000] {processor.py:925} INFO - DAG(s) 'olist_gcp_data_engineering_pipeline' retrieved from /opt/airflow/dags/olist_pipeline.py
[2026-07-22T03:48:14.856+0000] {logging_mixin.py:190} INFO - [2026-07-22T03:48:14.856+0000] {dag.py:3239} INFO - Sync 1 DAGs
[2026-07-22T03:48:14.865+0000] {logging_mixin.py:190} INFO - [2026-07-22T03:48:14.864+0000] {dag.py:4180} INFO - Setting next_dagrun for olist_gcp_data_engineering_pipeline to None, run_after=None
[2026-07-22T03:48:14.877+0000] {processor.py:208} INFO - Processing /opt/airflow/dags/olist_pipeline.py took 0.863 seconds
[2026-07-22T03:48:45.277+0000] {processor.py:186} INFO - Started process (PID=1121) to work on /opt/airflow/dags/olist_pipeline.py
[2026-07-22T03:48:45.278+0000] {processor.py:914} INFO - Processing file /opt/airflow/dags/olist_pipeline.py for tasks to queue
[2026-07-22T03:48:45.280+0000] {logging_mixin.py:190} INFO - [2026-07-22T03:48:45.280+0000] {dagbag.py:588} INFO - Filling up the DagBag from /opt/airflow/dags/olist_pipeline.py
[2026-07-22T03:48:46.088+0000] {processor.py:925} INFO - DAG(s) 'olist_gcp_data_engineering_pipeline' retrieved from /opt/airflow/dags/olist_pipeline.py
[2026-07-22T03:48:46.110+0000] {logging_mixin.py:190} INFO - [2026-07-22T03:48:46.110+0000] {dag.py:3239} INFO - Sync 1 DAGs
[2026-07-22T03:48:46.120+0000] {logging_mixin.py:190} INFO - [2026-07-22T03:48:46.120+0000] {dag.py:4180} INFO - Setting next_dagrun for olist_gcp_data_engineering_pipeline to None, run_after=None
[2026-07-22T03:48:46.131+0000] {processor.py:208} INFO - Processing /opt/airflow/dags/olist_pipeline.py took 0.862 seconds
[2026-07-22T03:49:16.504+0000] {processor.py:186} INFO - Started process (PID=1127) to work on /opt/airflow/dags/olist_pipeline.py
[2026-07-22T03:49:16.505+0000] {processor.py:914} INFO - Processing file /opt/airflow/dags/olist_pipeline.py for tasks to queue
[2026-07-22T03:49:16.507+0000] {logging_mixin.py:190} INFO - [2026-07-22T03:49:16.507+0000] {dagbag.py:588} INFO - Filling up the DagBag from /opt/airflow/dags/olist_pipeline.py
[2026-07-22T03:49:17.361+0000] {processor.py:925} INFO - DAG(s) 'olist_gcp_data_engineering_pipeline' retrieved from /opt/airflow/dags/olist_pipeline.py
[2026-07-22T03:49:17.380+0000] {logging_mixin.py:190} INFO - [2026-07-22T03:49:17.380+0000] {dag.py:3239} INFO - Sync 1 DAGs
[2026-07-22T03:49:17.387+0000] {logging_mixin.py:190} INFO - [2026-07-22T03:49:17.387+0000] {dag.py:4180} INFO - Setting next_dagrun for olist_gcp_data_engineering_pipeline to None, run_after=None
[2026-07-22T03:49:17.396+0000] {processor.py:208} INFO - Processing /opt/airflow/dags/olist_pipeline.py took 0.900 seconds
[2026-07-22T03:49:47.773+0000] {processor.py:186} INFO - Started process (PID=1133) to work on /opt/airflow/dags/olist_pipeline.py
[2026-07-22T03:49:47.774+0000] {processor.py:914} INFO - Processing file /opt/airflow/dags/olist_pipeline.py for tasks to queue
[2026-07-22T03:49:47.777+0000] {logging_mixin.py:190} INFO - [2026-07-22T03:49:47.777+0000] {dagbag.py:588} INFO - Filling up the DagBag from /opt/airflow/dags/olist_pipeline.py
[2026-07-22T03:49:48.614+0000] {processor.py:925} INFO - DAG(s) 'olist_gcp_data_engineering_pipeline' retrieved from /opt/airflow/dags/olist_pipeline.py
[2026-07-22T03:49:48.633+0000] {logging_mixin.py:190} INFO - [2026-07-22T03:49:48.633+0000] {dag.py:3239} INFO - Sync 1 DAGs
[2026-07-22T03:49:48.641+0000] {logging_mixin.py:190} INFO - [2026-07-22T03:49:48.641+0000] {dag.py:4180} INFO - Setting next_dagrun for olist_gcp_data_engineering_pipeline to None, run_after=None
[2026-07-22T03:49:48.650+0000] {processor.py:208} INFO - Processing /opt/airflow/dags/olist_pipeline.py took 0.887 seconds
[2026-07-22T03:50:19.018+0000] {processor.py:186} INFO - Started process (PID=1139) to work on /opt/airflow/dags/olist_pipeline.py
[2026-07-22T03:50:19.019+0000] {processor.py:914} INFO - Processing file /opt/airflow/dags/olist_pipeline.py for tasks to queue
[2026-07-22T03:50:19.021+0000] {logging_mixin.py:190} INFO - [2026-07-22T03:50:19.021+0000] {dagbag.py:588} INFO - Filling up the DagBag from /opt/airflow/dags/olist_pipeline.py
[2026-07-22T03:50:19.796+0000] {processor.py:925} INFO - DAG(s) 'olist_gcp_data_engineering_pipeline' retrieved from /opt/airflow/dags/olist_pipeline.py
[2026-07-22T03:50:19.813+0000] {logging_mixin.py:190} INFO - [2026-07-22T03:50:19.813+0000] {dag.py:3239} INFO - Sync 1 DAGs
[2026-07-22T03:50:19.820+0000] {logging_mixin.py:190} INFO - [2026-07-22T03:50:19.820+0000] {dag.py:4180} INFO - Setting next_dagrun for olist_gcp_data_engineering_pipeline to None, run_after=None
[2026-07-22T03:50:19.830+0000] {processor.py:208} INFO - Processing /opt/airflow/dags/olist_pipeline.py took 0.818 seconds
[2026-07-22T03:50:50.187+0000] {processor.py:186} INFO - Started process (PID=1145) to work on /opt/airflow/dags/olist_pipeline.py
[2026-07-22T03:50:50.188+0000] {processor.py:914} INFO - Processing file /opt/airflow/dags/olist_pipeline.py for tasks to queue
[2026-07-22T03:50:50.190+0000] {logging_mixin.py:190} INFO - [2026-07-22T03:50:50.189+0000] {dagbag.py:588} INFO - Filling up the DagBag from /opt/airflow/dags/olist_pipeline.py
[2026-07-22T03:50:51.068+0000] {processor.py:925} INFO - DAG(s) 'olist_gcp_data_engineering_pipeline' retrieved from /opt/airflow/dags/olist_pipeline.py
[2026-07-22T03:50:51.089+0000] {logging_mixin.py:190} INFO - [2026-07-22T03:50:51.089+0000] {dag.py:3239} INFO - Sync 1 DAGs
[2026-07-22T03:50:51.098+0000] {logging_mixin.py:190} INFO - [2026-07-22T03:50:51.098+0000] {dag.py:4180} INFO - Setting next_dagrun for olist_gcp_data_engineering_pipeline to None, run_after=None
[2026-07-22T03:50:51.109+0000] {processor.py:208} INFO - Processing /opt/airflow/dags/olist_pipeline.py took 0.927 seconds
[2026-07-22T03:51:21.467+0000] {processor.py:186} INFO - Started process (PID=1151) to work on /opt/airflow/dags/olist_pipeline.py
[2026-07-22T03:51:21.468+0000] {processor.py:914} INFO - Processing file /opt/airflow/dags/olist_pipeline.py for tasks to queue
[2026-07-22T03:51:21.470+0000] {logging_mixin.py:190} INFO - [2026-07-22T03:51:21.470+0000] {dagbag.py:588} INFO - Filling up the DagBag from /opt/airflow/dags/olist_pipeline.py
[2026-07-22T03:51:22.261+0000] {processor.py:925} INFO - DAG(s) 'olist_gcp_data_engineering_pipeline' retrieved from /opt/airflow/dags/olist_pipeline.py
[2026-07-22T03:51:22.279+0000] {logging_mixin.py:190} INFO - [2026-07-22T03:51:22.279+0000] {dag.py:3239} INFO - Sync 1 DAGs
[2026-07-22T03:51:22.288+0000] {logging_mixin.py:190} INFO - [2026-07-22T03:51:22.287+0000] {dag.py:4180} INFO - Setting next_dagrun for olist_gcp_data_engineering_pipeline to None, run_after=None
[2026-07-22T03:51:22.297+0000] {processor.py:208} INFO - Processing /opt/airflow/dags/olist_pipeline.py took 0.837 seconds
[2026-07-22T03:51:52.698+0000] {processor.py:186} INFO - Started process (PID=1157) to work on /opt/airflow/dags/olist_pipeline.py
[2026-07-22T03:51:52.699+0000] {processor.py:914} INFO - Processing file /opt/airflow/dags/olist_pipeline.py for tasks to queue
[2026-07-22T03:51:52.701+0000] {logging_mixin.py:190} INFO - [2026-07-22T03:51:52.700+0000] {dagbag.py:588} INFO - Filling up the DagBag from /opt/airflow/dags/olist_pipeline.py
[2026-07-22T03:51:53.516+0000] {processor.py:925} INFO - DAG(s) 'olist_gcp_data_engineering_pipeline' retrieved from /opt/airflow/dags/olist_pipeline.py
[2026-07-22T03:51:53.536+0000] {logging_mixin.py:190} INFO - [2026-07-22T03:51:53.536+0000] {dag.py:3239} INFO - Sync 1 DAGs
[2026-07-22T03:51:53.545+0000] {logging_mixin.py:190} INFO - [2026-07-22T03:51:53.544+0000] {dag.py:4180} INFO - Setting next_dagrun for olist_gcp_data_engineering_pipeline to None, run_after=None
[2026-07-22T03:51:53.554+0000] {processor.py:208} INFO - Processing /opt/airflow/dags/olist_pipeline.py took 0.864 seconds
[2026-07-22T03:52:23.671+0000] {processor.py:186} INFO - Started process (PID=1163) to work on /opt/airflow/dags/olist_pipeline.py
[2026-07-22T03:52:23.672+0000] {processor.py:914} INFO - Processing file /opt/airflow/dags/olist_pipeline.py for tasks to queue
[2026-07-22T03:52:23.674+0000] {logging_mixin.py:190} INFO - [2026-07-22T03:52:23.673+0000] {dagbag.py:588} INFO - Filling up the DagBag from /opt/airflow/dags/olist_pipeline.py
[2026-07-22T03:52:24.438+0000] {processor.py:925} INFO - DAG(s) 'olist_gcp_data_engineering_pipeline' retrieved from /opt/airflow/dags/olist_pipeline.py
[2026-07-22T03:52:24.457+0000] {logging_mixin.py:190} INFO - [2026-07-22T03:52:24.457+0000] {dag.py:3239} INFO - Sync 1 DAGs
[2026-07-22T03:52:24.465+0000] {logging_mixin.py:190} INFO - [2026-07-22T03:52:24.465+0000] {dag.py:4180} INFO - Setting next_dagrun for olist_gcp_data_engineering_pipeline to None, run_after=None
[2026-07-22T03:52:24.475+0000] {processor.py:208} INFO - Processing /opt/airflow/dags/olist_pipeline.py took 0.810 seconds
[2026-07-22T03:52:54.874+0000] {processor.py:186} INFO - Started process (PID=1169) to work on /opt/airflow/dags/olist_pipeline.py
[2026-07-22T03:52:54.876+0000] {processor.py:914} INFO - Processing file /opt/airflow/dags/olist_pipeline.py for tasks to queue
[2026-07-22T03:52:54.878+0000] {logging_mixin.py:190} INFO - [2026-07-22T03:52:54.877+0000] {dagbag.py:588} INFO - Filling up the DagBag from /opt/airflow/dags/olist_pipeline.py
[2026-07-22T03:52:55.676+0000] {processor.py:925} INFO - DAG(s) 'olist_gcp_data_engineering_pipeline' retrieved from /opt/airflow/dags/olist_pipeline.py
[2026-07-22T03:52:55.697+0000] {logging_mixin.py:190} INFO - [2026-07-22T03:52:55.696+0000] {dag.py:3239} INFO - Sync 1 DAGs
[2026-07-22T03:52:55.705+0000] {logging_mixin.py:190} INFO - [2026-07-22T03:52:55.705+0000] {dag.py:4180} INFO - Setting next_dagrun for olist_gcp_data_engineering_pipeline to None, run_after=None
[2026-07-22T03:52:55.716+0000] {processor.py:208} INFO - Processing /opt/airflow/dags/olist_pipeline.py took 0.850 seconds
[2026-07-22T03:53:26.089+0000] {processor.py:186} INFO - Started process (PID=1175) to work on /opt/airflow/dags/olist_pipeline.py
[2026-07-22T03:53:26.090+0000] {processor.py:914} INFO - Processing file /opt/airflow/dags/olist_pipeline.py for tasks to queue
[2026-07-22T03:53:26.093+0000] {logging_mixin.py:190} INFO - [2026-07-22T03:53:26.093+0000] {dagbag.py:588} INFO - Filling up the DagBag from /opt/airflow/dags/olist_pipeline.py
[2026-07-22T03:53:26.873+0000] {processor.py:925} INFO - DAG(s) 'olist_gcp_data_engineering_pipeline' retrieved from /opt/airflow/dags/olist_pipeline.py
[2026-07-22T03:53:26.892+0000] {logging_mixin.py:190} INFO - [2026-07-22T03:53:26.892+0000] {dag.py:3239} INFO - Sync 1 DAGs
[2026-07-22T03:53:26.899+0000] {logging_mixin.py:190} INFO - [2026-07-22T03:53:26.899+0000] {dag.py:4180} INFO - Setting next_dagrun for olist_gcp_data_engineering_pipeline to None, run_after=None
[2026-07-22T03:53:26.909+0000] {processor.py:208} INFO - Processing /opt/airflow/dags/olist_pipeline.py took 0.830 seconds
[2026-07-22T03:53:56.976+0000] {processor.py:186} INFO - Started process (PID=1181) to work on /opt/airflow/dags/olist_pipeline.py
[2026-07-22T03:53:56.977+0000] {processor.py:914} INFO - Processing file /opt/airflow/dags/olist_pipeline.py for tasks to queue
[2026-07-22T03:53:56.979+0000] {logging_mixin.py:190} INFO - [2026-07-22T03:53:56.978+0000] {dagbag.py:588} INFO - Filling up the DagBag from /opt/airflow/dags/olist_pipeline.py
[2026-07-22T03:53:57.812+0000] {processor.py:925} INFO - DAG(s) 'olist_gcp_data_engineering_pipeline' retrieved from /opt/airflow/dags/olist_pipeline.py
[2026-07-22T03:53:57.834+0000] {logging_mixin.py:190} INFO - [2026-07-22T03:53:57.833+0000] {dag.py:3239} INFO - Sync 1 DAGs
[2026-07-22T03:53:57.842+0000] {logging_mixin.py:190} INFO - [2026-07-22T03:53:57.842+0000] {dag.py:4180} INFO - Setting next_dagrun for olist_gcp_data_engineering_pipeline to None, run_after=None
[2026-07-22T03:53:57.853+0000] {processor.py:208} INFO - Processing /opt/airflow/dags/olist_pipeline.py took 0.883 seconds
[2026-07-22T03:54:28.220+0000] {processor.py:186} INFO - Started process (PID=1187) to work on /opt/airflow/dags/olist_pipeline.py
[2026-07-22T03:54:28.222+0000] {processor.py:914} INFO - Processing file /opt/airflow/dags/olist_pipeline.py for tasks to queue
[2026-07-22T03:54:28.223+0000] {logging_mixin.py:190} INFO - [2026-07-22T03:54:28.223+0000] {dagbag.py:588} INFO - Filling up the DagBag from /opt/airflow/dags/olist_pipeline.py
[2026-07-22T03:54:29.030+0000] {processor.py:925} INFO - DAG(s) 'olist_gcp_data_engineering_pipeline' retrieved from /opt/airflow/dags/olist_pipeline.py
[2026-07-22T03:54:29.050+0000] {logging_mixin.py:190} INFO - [2026-07-22T03:54:29.050+0000] {dag.py:3239} INFO - Sync 1 DAGs
[2026-07-22T03:54:29.060+0000] {logging_mixin.py:190} INFO - [2026-07-22T03:54:29.060+0000] {dag.py:4180} INFO - Setting next_dagrun for olist_gcp_data_engineering_pipeline to None, run_after=None
[2026-07-22T03:54:29.071+0000] {processor.py:208} INFO - Processing /opt/airflow/dags/olist_pipeline.py took 0.859 seconds
[2026-07-22T03:54:59.415+0000] {processor.py:186} INFO - Started process (PID=1193) to work on /opt/airflow/dags/olist_pipeline.py
[2026-07-22T03:54:59.416+0000] {processor.py:914} INFO - Processing file /opt/airflow/dags/olist_pipeline.py for tasks to queue
[2026-07-22T03:54:59.417+0000] {logging_mixin.py:190} INFO - [2026-07-22T03:54:59.417+0000] {dagbag.py:588} INFO - Filling up the DagBag from /opt/airflow/dags/olist_pipeline.py
[2026-07-22T03:55:00.263+0000] {processor.py:925} INFO - DAG(s) 'olist_gcp_data_engineering_pipeline' retrieved from /opt/airflow/dags/olist_pipeline.py
[2026-07-22T03:55:00.285+0000] {logging_mixin.py:190} INFO - [2026-07-22T03:55:00.285+0000] {dag.py:3239} INFO - Sync 1 DAGs
[2026-07-22T03:55:00.294+0000] {logging_mixin.py:190} INFO - [2026-07-22T03:55:00.294+0000] {dag.py:4180} INFO - Setting next_dagrun for olist_gcp_data_engineering_pipeline to None, run_after=None
[2026-07-22T03:55:00.304+0000] {processor.py:208} INFO - Processing /opt/airflow/dags/olist_pipeline.py took 0.896 seconds
[2026-07-22T03:55:30.658+0000] {processor.py:186} INFO - Started process (PID=1199) to work on /opt/airflow/dags/olist_pipeline.py
[2026-07-22T03:55:30.660+0000] {processor.py:914} INFO - Processing file /opt/airflow/dags/olist_pipeline.py for tasks to queue
[2026-07-22T03:55:30.661+0000] {logging_mixin.py:190} INFO - [2026-07-22T03:55:30.661+0000] {dagbag.py:588} INFO - Filling up the DagBag from /opt/airflow/dags/olist_pipeline.py
[2026-07-22T03:55:31.450+0000] {processor.py:925} INFO - DAG(s) 'olist_gcp_data_engineering_pipeline' retrieved from /opt/airflow/dags/olist_pipeline.py
[2026-07-22T03:55:31.470+0000] {logging_mixin.py:190} INFO - [2026-07-22T03:55:31.469+0000] {dag.py:3239} INFO - Sync 1 DAGs
[2026-07-22T03:55:31.478+0000] {logging_mixin.py:190} INFO - [2026-07-22T03:55:31.478+0000] {dag.py:4180} INFO - Setting next_dagrun for olist_gcp_data_engineering_pipeline to None, run_after=None
[2026-07-22T03:55:31.489+0000] {processor.py:208} INFO - Processing /opt/airflow/dags/olist_pipeline.py took 0.837 seconds
[2026-07-22T03:56:01.659+0000] {processor.py:186} INFO - Started process (PID=1205) to work on /opt/airflow/dags/olist_pipeline.py
[2026-07-22T03:56:01.660+0000] {processor.py:914} INFO - Processing file /opt/airflow/dags/olist_pipeline.py for tasks to queue
[2026-07-22T03:56:01.662+0000] {logging_mixin.py:190} INFO - [2026-07-22T03:56:01.662+0000] {dagbag.py:588} INFO - Filling up the DagBag from /opt/airflow/dags/olist_pipeline.py
[2026-07-22T03:56:02.429+0000] {processor.py:925} INFO - DAG(s) 'olist_gcp_data_engineering_pipeline' retrieved from /opt/airflow/dags/olist_pipeline.py
[2026-07-22T03:56:02.445+0000] {logging_mixin.py:190} INFO - [2026-07-22T03:56:02.445+0000] {dag.py:3239} INFO - Sync 1 DAGs
[2026-07-22T03:56:02.452+0000] {logging_mixin.py:190} INFO - [2026-07-22T03:56:02.452+0000] {dag.py:4180} INFO - Setting next_dagrun for olist_gcp_data_engineering_pipeline to None, run_after=None
[2026-07-22T03:56:02.461+0000] {processor.py:208} INFO - Processing /opt/airflow/dags/olist_pipeline.py took 0.809 seconds
[2026-07-22T03:56:32.844+0000] {processor.py:186} INFO - Started process (PID=1211) to work on /opt/airflow/dags/olist_pipeline.py
[2026-07-22T03:56:32.845+0000] {processor.py:914} INFO - Processing file /opt/airflow/dags/olist_pipeline.py for tasks to queue
[2026-07-22T03:56:32.848+0000] {logging_mixin.py:190} INFO - [2026-07-22T03:56:32.848+0000] {dagbag.py:588} INFO - Filling up the DagBag from /opt/airflow/dags/olist_pipeline.py
[2026-07-22T03:56:33.747+0000] {processor.py:925} INFO - DAG(s) 'olist_gcp_data_engineering_pipeline' retrieved from /opt/airflow/dags/olist_pipeline.py
[2026-07-22T03:56:33.778+0000] {logging_mixin.py:190} INFO - [2026-07-22T03:56:33.778+0000] {dag.py:3239} INFO - Sync 1 DAGs
[2026-07-22T03:56:33.789+0000] {logging_mixin.py:190} INFO - [2026-07-22T03:56:33.788+0000] {dag.py:4180} INFO - Setting next_dagrun for olist_gcp_data_engineering_pipeline to None, run_after=None
[2026-07-22T03:56:33.805+0000] {processor.py:208} INFO - Processing /opt/airflow/dags/olist_pipeline.py took 0.971 seconds
[2026-07-22T03:57:04.199+0000] {processor.py:186} INFO - Started process (PID=1217) to work on /opt/airflow/dags/olist_pipeline.py
[2026-07-22T03:57:04.200+0000] {processor.py:914} INFO - Processing file /opt/airflow/dags/olist_pipeline.py for tasks to queue
[2026-07-22T03:57:04.202+0000] {logging_mixin.py:190} INFO - [2026-07-22T03:57:04.202+0000] {dagbag.py:588} INFO - Filling up the DagBag from /opt/airflow/dags/olist_pipeline.py
[2026-07-22T03:57:05.016+0000] {processor.py:925} INFO - DAG(s) 'olist_gcp_data_engineering_pipeline' retrieved from /opt/airflow/dags/olist_pipeline.py
[2026-07-22T03:57:05.035+0000] {logging_mixin.py:190} INFO - [2026-07-22T03:57:05.034+0000] {dag.py:3239} INFO - Sync 1 DAGs
[2026-07-22T03:57:05.043+0000] {logging_mixin.py:190} INFO - [2026-07-22T03:57:05.043+0000] {dag.py:4180} INFO - Setting next_dagrun for olist_gcp_data_engineering_pipeline to None, run_after=None
[2026-07-22T03:57:05.052+0000] {processor.py:208} INFO - Processing /opt/airflow/dags/olist_pipeline.py took 0.861 seconds
[2026-07-22T03:57:35.444+0000] {processor.py:186} INFO - Started process (PID=1223) to work on /opt/airflow/dags/olist_pipeline.py
[2026-07-22T03:57:35.446+0000] {processor.py:914} INFO - Processing file /opt/airflow/dags/olist_pipeline.py for tasks to queue
[2026-07-22T03:57:35.448+0000] {logging_mixin.py:190} INFO - [2026-07-22T03:57:35.448+0000] {dagbag.py:588} INFO - Filling up the DagBag from /opt/airflow/dags/olist_pipeline.py
[2026-07-22T03:57:36.301+0000] {processor.py:925} INFO - DAG(s) 'olist_gcp_data_engineering_pipeline' retrieved from /opt/airflow/dags/olist_pipeline.py
[2026-07-22T03:57:36.322+0000] {logging_mixin.py:190} INFO - [2026-07-22T03:57:36.321+0000] {dag.py:3239} INFO - Sync 1 DAGs
[2026-07-22T03:57:36.332+0000] {logging_mixin.py:190} INFO - [2026-07-22T03:57:36.332+0000] {dag.py:4180} INFO - Setting next_dagrun for olist_gcp_data_engineering_pipeline to None, run_after=None
[2026-07-22T03:57:36.344+0000] {processor.py:208} INFO - Processing /opt/airflow/dags/olist_pipeline.py took 0.907 seconds
[2026-07-22T03:58:06.720+0000] {processor.py:186} INFO - Started process (PID=1229) to work on /opt/airflow/dags/olist_pipeline.py
[2026-07-22T03:58:06.721+0000] {processor.py:914} INFO - Processing file /opt/airflow/dags/olist_pipeline.py for tasks to queue
[2026-07-22T03:58:06.723+0000] {logging_mixin.py:190} INFO - [2026-07-22T03:58:06.723+0000] {dagbag.py:588} INFO - Filling up the DagBag from /opt/airflow/dags/olist_pipeline.py
[2026-07-22T03:58:07.549+0000] {processor.py:925} INFO - DAG(s) 'olist_gcp_data_engineering_pipeline' retrieved from /opt/airflow/dags/olist_pipeline.py
[2026-07-22T03:58:07.567+0000] {logging_mixin.py:190} INFO - [2026-07-22T03:58:07.567+0000] {dag.py:3239} INFO - Sync 1 DAGs
[2026-07-22T03:58:07.574+0000] {logging_mixin.py:190} INFO - [2026-07-22T03:58:07.574+0000] {dag.py:4180} INFO - Setting next_dagrun for olist_gcp_data_engineering_pipeline to None, run_after=None
[2026-07-22T03:58:07.584+0000] {processor.py:208} INFO - Processing /opt/airflow/dags/olist_pipeline.py took 0.871 seconds
[2026-07-22T03:58:37.983+0000] {processor.py:186} INFO - Started process (PID=1235) to work on /opt/airflow/dags/olist_pipeline.py
[2026-07-22T03:58:37.985+0000] {processor.py:914} INFO - Processing file /opt/airflow/dags/olist_pipeline.py for tasks to queue
[2026-07-22T03:58:37.988+0000] {logging_mixin.py:190} INFO - [2026-07-22T03:58:37.988+0000] {dagbag.py:588} INFO - Filling up the DagBag from /opt/airflow/dags/olist_pipeline.py
[2026-07-22T03:58:38.839+0000] {processor.py:925} INFO - DAG(s) 'olist_gcp_data_engineering_pipeline' retrieved from /opt/airflow/dags/olist_pipeline.py
[2026-07-22T03:58:38.862+0000] {logging_mixin.py:190} INFO - [2026-07-22T03:58:38.862+0000] {dag.py:3239} INFO - Sync 1 DAGs
[2026-07-22T03:58:38.870+0000] {logging_mixin.py:190} INFO - [2026-07-22T03:58:38.870+0000] {dag.py:4180} INFO - Setting next_dagrun for olist_gcp_data_engineering_pipeline to None, run_after=None
[2026-07-22T03:58:38.881+0000] {processor.py:208} INFO - Processing /opt/airflow/dags/olist_pipeline.py took 0.908 seconds
[2026-07-22T03:59:09.242+0000] {processor.py:186} INFO - Started process (PID=1241) to work on /opt/airflow/dags/olist_pipeline.py
[2026-07-22T03:59:09.242+0000] {processor.py:914} INFO - Processing file /opt/airflow/dags/olist_pipeline.py for tasks to queue
[2026-07-22T03:59:09.244+0000] {logging_mixin.py:190} INFO - [2026-07-22T03:59:09.244+0000] {dagbag.py:588} INFO - Filling up the DagBag from /opt/airflow/dags/olist_pipeline.py
[2026-07-22T03:59:10.068+0000] {processor.py:925} INFO - DAG(s) 'olist_gcp_data_engineering_pipeline' retrieved from /opt/airflow/dags/olist_pipeline.py
[2026-07-22T03:59:10.090+0000] {logging_mixin.py:190} INFO - [2026-07-22T03:59:10.090+0000] {dag.py:3239} INFO - Sync 1 DAGs
[2026-07-22T03:59:10.099+0000] {logging_mixin.py:190} INFO - [2026-07-22T03:59:10.099+0000] {dag.py:4180} INFO - Setting next_dagrun for olist_gcp_data_engineering_pipeline to None, run_after=None
[2026-07-22T03:59:10.109+0000] {processor.py:208} INFO - Processing /opt/airflow/dags/olist_pipeline.py took 0.872 seconds
[2026-07-22T03:59:40.487+0000] {processor.py:186} INFO - Started process (PID=1247) to work on /opt/airflow/dags/olist_pipeline.py
[2026-07-22T03:59:40.489+0000] {processor.py:914} INFO - Processing file /opt/airflow/dags/olist_pipeline.py for tasks to queue
[2026-07-22T03:59:40.491+0000] {logging_mixin.py:190} INFO - [2026-07-22T03:59:40.491+0000] {dagbag.py:588} INFO - Filling up the DagBag from /opt/airflow/dags/olist_pipeline.py
[2026-07-22T03:59:41.292+0000] {processor.py:925} INFO - DAG(s) 'olist_gcp_data_engineering_pipeline' retrieved from /opt/airflow/dags/olist_pipeline.py
[2026-07-22T03:59:41.310+0000] {logging_mixin.py:190} INFO - [2026-07-22T03:59:41.310+0000] {dag.py:3239} INFO - Sync 1 DAGs
[2026-07-22T03:59:41.318+0000] {logging_mixin.py:190} INFO - [2026-07-22T03:59:41.318+0000] {dag.py:4180} INFO - Setting next_dagrun for olist_gcp_data_engineering_pipeline to None, run_after=None
[2026-07-22T03:59:41.328+0000] {processor.py:208} INFO - Processing /opt/airflow/dags/olist_pipeline.py took 0.851 seconds
[2026-07-22T04:00:11.689+0000] {processor.py:186} INFO - Started process (PID=1253) to work on /opt/airflow/dags/olist_pipeline.py
[2026-07-22T04:00:11.690+0000] {processor.py:914} INFO - Processing file /opt/airflow/dags/olist_pipeline.py for tasks to queue
[2026-07-22T04:00:11.692+0000] {logging_mixin.py:190} INFO - [2026-07-22T04:00:11.691+0000] {dagbag.py:588} INFO - Filling up the DagBag from /opt/airflow/dags/olist_pipeline.py
[2026-07-22T04:00:12.484+0000] {processor.py:925} INFO - DAG(s) 'olist_gcp_data_engineering_pipeline' retrieved from /opt/airflow/dags/olist_pipeline.py
[2026-07-22T04:00:12.504+0000] {logging_mixin.py:190} INFO - [2026-07-22T04:00:12.504+0000] {dag.py:3239} INFO - Sync 1 DAGs
[2026-07-22T04:00:12.513+0000] {logging_mixin.py:190} INFO - [2026-07-22T04:00:12.513+0000] {dag.py:4180} INFO - Setting next_dagrun for olist_gcp_data_engineering_pipeline to None, run_after=None
[2026-07-22T04:00:12.523+0000] {processor.py:208} INFO - Processing /opt/airflow/dags/olist_pipeline.py took 0.842 seconds
[2026-07-22T04:00:42.726+0000] {processor.py:186} INFO - Started process (PID=1259) to work on /opt/airflow/dags/olist_pipeline.py
[2026-07-22T04:00:42.727+0000] {processor.py:914} INFO - Processing file /opt/airflow/dags/olist_pipeline.py for tasks to queue
[2026-07-22T04:00:42.729+0000] {logging_mixin.py:190} INFO - [2026-07-22T04:00:42.729+0000] {dagbag.py:588} INFO - Filling up the DagBag from /opt/airflow/dags/olist_pipeline.py
[2026-07-22T04:00:43.497+0000] {processor.py:925} INFO - DAG(s) 'olist_gcp_data_engineering_pipeline' retrieved from /opt/airflow/dags/olist_pipeline.py
[2026-07-22T04:00:43.519+0000] {logging_mixin.py:190} INFO - [2026-07-22T04:00:43.518+0000] {dag.py:3239} INFO - Sync 1 DAGs
[2026-07-22T04:00:43.527+0000] {logging_mixin.py:190} INFO - [2026-07-22T04:00:43.527+0000] {dag.py:4180} INFO - Setting next_dagrun for olist_gcp_data_engineering_pipeline to None, run_after=None
[2026-07-22T04:00:43.538+0000] {processor.py:208} INFO - Processing /opt/airflow/dags/olist_pipeline.py took 0.818 seconds
[2026-07-22T04:01:13.949+0000] {processor.py:186} INFO - Started process (PID=1265) to work on /opt/airflow/dags/olist_pipeline.py
[2026-07-22T04:01:13.950+0000] {processor.py:914} INFO - Processing file /opt/airflow/dags/olist_pipeline.py for tasks to queue
[2026-07-22T04:01:13.953+0000] {logging_mixin.py:190} INFO - [2026-07-22T04:01:13.952+0000] {dagbag.py:588} INFO - Filling up the DagBag from /opt/airflow/dags/olist_pipeline.py
[2026-07-22T04:01:14.850+0000] {processor.py:925} INFO - DAG(s) 'olist_gcp_data_engineering_pipeline' retrieved from /opt/airflow/dags/olist_pipeline.py
[2026-07-22T04:01:14.873+0000] {logging_mixin.py:190} INFO - [2026-07-22T04:01:14.872+0000] {dag.py:3239} INFO - Sync 1 DAGs
[2026-07-22T04:01:14.881+0000] {logging_mixin.py:190} INFO - [2026-07-22T04:01:14.881+0000] {dag.py:4180} INFO - Setting next_dagrun for olist_gcp_data_engineering_pipeline to None, run_after=None
[2026-07-22T04:01:14.892+0000] {processor.py:208} INFO - Processing /opt/airflow/dags/olist_pipeline.py took 0.953 seconds
[2026-07-22T04:01:45.255+0000] {processor.py:186} INFO - Started process (PID=1271) to work on /opt/airflow/dags/olist_pipeline.py
[2026-07-22T04:01:45.256+0000] {processor.py:914} INFO - Processing file /opt/airflow/dags/olist_pipeline.py for tasks to queue
[2026-07-22T04:01:45.258+0000] {logging_mixin.py:190} INFO - [2026-07-22T04:01:45.257+0000] {dagbag.py:588} INFO - Filling up the DagBag from /opt/airflow/dags/olist_pipeline.py
[2026-07-22T04:01:46.015+0000] {processor.py:925} INFO - DAG(s) 'olist_gcp_data_engineering_pipeline' retrieved from /opt/airflow/dags/olist_pipeline.py
[2026-07-22T04:01:46.033+0000] {logging_mixin.py:190} INFO - [2026-07-22T04:01:46.033+0000] {dag.py:3239} INFO - Sync 1 DAGs
[2026-07-22T04:01:46.040+0000] {logging_mixin.py:190} INFO - [2026-07-22T04:01:46.040+0000] {dag.py:4180} INFO - Setting next_dagrun for olist_gcp_data_engineering_pipeline to None, run_after=None
[2026-07-22T04:01:46.049+0000] {processor.py:208} INFO - Processing /opt/airflow/dags/olist_pipeline.py took 0.801 seconds
[2026-07-22T04:02:16.403+0000] {processor.py:186} INFO - Started process (PID=1277) to work on /opt/airflow/dags/olist_pipeline.py
[2026-07-22T04:02:16.404+0000] {processor.py:914} INFO - Processing file /opt/airflow/dags/olist_pipeline.py for tasks to queue
[2026-07-22T04:02:16.406+0000] {logging_mixin.py:190} INFO - [2026-07-22T04:02:16.406+0000] {dagbag.py:588} INFO - Filling up the DagBag from /opt/airflow/dags/olist_pipeline.py
[2026-07-22T04:02:17.246+0000] {processor.py:925} INFO - DAG(s) 'olist_gcp_data_engineering_pipeline' retrieved from /opt/airflow/dags/olist_pipeline.py
[2026-07-22T04:02:17.268+0000] {logging_mixin.py:190} INFO - [2026-07-22T04:02:17.267+0000] {dag.py:3239} INFO - Sync 1 DAGs
[2026-07-22T04:02:17.276+0000] {logging_mixin.py:190} INFO - [2026-07-22T04:02:17.276+0000] {dag.py:4180} INFO - Setting next_dagrun for olist_gcp_data_engineering_pipeline to None, run_after=None
[2026-07-22T04:02:17.290+0000] {processor.py:208} INFO - Processing /opt/airflow/dags/olist_pipeline.py took 0.896 seconds
[2026-07-22T04:02:47.663+0000] {processor.py:186} INFO - Started process (PID=1283) to work on /opt/airflow/dags/olist_pipeline.py
[2026-07-22T04:02:47.664+0000] {processor.py:914} INFO - Processing file /opt/airflow/dags/olist_pipeline.py for tasks to queue
[2026-07-22T04:02:47.666+0000] {logging_mixin.py:190} INFO - [2026-07-22T04:02:47.666+0000] {dagbag.py:588} INFO - Filling up the DagBag from /opt/airflow/dags/olist_pipeline.py
[2026-07-22T04:02:48.474+0000] {processor.py:925} INFO - DAG(s) 'olist_gcp_data_engineering_pipeline' retrieved from /opt/airflow/dags/olist_pipeline.py
[2026-07-22T04:02:48.492+0000] {logging_mixin.py:190} INFO - [2026-07-22T04:02:48.492+0000] {dag.py:3239} INFO - Sync 1 DAGs
[2026-07-22T04:02:48.501+0000] {logging_mixin.py:190} INFO - [2026-07-22T04:02:48.501+0000] {dag.py:4180} INFO - Setting next_dagrun for olist_gcp_data_engineering_pipeline to None, run_after=None
[2026-07-22T04:02:48.510+0000] {processor.py:208} INFO - Processing /opt/airflow/dags/olist_pipeline.py took 0.854 seconds
[2026-07-22T04:03:18.906+0000] {processor.py:186} INFO - Started process (PID=1289) to work on /opt/airflow/dags/olist_pipeline.py
[2026-07-22T04:03:18.907+0000] {processor.py:914} INFO - Processing file /opt/airflow/dags/olist_pipeline.py for tasks to queue
[2026-07-22T04:03:18.910+0000] {logging_mixin.py:190} INFO - [2026-07-22T04:03:18.910+0000] {dagbag.py:588} INFO - Filling up the DagBag from /opt/airflow/dags/olist_pipeline.py
[2026-07-22T04:03:19.794+0000] {processor.py:925} INFO - DAG(s) 'olist_gcp_data_engineering_pipeline' retrieved from /opt/airflow/dags/olist_pipeline.py
[2026-07-22T04:03:19.817+0000] {logging_mixin.py:190} INFO - [2026-07-22T04:03:19.817+0000] {dag.py:3239} INFO - Sync 1 DAGs
[2026-07-22T04:03:19.826+0000] {logging_mixin.py:190} INFO - [2026-07-22T04:03:19.826+0000] {dag.py:4180} INFO - Setting next_dagrun for olist_gcp_data_engineering_pipeline to None, run_after=None
[2026-07-22T04:03:19.837+0000] {processor.py:208} INFO - Processing /opt/airflow/dags/olist_pipeline.py took 0.940 seconds
[2026-07-22T04:03:50.184+0000] {processor.py:186} INFO - Started process (PID=1295) to work on /opt/airflow/dags/olist_pipeline.py
[2026-07-22T04:03:50.185+0000] {processor.py:914} INFO - Processing file /opt/airflow/dags/olist_pipeline.py for tasks to queue
[2026-07-22T04:03:50.187+0000] {logging_mixin.py:190} INFO - [2026-07-22T04:03:50.186+0000] {dagbag.py:588} INFO - Filling up the DagBag from /opt/airflow/dags/olist_pipeline.py
[2026-07-22T04:03:50.965+0000] {processor.py:925} INFO - DAG(s) 'olist_gcp_data_engineering_pipeline' retrieved from /opt/airflow/dags/olist_pipeline.py
[2026-07-22T04:03:50.985+0000] {logging_mixin.py:190} INFO - [2026-07-22T04:03:50.985+0000] {dag.py:3239} INFO - Sync 1 DAGs
[2026-07-22T04:03:50.994+0000] {logging_mixin.py:190} INFO - [2026-07-22T04:03:50.993+0000] {dag.py:4180} INFO - Setting next_dagrun for olist_gcp_data_engineering_pipeline to None, run_after=None
[2026-07-22T04:03:51.004+0000] {processor.py:208} INFO - Processing /opt/airflow/dags/olist_pipeline.py took 0.825 seconds
[2026-07-22T04:04:21.059+0000] {processor.py:186} INFO - Started process (PID=1301) to work on /opt/airflow/dags/olist_pipeline.py
[2026-07-22T04:04:21.061+0000] {processor.py:914} INFO - Processing file /opt/airflow/dags/olist_pipeline.py for tasks to queue
[2026-07-22T04:04:21.063+0000] {logging_mixin.py:190} INFO - [2026-07-22T04:04:21.063+0000] {dagbag.py:588} INFO - Filling up the DagBag from /opt/airflow/dags/olist_pipeline.py
[2026-07-22T04:04:21.892+0000] {processor.py:925} INFO - DAG(s) 'olist_gcp_data_engineering_pipeline' retrieved from /opt/airflow/dags/olist_pipeline.py
[2026-07-22T04:04:21.911+0000] {logging_mixin.py:190} INFO - [2026-07-22T04:04:21.910+0000] {dag.py:3239} INFO - Sync 1 DAGs
[2026-07-22T04:04:21.919+0000] {logging_mixin.py:190} INFO - [2026-07-22T04:04:21.918+0000] {dag.py:4180} INFO - Setting next_dagrun for olist_gcp_data_engineering_pipeline to None, run_after=None
[2026-07-22T04:04:21.929+0000] {processor.py:208} INFO - Processing /opt/airflow/dags/olist_pipeline.py took 0.876 seconds
[2026-07-22T04:04:52.285+0000] {processor.py:186} INFO - Started process (PID=1307) to work on /opt/airflow/dags/olist_pipeline.py
[2026-07-22T04:04:52.287+0000] {processor.py:914} INFO - Processing file /opt/airflow/dags/olist_pipeline.py for tasks to queue
[2026-07-22T04:04:52.289+0000] {logging_mixin.py:190} INFO - [2026-07-22T04:04:52.288+0000] {dagbag.py:588} INFO - Filling up the DagBag from /opt/airflow/dags/olist_pipeline.py
[2026-07-22T04:04:53.091+0000] {processor.py:925} INFO - DAG(s) 'olist_gcp_data_engineering_pipeline' retrieved from /opt/airflow/dags/olist_pipeline.py
[2026-07-22T04:04:53.109+0000] {logging_mixin.py:190} INFO - [2026-07-22T04:04:53.109+0000] {dag.py:3239} INFO - Sync 1 DAGs
[2026-07-22T04:04:53.118+0000] {logging_mixin.py:190} INFO - [2026-07-22T04:04:53.117+0000] {dag.py:4180} INFO - Setting next_dagrun for olist_gcp_data_engineering_pipeline to None, run_after=None
[2026-07-22T04:04:53.128+0000] {processor.py:208} INFO - Processing /opt/airflow/dags/olist_pipeline.py took 0.850 seconds
[2026-07-22T04:05:23.421+0000] {processor.py:186} INFO - Started process (PID=1313) to work on /opt/airflow/dags/olist_pipeline.py
[2026-07-22T04:05:23.422+0000] {processor.py:914} INFO - Processing file /opt/airflow/dags/olist_pipeline.py for tasks to queue
[2026-07-22T04:05:23.425+0000] {logging_mixin.py:190} INFO - [2026-07-22T04:05:23.425+0000] {dagbag.py:588} INFO - Filling up the DagBag from /opt/airflow/dags/olist_pipeline.py
[2026-07-22T04:05:24.275+0000] {processor.py:925} INFO - DAG(s) 'olist_gcp_data_engineering_pipeline' retrieved from /opt/airflow/dags/olist_pipeline.py
[2026-07-22T04:05:24.296+0000] {logging_mixin.py:190} INFO - [2026-07-22T04:05:24.296+0000] {dag.py:3239} INFO - Sync 1 DAGs
[2026-07-22T04:05:24.304+0000] {logging_mixin.py:190} INFO - [2026-07-22T04:05:24.304+0000] {dag.py:4180} INFO - Setting next_dagrun for olist_gcp_data_engineering_pipeline to None, run_after=None
[2026-07-22T04:05:24.315+0000] {processor.py:208} INFO - Processing /opt/airflow/dags/olist_pipeline.py took 0.900 seconds
[2026-07-22T04:05:54.381+0000] {processor.py:186} INFO - Started process (PID=1319) to work on /opt/airflow/dags/olist_pipeline.py
[2026-07-22T04:05:54.382+0000] {processor.py:914} INFO - Processing file /opt/airflow/dags/olist_pipeline.py for tasks to queue
[2026-07-22T04:05:54.384+0000] {logging_mixin.py:190} INFO - [2026-07-22T04:05:54.383+0000] {dagbag.py:588} INFO - Filling up the DagBag from /opt/airflow/dags/olist_pipeline.py
[2026-07-22T04:05:55.227+0000] {processor.py:925} INFO - DAG(s) 'olist_gcp_data_engineering_pipeline' retrieved from /opt/airflow/dags/olist_pipeline.py
[2026-07-22T04:05:55.247+0000] {logging_mixin.py:190} INFO - [2026-07-22T04:05:55.247+0000] {dag.py:3239} INFO - Sync 1 DAGs
[2026-07-22T04:05:55.256+0000] {logging_mixin.py:190} INFO - [2026-07-22T04:05:55.256+0000] {dag.py:4180} INFO - Setting next_dagrun for olist_gcp_data_engineering_pipeline to None, run_after=None
[2026-07-22T04:05:55.267+0000] {processor.py:208} INFO - Processing /opt/airflow/dags/olist_pipeline.py took 0.892 seconds
[2026-07-22T04:06:25.654+0000] {processor.py:186} INFO - Started process (PID=1325) to work on /opt/airflow/dags/olist_pipeline.py
[2026-07-22T04:06:25.656+0000] {processor.py:914} INFO - Processing file /opt/airflow/dags/olist_pipeline.py for tasks to queue
[2026-07-22T04:06:25.659+0000] {logging_mixin.py:190} INFO - [2026-07-22T04:06:25.659+0000] {dagbag.py:588} INFO - Filling up the DagBag from /opt/airflow/dags/olist_pipeline.py
[2026-07-22T04:06:26.616+0000] {processor.py:925} INFO - DAG(s) 'olist_gcp_data_engineering_pipeline' retrieved from /opt/airflow/dags/olist_pipeline.py
[2026-07-22T04:06:26.639+0000] {logging_mixin.py:190} INFO - [2026-07-22T04:06:26.639+0000] {dag.py:3239} INFO - Sync 1 DAGs
[2026-07-22T04:06:26.647+0000] {logging_mixin.py:190} INFO - [2026-07-22T04:06:26.646+0000] {dag.py:4180} INFO - Setting next_dagrun for olist_gcp_data_engineering_pipeline to None, run_after=None
[2026-07-22T04:06:26.656+0000] {processor.py:208} INFO - Processing /opt/airflow/dags/olist_pipeline.py took 1.010 seconds
[2026-07-22T04:06:57.024+0000] {processor.py:186} INFO - Started process (PID=1331) to work on /opt/airflow/dags/olist_pipeline.py
[2026-07-22T04:06:57.025+0000] {processor.py:914} INFO - Processing file /opt/airflow/dags/olist_pipeline.py for tasks to queue
[2026-07-22T04:06:57.027+0000] {logging_mixin.py:190} INFO - [2026-07-22T04:06:57.027+0000] {dagbag.py:588} INFO - Filling up the DagBag from /opt/airflow/dags/olist_pipeline.py
[2026-07-22T04:06:57.857+0000] {processor.py:925} INFO - DAG(s) 'olist_gcp_data_engineering_pipeline' retrieved from /opt/airflow/dags/olist_pipeline.py
[2026-07-22T04:06:57.878+0000] {logging_mixin.py:190} INFO - [2026-07-22T04:06:57.878+0000] {dag.py:3239} INFO - Sync 1 DAGs
[2026-07-22T04:06:57.885+0000] {logging_mixin.py:190} INFO - [2026-07-22T04:06:57.885+0000] {dag.py:4180} INFO - Setting next_dagrun for olist_gcp_data_engineering_pipeline to None, run_after=None
[2026-07-22T04:06:57.895+0000] {processor.py:208} INFO - Processing /opt/airflow/dags/olist_pipeline.py took 0.878 seconds
[2026-07-22T04:07:39.338+0000] {processor.py:186} INFO - Started process (PID=174) to work on /opt/airflow/dags/olist_pipeline.py
[2026-07-22T04:07:39.339+0000] {processor.py:914} INFO - Processing file /opt/airflow/dags/olist_pipeline.py for tasks to queue
[2026-07-22T04:07:39.341+0000] {logging_mixin.py:190} INFO - [2026-07-22T04:07:39.341+0000] {dagbag.py:588} INFO - Filling up the DagBag from /opt/airflow/dags/olist_pipeline.py
[2026-07-22T04:07:41.204+0000] {processor.py:925} INFO - DAG(s) 'olist_gcp_data_engineering_pipeline' retrieved from /opt/airflow/dags/olist_pipeline.py
[2026-07-22T04:07:41.369+0000] {logging_mixin.py:190} INFO - [2026-07-22T04:07:41.368+0000] {override.py:1930} INFO - Created Permission View: can edit on DAG:olist_gcp_data_engineering_pipeline
[2026-07-22T04:07:41.374+0000] {logging_mixin.py:190} INFO - [2026-07-22T04:07:41.373+0000] {override.py:1930} INFO - Created Permission View: can read on DAG:olist_gcp_data_engineering_pipeline
[2026-07-22T04:07:41.377+0000] {logging_mixin.py:190} INFO - [2026-07-22T04:07:41.377+0000] {override.py:1930} INFO - Created Permission View: can delete on DAG:olist_gcp_data_engineering_pipeline
[2026-07-22T04:07:41.379+0000] {logging_mixin.py:190} INFO - [2026-07-22T04:07:41.379+0000] {override.py:1930} INFO - Created Permission View: menu access on DAG Run:olist_gcp_data_engineering_pipeline
[2026-07-22T04:07:41.382+0000] {logging_mixin.py:190} INFO - [2026-07-22T04:07:41.382+0000] {override.py:1930} INFO - Created Permission View: can read on DAG Run:olist_gcp_data_engineering_pipeline
[2026-07-22T04:07:41.385+0000] {logging_mixin.py:190} INFO - [2026-07-22T04:07:41.385+0000] {override.py:1930} INFO - Created Permission View: can delete on DAG Run:olist_gcp_data_engineering_pipeline
[2026-07-22T04:07:41.387+0000] {logging_mixin.py:190} INFO - [2026-07-22T04:07:41.387+0000] {override.py:1930} INFO - Created Permission View: can create on DAG Run:olist_gcp_data_engineering_pipeline
[2026-07-22T04:07:41.388+0000] {logging_mixin.py:190} INFO - [2026-07-22T04:07:41.387+0000] {dag.py:3239} INFO - Sync 1 DAGs
[2026-07-22T04:07:41.396+0000] {logging_mixin.py:190} INFO - [2026-07-22T04:07:41.395+0000] {dag.py:3262} INFO - Creating ORM DAG for olist_gcp_data_engineering_pipeline
[2026-07-22T04:07:41.396+0000] {logging_mixin.py:190} INFO - [2026-07-22T04:07:41.396+0000] {dag.py:4180} INFO - Setting next_dagrun for olist_gcp_data_engineering_pipeline to None, run_after=None
[2026-07-22T04:07:41.407+0000] {processor.py:208} INFO - Processing /opt/airflow/dags/olist_pipeline.py took 2.074 seconds
[2026-07-22T04:08:11.629+0000] {processor.py:186} INFO - Started process (PID=192) to work on /opt/airflow/dags/olist_pipeline.py
[2026-07-22T04:08:11.630+0000] {processor.py:914} INFO - Processing file /opt/airflow/dags/olist_pipeline.py for tasks to queue
[2026-07-22T04:08:11.633+0000] {logging_mixin.py:190} INFO - [2026-07-22T04:08:11.632+0000] {dagbag.py:588} INFO - Filling up the DagBag from /opt/airflow/dags/olist_pipeline.py
[2026-07-22T04:08:12.683+0000] {processor.py:925} INFO - DAG(s) 'olist_gcp_data_engineering_pipeline' retrieved from /opt/airflow/dags/olist_pipeline.py
[2026-07-22T04:08:12.704+0000] {logging_mixin.py:190} INFO - [2026-07-22T04:08:12.704+0000] {dag.py:3239} INFO - Sync 1 DAGs
[2026-07-22T04:08:12.712+0000] {logging_mixin.py:190} INFO - [2026-07-22T04:08:12.712+0000] {dag.py:4180} INFO - Setting next_dagrun for olist_gcp_data_engineering_pipeline to None, run_after=None
[2026-07-22T04:08:12.721+0000] {processor.py:208} INFO - Processing /opt/airflow/dags/olist_pipeline.py took 1.099 seconds
[2026-07-22T04:08:42.943+0000] {processor.py:186} INFO - Started process (PID=204) to work on /opt/airflow/dags/olist_pipeline.py
[2026-07-22T04:08:42.944+0000] {processor.py:914} INFO - Processing file /opt/airflow/dags/olist_pipeline.py for tasks to queue
[2026-07-22T04:08:42.946+0000] {logging_mixin.py:190} INFO - [2026-07-22T04:08:42.945+0000] {dagbag.py:588} INFO - Filling up the DagBag from /opt/airflow/dags/olist_pipeline.py
[2026-07-22T04:08:43.725+0000] {processor.py:925} INFO - DAG(s) 'olist_gcp_data_engineering_pipeline' retrieved from /opt/airflow/dags/olist_pipeline.py
[2026-07-22T04:08:43.747+0000] {logging_mixin.py:190} INFO - [2026-07-22T04:08:43.747+0000] {dag.py:3239} INFO - Sync 1 DAGs
[2026-07-22T04:08:43.754+0000] {logging_mixin.py:190} INFO - [2026-07-22T04:08:43.754+0000] {dag.py:4180} INFO - Setting next_dagrun for olist_gcp_data_engineering_pipeline to None, run_after=None
[2026-07-22T04:08:43.764+0000] {processor.py:208} INFO - Processing /opt/airflow/dags/olist_pipeline.py took 0.827 seconds
[2026-07-22T04:09:14.171+0000] {processor.py:186} INFO - Started process (PID=216) to work on /opt/airflow/dags/olist_pipeline.py
[2026-07-22T04:09:14.172+0000] {processor.py:914} INFO - Processing file /opt/airflow/dags/olist_pipeline.py for tasks to queue
[2026-07-22T04:09:14.174+0000] {logging_mixin.py:190} INFO - [2026-07-22T04:09:14.173+0000] {dagbag.py:588} INFO - Filling up the DagBag from /opt/airflow/dags/olist_pipeline.py
[2026-07-22T04:09:15.065+0000] {processor.py:925} INFO - DAG(s) 'olist_gcp_data_engineering_pipeline' retrieved from /opt/airflow/dags/olist_pipeline.py
[2026-07-22T04:09:15.086+0000] {logging_mixin.py:190} INFO - [2026-07-22T04:09:15.085+0000] {dag.py:3239} INFO - Sync 1 DAGs
[2026-07-22T04:09:15.094+0000] {logging_mixin.py:190} INFO - [2026-07-22T04:09:15.094+0000] {dag.py:4180} INFO - Setting next_dagrun for olist_gcp_data_engineering_pipeline to None, run_after=None
[2026-07-22T04:09:15.104+0000] {processor.py:208} INFO - Processing /opt/airflow/dags/olist_pipeline.py took 0.941 seconds
[2026-07-22T04:09:45.441+0000] {processor.py:186} INFO - Started process (PID=236) to work on /opt/airflow/dags/olist_pipeline.py
[2026-07-22T04:09:45.442+0000] {processor.py:914} INFO - Processing file /opt/airflow/dags/olist_pipeline.py for tasks to queue
[2026-07-22T04:09:45.443+0000] {logging_mixin.py:190} INFO - [2026-07-22T04:09:45.443+0000] {dagbag.py:588} INFO - Filling up the DagBag from /opt/airflow/dags/olist_pipeline.py
[2026-07-22T04:09:46.259+0000] {processor.py:925} INFO - DAG(s) 'olist_gcp_data_engineering_pipeline' retrieved from /opt/airflow/dags/olist_pipeline.py
[2026-07-22T04:09:46.279+0000] {logging_mixin.py:190} INFO - [2026-07-22T04:09:46.279+0000] {dag.py:3239} INFO - Sync 1 DAGs
[2026-07-22T04:09:46.287+0000] {logging_mixin.py:190} INFO - [2026-07-22T04:09:46.287+0000] {dag.py:4180} INFO - Setting next_dagrun for olist_gcp_data_engineering_pipeline to None, run_after=None
[2026-07-22T04:09:46.297+0000] {processor.py:208} INFO - Processing /opt/airflow/dags/olist_pipeline.py took 0.862 seconds
[2026-07-22T04:10:16.606+0000] {processor.py:186} INFO - Started process (PID=281) to work on /opt/airflow/dags/olist_pipeline.py
[2026-07-22T04:10:16.606+0000] {processor.py:914} INFO - Processing file /opt/airflow/dags/olist_pipeline.py for tasks to queue
[2026-07-22T04:10:16.608+0000] {logging_mixin.py:190} INFO - [2026-07-22T04:10:16.608+0000] {dagbag.py:588} INFO - Filling up the DagBag from /opt/airflow/dags/olist_pipeline.py
[2026-07-22T04:10:17.415+0000] {processor.py:925} INFO - DAG(s) 'olist_gcp_data_engineering_pipeline' retrieved from /opt/airflow/dags/olist_pipeline.py
[2026-07-22T04:10:17.433+0000] {logging_mixin.py:190} INFO - [2026-07-22T04:10:17.433+0000] {dag.py:3239} INFO - Sync 1 DAGs
[2026-07-22T04:10:17.440+0000] {logging_mixin.py:190} INFO - [2026-07-22T04:10:17.440+0000] {dag.py:4180} INFO - Setting next_dagrun for olist_gcp_data_engineering_pipeline to None, run_after=None
[2026-07-22T04:10:17.451+0000] {processor.py:208} INFO - Processing /opt/airflow/dags/olist_pipeline.py took 0.849 seconds
[2026-07-22T04:10:47.810+0000] {processor.py:186} INFO - Started process (PID=293) to work on /opt/airflow/dags/olist_pipeline.py
[2026-07-22T04:10:47.811+0000] {processor.py:914} INFO - Processing file /opt/airflow/dags/olist_pipeline.py for tasks to queue
[2026-07-22T04:10:47.813+0000] {logging_mixin.py:190} INFO - [2026-07-22T04:10:47.812+0000] {dagbag.py:588} INFO - Filling up the DagBag from /opt/airflow/dags/olist_pipeline.py
[2026-07-22T04:10:48.680+0000] {processor.py:925} INFO - DAG(s) 'olist_gcp_data_engineering_pipeline' retrieved from /opt/airflow/dags/olist_pipeline.py
[2026-07-22T04:10:48.698+0000] {logging_mixin.py:190} INFO - [2026-07-22T04:10:48.698+0000] {dag.py:3239} INFO - Sync 1 DAGs
[2026-07-22T04:10:48.707+0000] {logging_mixin.py:190} INFO - [2026-07-22T04:10:48.707+0000] {dag.py:4180} INFO - Setting next_dagrun for olist_gcp_data_engineering_pipeline to None, run_after=None
[2026-07-22T04:10:48.717+0000] {processor.py:208} INFO - Processing /opt/airflow/dags/olist_pipeline.py took 0.913 seconds
[2026-07-22T04:11:19.133+0000] {processor.py:186} INFO - Started process (PID=310) to work on /opt/airflow/dags/olist_pipeline.py
[2026-07-22T04:11:19.134+0000] {processor.py:914} INFO - Processing file /opt/airflow/dags/olist_pipeline.py for tasks to queue
[2026-07-22T04:11:19.137+0000] {logging_mixin.py:190} INFO - [2026-07-22T04:11:19.136+0000] {dagbag.py:588} INFO - Filling up the DagBag from /opt/airflow/dags/olist_pipeline.py
[2026-07-22T04:11:20.148+0000] {processor.py:925} INFO - DAG(s) 'olist_gcp_data_engineering_pipeline' retrieved from /opt/airflow/dags/olist_pipeline.py
[2026-07-22T04:11:20.174+0000] {logging_mixin.py:190} INFO - [2026-07-22T04:11:20.174+0000] {dag.py:3239} INFO - Sync 1 DAGs
[2026-07-22T04:11:20.184+0000] {logging_mixin.py:190} INFO - [2026-07-22T04:11:20.184+0000] {dag.py:4180} INFO - Setting next_dagrun for olist_gcp_data_engineering_pipeline to None, run_after=None
[2026-07-22T04:11:20.195+0000] {processor.py:208} INFO - Processing /opt/airflow/dags/olist_pipeline.py took 1.071 seconds
[2026-07-22T04:11:50.469+0000] {processor.py:186} INFO - Started process (PID=322) to work on /opt/airflow/dags/olist_pipeline.py
[2026-07-22T04:11:50.470+0000] {processor.py:914} INFO - Processing file /opt/airflow/dags/olist_pipeline.py for tasks to queue
[2026-07-22T04:11:50.473+0000] {logging_mixin.py:190} INFO - [2026-07-22T04:11:50.473+0000] {dagbag.py:588} INFO - Filling up the DagBag from /opt/airflow/dags/olist_pipeline.py
[2026-07-22T04:11:51.352+0000] {processor.py:925} INFO - DAG(s) 'olist_gcp_data_engineering_pipeline' retrieved from /opt/airflow/dags/olist_pipeline.py
[2026-07-22T04:11:51.373+0000] {logging_mixin.py:190} INFO - [2026-07-22T04:11:51.373+0000] {dag.py:3239} INFO - Sync 1 DAGs
[2026-07-22T04:11:51.381+0000] {logging_mixin.py:190} INFO - [2026-07-22T04:11:51.381+0000] {dag.py:4180} INFO - Setting next_dagrun for olist_gcp_data_engineering_pipeline to None, run_after=None
[2026-07-22T04:11:51.391+0000] {processor.py:208} INFO - Processing /opt/airflow/dags/olist_pipeline.py took 0.929 seconds
[2026-07-22T04:12:21.785+0000] {processor.py:186} INFO - Started process (PID=334) to work on /opt/airflow/dags/olist_pipeline.py
[2026-07-22T04:12:21.787+0000] {processor.py:914} INFO - Processing file /opt/airflow/dags/olist_pipeline.py for tasks to queue
[2026-07-22T04:12:21.790+0000] {logging_mixin.py:190} INFO - [2026-07-22T04:12:21.789+0000] {dagbag.py:588} INFO - Filling up the DagBag from /opt/airflow/dags/olist_pipeline.py
[2026-07-22T04:12:22.812+0000] {processor.py:925} INFO - DAG(s) 'olist_gcp_data_engineering_pipeline' retrieved from /opt/airflow/dags/olist_pipeline.py
[2026-07-22T04:12:22.843+0000] {logging_mixin.py:190} INFO - [2026-07-22T04:12:22.843+0000] {dag.py:3239} INFO - Sync 1 DAGs
[2026-07-22T04:12:22.855+0000] {logging_mixin.py:190} INFO - [2026-07-22T04:12:22.855+0000] {dag.py:4180} INFO - Setting next_dagrun for olist_gcp_data_engineering_pipeline to None, run_after=None
[2026-07-22T04:12:22.869+0000] {processor.py:208} INFO - Processing /opt/airflow/dags/olist_pipeline.py took 1.095 seconds
[2026-07-22T04:12:53.203+0000] {processor.py:186} INFO - Started process (PID=346) to work on /opt/airflow/dags/olist_pipeline.py
[2026-07-22T04:12:53.204+0000] {processor.py:914} INFO - Processing file /opt/airflow/dags/olist_pipeline.py for tasks to queue
[2026-07-22T04:12:53.207+0000] {logging_mixin.py:190} INFO - [2026-07-22T04:12:53.206+0000] {dagbag.py:588} INFO - Filling up the DagBag from /opt/airflow/dags/olist_pipeline.py
[2026-07-22T04:12:54.147+0000] {processor.py:925} INFO - DAG(s) 'olist_gcp_data_engineering_pipeline' retrieved from /opt/airflow/dags/olist_pipeline.py
[2026-07-22T04:12:54.170+0000] {logging_mixin.py:190} INFO - [2026-07-22T04:12:54.170+0000] {dag.py:3239} INFO - Sync 1 DAGs
[2026-07-22T04:12:54.179+0000] {logging_mixin.py:190} INFO - [2026-07-22T04:12:54.179+0000] {dag.py:4180} INFO - Setting next_dagrun for olist_gcp_data_engineering_pipeline to None, run_after=None
[2026-07-22T04:12:54.193+0000] {processor.py:208} INFO - Processing /opt/airflow/dags/olist_pipeline.py took 0.999 seconds
[2026-07-22T04:13:24.493+0000] {processor.py:186} INFO - Started process (PID=358) to work on /opt/airflow/dags/olist_pipeline.py
[2026-07-22T04:13:24.494+0000] {processor.py:914} INFO - Processing file /opt/airflow/dags/olist_pipeline.py for tasks to queue
[2026-07-22T04:13:24.498+0000] {logging_mixin.py:190} INFO - [2026-07-22T04:13:24.497+0000] {dagbag.py:588} INFO - Filling up the DagBag from /opt/airflow/dags/olist_pipeline.py
[2026-07-22T04:13:25.564+0000] {processor.py:925} INFO - DAG(s) 'olist_gcp_data_engineering_pipeline' retrieved from /opt/airflow/dags/olist_pipeline.py
[2026-07-22T04:13:25.594+0000] {logging_mixin.py:190} INFO - [2026-07-22T04:13:25.594+0000] {dag.py:3239} INFO - Sync 1 DAGs
[2026-07-22T04:13:25.604+0000] {logging_mixin.py:190} INFO - [2026-07-22T04:13:25.604+0000] {dag.py:4180} INFO - Setting next_dagrun for olist_gcp_data_engineering_pipeline to None, run_after=None
[2026-07-22T04:13:25.614+0000] {processor.py:208} INFO - Processing /opt/airflow/dags/olist_pipeline.py took 1.129 seconds
[2026-07-22T04:13:55.815+0000] {processor.py:186} INFO - Started process (PID=370) to work on /opt/airflow/dags/olist_pipeline.py
[2026-07-22T04:13:55.816+0000] {processor.py:914} INFO - Processing file /opt/airflow/dags/olist_pipeline.py for tasks to queue
[2026-07-22T04:13:55.818+0000] {logging_mixin.py:190} INFO - [2026-07-22T04:13:55.818+0000] {dagbag.py:588} INFO - Filling up the DagBag from /opt/airflow/dags/olist_pipeline.py
[2026-07-22T04:13:56.743+0000] {processor.py:925} INFO - DAG(s) 'olist_gcp_data_engineering_pipeline' retrieved from /opt/airflow/dags/olist_pipeline.py
[2026-07-22T04:13:56.764+0000] {logging_mixin.py:190} INFO - [2026-07-22T04:13:56.764+0000] {dag.py:3239} INFO - Sync 1 DAGs
[2026-07-22T04:13:56.775+0000] {logging_mixin.py:190} INFO - [2026-07-22T04:13:56.774+0000] {dag.py:4180} INFO - Setting next_dagrun for olist_gcp_data_engineering_pipeline to None, run_after=None
[2026-07-22T04:13:56.786+0000] {processor.py:208} INFO - Processing /opt/airflow/dags/olist_pipeline.py took 0.982 seconds
[2026-07-22T04:14:27.200+0000] {processor.py:186} INFO - Started process (PID=382) to work on /opt/airflow/dags/olist_pipeline.py
[2026-07-22T04:14:27.201+0000] {processor.py:914} INFO - Processing file /opt/airflow/dags/olist_pipeline.py for tasks to queue
[2026-07-22T04:14:27.204+0000] {logging_mixin.py:190} INFO - [2026-07-22T04:14:27.204+0000] {dagbag.py:588} INFO - Filling up the DagBag from /opt/airflow/dags/olist_pipeline.py
[2026-07-22T04:14:28.056+0000] {processor.py:925} INFO - DAG(s) 'olist_gcp_data_engineering_pipeline' retrieved from /opt/airflow/dags/olist_pipeline.py
[2026-07-22T04:14:28.078+0000] {logging_mixin.py:190} INFO - [2026-07-22T04:14:28.077+0000] {dag.py:3239} INFO - Sync 1 DAGs
[2026-07-22T04:14:28.086+0000] {logging_mixin.py:190} INFO - [2026-07-22T04:14:28.086+0000] {dag.py:4180} INFO - Setting next_dagrun for olist_gcp_data_engineering_pipeline to None, run_after=None
[2026-07-22T04:14:28.097+0000] {processor.py:208} INFO - Processing /opt/airflow/dags/olist_pipeline.py took 0.904 seconds
[2026-07-22T04:14:58.469+0000] {processor.py:186} INFO - Started process (PID=394) to work on /opt/airflow/dags/olist_pipeline.py
[2026-07-22T04:14:58.471+0000] {processor.py:914} INFO - Processing file /opt/airflow/dags/olist_pipeline.py for tasks to queue
[2026-07-22T04:14:58.474+0000] {logging_mixin.py:190} INFO - [2026-07-22T04:14:58.474+0000] {dagbag.py:588} INFO - Filling up the DagBag from /opt/airflow/dags/olist_pipeline.py
[2026-07-22T04:14:59.260+0000] {processor.py:925} INFO - DAG(s) 'olist_gcp_data_engineering_pipeline' retrieved from /opt/airflow/dags/olist_pipeline.py
[2026-07-22T04:14:59.287+0000] {logging_mixin.py:190} INFO - [2026-07-22T04:14:59.287+0000] {dag.py:3239} INFO - Sync 1 DAGs
[2026-07-22T04:14:59.296+0000] {logging_mixin.py:190} INFO - [2026-07-22T04:14:59.296+0000] {dag.py:4180} INFO - Setting next_dagrun for olist_gcp_data_engineering_pipeline to None, run_after=None
[2026-07-22T04:14:59.306+0000] {processor.py:208} INFO - Processing /opt/airflow/dags/olist_pipeline.py took 0.846 seconds
[2026-07-22T04:15:29.642+0000] {processor.py:186} INFO - Started process (PID=406) to work on /opt/airflow/dags/olist_pipeline.py
[2026-07-22T04:15:29.643+0000] {processor.py:914} INFO - Processing file /opt/airflow/dags/olist_pipeline.py for tasks to queue
[2026-07-22T04:15:29.646+0000] {logging_mixin.py:190} INFO - [2026-07-22T04:15:29.645+0000] {dagbag.py:588} INFO - Filling up the DagBag from /opt/airflow/dags/olist_pipeline.py
[2026-07-22T04:15:30.565+0000] {processor.py:925} INFO - DAG(s) 'olist_gcp_data_engineering_pipeline' retrieved from /opt/airflow/dags/olist_pipeline.py
[2026-07-22T04:15:30.583+0000] {logging_mixin.py:190} INFO - [2026-07-22T04:15:30.583+0000] {dag.py:3239} INFO - Sync 1 DAGs
[2026-07-22T04:15:30.591+0000] {logging_mixin.py:190} INFO - [2026-07-22T04:15:30.591+0000] {dag.py:4180} INFO - Setting next_dagrun for olist_gcp_data_engineering_pipeline to None, run_after=None
[2026-07-22T04:15:30.601+0000] {processor.py:208} INFO - Processing /opt/airflow/dags/olist_pipeline.py took 0.969 seconds
[2026-07-22T04:16:00.971+0000] {processor.py:186} INFO - Started process (PID=418) to work on /opt/airflow/dags/olist_pipeline.py
[2026-07-22T04:16:00.972+0000] {processor.py:914} INFO - Processing file /opt/airflow/dags/olist_pipeline.py for tasks to queue
[2026-07-22T04:16:00.974+0000] {logging_mixin.py:190} INFO - [2026-07-22T04:16:00.974+0000] {dagbag.py:588} INFO - Filling up the DagBag from /opt/airflow/dags/olist_pipeline.py
[2026-07-22T04:16:01.811+0000] {processor.py:925} INFO - DAG(s) 'olist_gcp_data_engineering_pipeline' retrieved from /opt/airflow/dags/olist_pipeline.py
[2026-07-22T04:16:01.832+0000] {logging_mixin.py:190} INFO - [2026-07-22T04:16:01.832+0000] {dag.py:3239} INFO - Sync 1 DAGs
[2026-07-22T04:16:01.840+0000] {logging_mixin.py:190} INFO - [2026-07-22T04:16:01.840+0000] {dag.py:4180} INFO - Setting next_dagrun for olist_gcp_data_engineering_pipeline to None, run_after=None
[2026-07-22T04:16:01.851+0000] {processor.py:208} INFO - Processing /opt/airflow/dags/olist_pipeline.py took 0.887 seconds
[2026-07-22T04:16:32.210+0000] {processor.py:186} INFO - Started process (PID=430) to work on /opt/airflow/dags/olist_pipeline.py
[2026-07-22T04:16:32.212+0000] {processor.py:914} INFO - Processing file /opt/airflow/dags/olist_pipeline.py for tasks to queue
[2026-07-22T04:16:32.217+0000] {logging_mixin.py:190} INFO - [2026-07-22T04:16:32.215+0000] {dagbag.py:588} INFO - Filling up the DagBag from /opt/airflow/dags/olist_pipeline.py
[2026-07-22T04:16:33.224+0000] {processor.py:925} INFO - DAG(s) 'olist_gcp_data_engineering_pipeline' retrieved from /opt/airflow/dags/olist_pipeline.py
[2026-07-22T04:16:33.246+0000] {logging_mixin.py:190} INFO - [2026-07-22T04:16:33.246+0000] {dag.py:3239} INFO - Sync 1 DAGs
[2026-07-22T04:16:33.256+0000] {logging_mixin.py:190} INFO - [2026-07-22T04:16:33.255+0000] {dag.py:4180} INFO - Setting next_dagrun for olist_gcp_data_engineering_pipeline to None, run_after=None
[2026-07-22T04:16:33.265+0000] {processor.py:208} INFO - Processing /opt/airflow/dags/olist_pipeline.py took 1.072 seconds
[2026-07-22T04:17:03.514+0000] {processor.py:186} INFO - Started process (PID=442) to work on /opt/airflow/dags/olist_pipeline.py
[2026-07-22T04:17:03.515+0000] {processor.py:914} INFO - Processing file /opt/airflow/dags/olist_pipeline.py for tasks to queue
[2026-07-22T04:17:03.517+0000] {logging_mixin.py:190} INFO - [2026-07-22T04:17:03.516+0000] {dagbag.py:588} INFO - Filling up the DagBag from /opt/airflow/dags/olist_pipeline.py
[2026-07-22T04:17:04.366+0000] {processor.py:925} INFO - DAG(s) 'olist_gcp_data_engineering_pipeline' retrieved from /opt/airflow/dags/olist_pipeline.py
[2026-07-22T04:17:04.384+0000] {logging_mixin.py:190} INFO - [2026-07-22T04:17:04.383+0000] {dag.py:3239} INFO - Sync 1 DAGs
[2026-07-22T04:17:04.392+0000] {logging_mixin.py:190} INFO - [2026-07-22T04:17:04.392+0000] {dag.py:4180} INFO - Setting next_dagrun for olist_gcp_data_engineering_pipeline to None, run_after=None
[2026-07-22T04:17:04.402+0000] {processor.py:208} INFO - Processing /opt/airflow/dags/olist_pipeline.py took 0.895 seconds
[2026-07-22T04:17:34.733+0000] {processor.py:186} INFO - Started process (PID=454) to work on /opt/airflow/dags/olist_pipeline.py
[2026-07-22T04:17:34.734+0000] {processor.py:914} INFO - Processing file /opt/airflow/dags/olist_pipeline.py for tasks to queue
[2026-07-22T04:17:34.738+0000] {logging_mixin.py:190} INFO - [2026-07-22T04:17:34.737+0000] {dagbag.py:588} INFO - Filling up the DagBag from /opt/airflow/dags/olist_pipeline.py
[2026-07-22T04:17:35.760+0000] {processor.py:925} INFO - DAG(s) 'olist_gcp_data_engineering_pipeline' retrieved from /opt/airflow/dags/olist_pipeline.py
[2026-07-22T04:17:35.784+0000] {logging_mixin.py:190} INFO - [2026-07-22T04:17:35.784+0000] {dag.py:3239} INFO - Sync 1 DAGs
[2026-07-22T04:17:35.796+0000] {logging_mixin.py:190} INFO - [2026-07-22T04:17:35.796+0000] {dag.py:4180} INFO - Setting next_dagrun for olist_gcp_data_engineering_pipeline to None, run_after=None
[2026-07-22T04:17:35.807+0000] {processor.py:208} INFO - Processing /opt/airflow/dags/olist_pipeline.py took 1.084 seconds
[2026-07-22T04:18:06.109+0000] {processor.py:186} INFO - Started process (PID=466) to work on /opt/airflow/dags/olist_pipeline.py
[2026-07-22T04:18:06.111+0000] {processor.py:914} INFO - Processing file /opt/airflow/dags/olist_pipeline.py for tasks to queue
[2026-07-22T04:18:06.114+0000] {logging_mixin.py:190} INFO - [2026-07-22T04:18:06.114+0000] {dagbag.py:588} INFO - Filling up the DagBag from /opt/airflow/dags/olist_pipeline.py
[2026-07-22T04:18:06.953+0000] {processor.py:925} INFO - DAG(s) 'olist_gcp_data_engineering_pipeline' retrieved from /opt/airflow/dags/olist_pipeline.py
[2026-07-22T04:18:06.971+0000] {logging_mixin.py:190} INFO - [2026-07-22T04:18:06.971+0000] {dag.py:3239} INFO - Sync 1 DAGs
[2026-07-22T04:18:06.978+0000] {logging_mixin.py:190} INFO - [2026-07-22T04:18:06.978+0000] {dag.py:4180} INFO - Setting next_dagrun for olist_gcp_data_engineering_pipeline to None, run_after=None
[2026-07-22T04:18:06.988+0000] {processor.py:208} INFO - Processing /opt/airflow/dags/olist_pipeline.py took 0.885 seconds
[2026-07-22T04:18:37.345+0000] {processor.py:186} INFO - Started process (PID=478) to work on /opt/airflow/dags/olist_pipeline.py
[2026-07-22T04:18:37.346+0000] {processor.py:914} INFO - Processing file /opt/airflow/dags/olist_pipeline.py for tasks to queue
[2026-07-22T04:18:37.349+0000] {logging_mixin.py:190} INFO - [2026-07-22T04:18:37.348+0000] {dagbag.py:588} INFO - Filling up the DagBag from /opt/airflow/dags/olist_pipeline.py
[2026-07-22T04:18:38.148+0000] {processor.py:925} INFO - DAG(s) 'olist_gcp_data_engineering_pipeline' retrieved from /opt/airflow/dags/olist_pipeline.py
[2026-07-22T04:18:38.170+0000] {logging_mixin.py:190} INFO - [2026-07-22T04:18:38.170+0000] {dag.py:3239} INFO - Sync 1 DAGs
[2026-07-22T04:18:38.178+0000] {logging_mixin.py:190} INFO - [2026-07-22T04:18:38.178+0000] {dag.py:4180} INFO - Setting next_dagrun for olist_gcp_data_engineering_pipeline to None, run_after=None
[2026-07-22T04:18:38.188+0000] {processor.py:208} INFO - Processing /opt/airflow/dags/olist_pipeline.py took 0.849 seconds
[2026-07-22T04:19:08.491+0000] {processor.py:186} INFO - Started process (PID=490) to work on /opt/airflow/dags/olist_pipeline.py
[2026-07-22T04:19:08.492+0000] {processor.py:914} INFO - Processing file /opt/airflow/dags/olist_pipeline.py for tasks to queue
[2026-07-22T04:19:08.495+0000] {logging_mixin.py:190} INFO - [2026-07-22T04:19:08.494+0000] {dagbag.py:588} INFO - Filling up the DagBag from /opt/airflow/dags/olist_pipeline.py
[2026-07-22T04:19:09.309+0000] {processor.py:925} INFO - DAG(s) 'olist_gcp_data_engineering_pipeline' retrieved from /opt/airflow/dags/olist_pipeline.py
[2026-07-22T04:19:09.328+0000] {logging_mixin.py:190} INFO - [2026-07-22T04:19:09.328+0000] {dag.py:3239} INFO - Sync 1 DAGs
[2026-07-22T04:19:09.336+0000] {logging_mixin.py:190} INFO - [2026-07-22T04:19:09.335+0000] {dag.py:4180} INFO - Setting next_dagrun for olist_gcp_data_engineering_pipeline to None, run_after=None
[2026-07-22T04:19:09.346+0000] {processor.py:208} INFO - Processing /opt/airflow/dags/olist_pipeline.py took 0.865 seconds
[2026-07-22T04:19:39.694+0000] {processor.py:186} INFO - Started process (PID=502) to work on /opt/airflow/dags/olist_pipeline.py
[2026-07-22T04:19:39.695+0000] {processor.py:914} INFO - Processing file /opt/airflow/dags/olist_pipeline.py for tasks to queue
[2026-07-22T04:19:39.696+0000] {logging_mixin.py:190} INFO - [2026-07-22T04:19:39.696+0000] {dagbag.py:588} INFO - Filling up the DagBag from /opt/airflow/dags/olist_pipeline.py
[2026-07-22T04:19:40.463+0000] {processor.py:925} INFO - DAG(s) 'olist_gcp_data_engineering_pipeline' retrieved from /opt/airflow/dags/olist_pipeline.py
[2026-07-22T04:19:40.482+0000] {logging_mixin.py:190} INFO - [2026-07-22T04:19:40.482+0000] {dag.py:3239} INFO - Sync 1 DAGs
[2026-07-22T04:19:40.492+0000] {logging_mixin.py:190} INFO - [2026-07-22T04:19:40.492+0000] {dag.py:4180} INFO - Setting next_dagrun for olist_gcp_data_engineering_pipeline to None, run_after=None
[2026-07-22T04:19:40.503+0000] {processor.py:208} INFO - Processing /opt/airflow/dags/olist_pipeline.py took 0.815 seconds
[2026-07-22T04:20:10.891+0000] {processor.py:186} INFO - Started process (PID=514) to work on /opt/airflow/dags/olist_pipeline.py
[2026-07-22T04:20:10.892+0000] {processor.py:914} INFO - Processing file /opt/airflow/dags/olist_pipeline.py for tasks to queue
[2026-07-22T04:20:10.894+0000] {logging_mixin.py:190} INFO - [2026-07-22T04:20:10.894+0000] {dagbag.py:588} INFO - Filling up the DagBag from /opt/airflow/dags/olist_pipeline.py
[2026-07-22T04:20:11.764+0000] {processor.py:925} INFO - DAG(s) 'olist_gcp_data_engineering_pipeline' retrieved from /opt/airflow/dags/olist_pipeline.py
[2026-07-22T04:20:11.790+0000] {logging_mixin.py:190} INFO - [2026-07-22T04:20:11.790+0000] {dag.py:3239} INFO - Sync 1 DAGs
[2026-07-22T04:20:11.802+0000] {logging_mixin.py:190} INFO - [2026-07-22T04:20:11.802+0000] {dag.py:4180} INFO - Setting next_dagrun for olist_gcp_data_engineering_pipeline to None, run_after=None
[2026-07-22T04:20:11.814+0000] {processor.py:208} INFO - Processing /opt/airflow/dags/olist_pipeline.py took 0.930 seconds
[2026-07-22T04:20:42.199+0000] {processor.py:186} INFO - Started process (PID=532) to work on /opt/airflow/dags/olist_pipeline.py
[2026-07-22T04:20:42.200+0000] {processor.py:914} INFO - Processing file /opt/airflow/dags/olist_pipeline.py for tasks to queue
[2026-07-22T04:20:42.203+0000] {logging_mixin.py:190} INFO - [2026-07-22T04:20:42.202+0000] {dagbag.py:588} INFO - Filling up the DagBag from /opt/airflow/dags/olist_pipeline.py
[2026-07-22T04:20:43.059+0000] {processor.py:925} INFO - DAG(s) 'olist_gcp_data_engineering_pipeline' retrieved from /opt/airflow/dags/olist_pipeline.py
[2026-07-22T04:20:43.082+0000] {logging_mixin.py:190} INFO - [2026-07-22T04:20:43.081+0000] {dag.py:3239} INFO - Sync 1 DAGs
[2026-07-22T04:20:43.091+0000] {logging_mixin.py:190} INFO - [2026-07-22T04:20:43.091+0000] {dag.py:4180} INFO - Setting next_dagrun for olist_gcp_data_engineering_pipeline to None, run_after=None
[2026-07-22T04:20:43.101+0000] {processor.py:208} INFO - Processing /opt/airflow/dags/olist_pipeline.py took 0.909 seconds
[2026-07-22T04:21:13.433+0000] {processor.py:186} INFO - Started process (PID=544) to work on /opt/airflow/dags/olist_pipeline.py
[2026-07-22T04:21:13.435+0000] {processor.py:914} INFO - Processing file /opt/airflow/dags/olist_pipeline.py for tasks to queue
[2026-07-22T04:21:13.437+0000] {logging_mixin.py:190} INFO - [2026-07-22T04:21:13.436+0000] {dagbag.py:588} INFO - Filling up the DagBag from /opt/airflow/dags/olist_pipeline.py
[2026-07-22T04:21:14.254+0000] {processor.py:925} INFO - DAG(s) 'olist_gcp_data_engineering_pipeline' retrieved from /opt/airflow/dags/olist_pipeline.py
[2026-07-22T04:21:14.275+0000] {logging_mixin.py:190} INFO - [2026-07-22T04:21:14.275+0000] {dag.py:3239} INFO - Sync 1 DAGs
[2026-07-22T04:21:14.283+0000] {logging_mixin.py:190} INFO - [2026-07-22T04:21:14.283+0000] {dag.py:4180} INFO - Setting next_dagrun for olist_gcp_data_engineering_pipeline to None, run_after=None
[2026-07-22T04:21:14.294+0000] {processor.py:208} INFO - Processing /opt/airflow/dags/olist_pipeline.py took 0.869 seconds
[2026-07-22T04:21:44.367+0000] {processor.py:186} INFO - Started process (PID=556) to work on /opt/airflow/dags/olist_pipeline.py
[2026-07-22T04:21:44.368+0000] {processor.py:914} INFO - Processing file /opt/airflow/dags/olist_pipeline.py for tasks to queue
[2026-07-22T04:21:44.371+0000] {logging_mixin.py:190} INFO - [2026-07-22T04:21:44.371+0000] {dagbag.py:588} INFO - Filling up the DagBag from /opt/airflow/dags/olist_pipeline.py
[2026-07-22T04:21:45.261+0000] {processor.py:925} INFO - DAG(s) 'olist_gcp_data_engineering_pipeline' retrieved from /opt/airflow/dags/olist_pipeline.py
[2026-07-22T04:21:45.286+0000] {logging_mixin.py:190} INFO - [2026-07-22T04:21:45.286+0000] {dag.py:3239} INFO - Sync 1 DAGs
[2026-07-22T04:21:45.297+0000] {logging_mixin.py:190} INFO - [2026-07-22T04:21:45.297+0000] {dag.py:4180} INFO - Setting next_dagrun for olist_gcp_data_engineering_pipeline to None, run_after=None
[2026-07-22T04:21:45.309+0000] {processor.py:208} INFO - Processing /opt/airflow/dags/olist_pipeline.py took 0.952 seconds
[2026-07-22T04:22:15.672+0000] {processor.py:186} INFO - Started process (PID=568) to work on /opt/airflow/dags/olist_pipeline.py
[2026-07-22T04:22:15.674+0000] {processor.py:914} INFO - Processing file /opt/airflow/dags/olist_pipeline.py for tasks to queue
[2026-07-22T04:22:15.677+0000] {logging_mixin.py:190} INFO - [2026-07-22T04:22:15.676+0000] {dagbag.py:588} INFO - Filling up the DagBag from /opt/airflow/dags/olist_pipeline.py
[2026-07-22T04:22:16.481+0000] {processor.py:925} INFO - DAG(s) 'olist_gcp_data_engineering_pipeline' retrieved from /opt/airflow/dags/olist_pipeline.py
[2026-07-22T04:22:16.506+0000] {logging_mixin.py:190} INFO - [2026-07-22T04:22:16.506+0000] {dag.py:3239} INFO - Sync 1 DAGs
[2026-07-22T04:22:16.515+0000] {logging_mixin.py:190} INFO - [2026-07-22T04:22:16.515+0000] {dag.py:4180} INFO - Setting next_dagrun for olist_gcp_data_engineering_pipeline to None, run_after=None
[2026-07-22T04:22:16.529+0000] {processor.py:208} INFO - Processing /opt/airflow/dags/olist_pipeline.py took 0.863 seconds
[2026-07-22T04:22:46.890+0000] {processor.py:186} INFO - Started process (PID=580) to work on /opt/airflow/dags/olist_pipeline.py
[2026-07-22T04:22:46.891+0000] {processor.py:914} INFO - Processing file /opt/airflow/dags/olist_pipeline.py for tasks to queue
[2026-07-22T04:22:46.893+0000] {logging_mixin.py:190} INFO - [2026-07-22T04:22:46.892+0000] {dagbag.py:588} INFO - Filling up the DagBag from /opt/airflow/dags/olist_pipeline.py
[2026-07-22T04:22:47.777+0000] {processor.py:925} INFO - DAG(s) 'olist_gcp_data_engineering_pipeline' retrieved from /opt/airflow/dags/olist_pipeline.py
[2026-07-22T04:22:47.797+0000] {logging_mixin.py:190} INFO - [2026-07-22T04:22:47.797+0000] {dag.py:3239} INFO - Sync 1 DAGs
[2026-07-22T04:22:47.807+0000] {logging_mixin.py:190} INFO - [2026-07-22T04:22:47.807+0000] {dag.py:4180} INFO - Setting next_dagrun for olist_gcp_data_engineering_pipeline to None, run_after=None
[2026-07-22T04:22:47.818+0000] {processor.py:208} INFO - Processing /opt/airflow/dags/olist_pipeline.py took 0.934 seconds
[2026-07-22T04:23:18.227+0000] {processor.py:186} INFO - Started process (PID=592) to work on /opt/airflow/dags/olist_pipeline.py
[2026-07-22T04:23:18.228+0000] {processor.py:914} INFO - Processing file /opt/airflow/dags/olist_pipeline.py for tasks to queue
[2026-07-22T04:23:18.231+0000] {logging_mixin.py:190} INFO - [2026-07-22T04:23:18.230+0000] {dagbag.py:588} INFO - Filling up the DagBag from /opt/airflow/dags/olist_pipeline.py
[2026-07-22T04:23:19.177+0000] {processor.py:925} INFO - DAG(s) 'olist_gcp_data_engineering_pipeline' retrieved from /opt/airflow/dags/olist_pipeline.py
[2026-07-22T04:23:19.205+0000] {logging_mixin.py:190} INFO - [2026-07-22T04:23:19.205+0000] {dag.py:3239} INFO - Sync 1 DAGs
[2026-07-22T04:23:19.220+0000] {logging_mixin.py:190} INFO - [2026-07-22T04:23:19.219+0000] {dag.py:4180} INFO - Setting next_dagrun for olist_gcp_data_engineering_pipeline to None, run_after=None
[2026-07-22T04:23:19.239+0000] {processor.py:208} INFO - Processing /opt/airflow/dags/olist_pipeline.py took 1.021 seconds
[2026-07-22T04:23:49.574+0000] {processor.py:186} INFO - Started process (PID=604) to work on /opt/airflow/dags/olist_pipeline.py
[2026-07-22T04:23:49.575+0000] {processor.py:914} INFO - Processing file /opt/airflow/dags/olist_pipeline.py for tasks to queue
[2026-07-22T04:23:49.577+0000] {logging_mixin.py:190} INFO - [2026-07-22T04:23:49.577+0000] {dagbag.py:588} INFO - Filling up the DagBag from /opt/airflow/dags/olist_pipeline.py
[2026-07-22T04:23:50.355+0000] {processor.py:925} INFO - DAG(s) 'olist_gcp_data_engineering_pipeline' retrieved from /opt/airflow/dags/olist_pipeline.py
[2026-07-22T04:23:50.380+0000] {logging_mixin.py:190} INFO - [2026-07-22T04:23:50.380+0000] {dag.py:3239} INFO - Sync 1 DAGs
[2026-07-22T04:23:50.390+0000] {logging_mixin.py:190} INFO - [2026-07-22T04:23:50.390+0000] {dag.py:4180} INFO - Setting next_dagrun for olist_gcp_data_engineering_pipeline to None, run_after=None
[2026-07-22T04:23:50.403+0000] {processor.py:208} INFO - Processing /opt/airflow/dags/olist_pipeline.py took 0.835 seconds
[2026-07-22T04:24:20.831+0000] {processor.py:186} INFO - Started process (PID=616) to work on /opt/airflow/dags/olist_pipeline.py
[2026-07-22T04:24:20.832+0000] {processor.py:914} INFO - Processing file /opt/airflow/dags/olist_pipeline.py for tasks to queue
[2026-07-22T04:24:20.835+0000] {logging_mixin.py:190} INFO - [2026-07-22T04:24:20.835+0000] {dagbag.py:588} INFO - Filling up the DagBag from /opt/airflow/dags/olist_pipeline.py
[2026-07-22T04:24:21.731+0000] {processor.py:925} INFO - DAG(s) 'olist_gcp_data_engineering_pipeline' retrieved from /opt/airflow/dags/olist_pipeline.py
[2026-07-22T04:24:21.757+0000] {logging_mixin.py:190} INFO - [2026-07-22T04:24:21.756+0000] {dag.py:3239} INFO - Sync 1 DAGs
[2026-07-22T04:24:21.768+0000] {logging_mixin.py:190} INFO - [2026-07-22T04:24:21.768+0000] {dag.py:4180} INFO - Setting next_dagrun for olist_gcp_data_engineering_pipeline to None, run_after=None
[2026-07-22T04:24:21.781+0000] {processor.py:208} INFO - Processing /opt/airflow/dags/olist_pipeline.py took 0.961 seconds
[2026-07-22T04:24:29.907+0000] {processor.py:186} INFO - Started process (PID=622) to work on /opt/airflow/dags/olist_pipeline.py
[2026-07-22T04:24:29.908+0000] {processor.py:914} INFO - Processing file /opt/airflow/dags/olist_pipeline.py for tasks to queue
[2026-07-22T04:24:29.910+0000] {logging_mixin.py:190} INFO - [2026-07-22T04:24:29.910+0000] {dagbag.py:588} INFO - Filling up the DagBag from /opt/airflow/dags/olist_pipeline.py
[2026-07-22T04:24:30.717+0000] {processor.py:925} INFO - DAG(s) 'olist_gcp_data_engineering_pipeline' retrieved from /opt/airflow/dags/olist_pipeline.py
[2026-07-22T04:24:30.759+0000] {logging_mixin.py:190} INFO - [2026-07-22T04:24:30.758+0000] {dag.py:3239} INFO - Sync 1 DAGs
[2026-07-22T04:24:30.795+0000] {logging_mixin.py:190} INFO - [2026-07-22T04:24:30.794+0000] {dag.py:4180} INFO - Setting next_dagrun for olist_gcp_data_engineering_pipeline to None, run_after=None
[2026-07-22T04:24:30.830+0000] {processor.py:208} INFO - Processing /opt/airflow/dags/olist_pipeline.py took 0.931 seconds
[2026-07-22T04:25:01.212+0000] {processor.py:186} INFO - Started process (PID=634) to work on /opt/airflow/dags/olist_pipeline.py
[2026-07-22T04:25:01.213+0000] {processor.py:914} INFO - Processing file /opt/airflow/dags/olist_pipeline.py for tasks to queue
[2026-07-22T04:25:01.214+0000] {logging_mixin.py:190} INFO - [2026-07-22T04:25:01.214+0000] {dagbag.py:588} INFO - Filling up the DagBag from /opt/airflow/dags/olist_pipeline.py
[2026-07-22T04:25:02.081+0000] {processor.py:925} INFO - DAG(s) 'olist_gcp_data_engineering_pipeline' retrieved from /opt/airflow/dags/olist_pipeline.py
[2026-07-22T04:25:02.101+0000] {logging_mixin.py:190} INFO - [2026-07-22T04:25:02.100+0000] {dag.py:3239} INFO - Sync 1 DAGs
[2026-07-22T04:25:02.111+0000] {logging_mixin.py:190} INFO - [2026-07-22T04:25:02.111+0000] {dag.py:4180} INFO - Setting next_dagrun for olist_gcp_data_engineering_pipeline to None, run_after=None
[2026-07-22T04:25:02.123+0000] {processor.py:208} INFO - Processing /opt/airflow/dags/olist_pipeline.py took 0.917 seconds
[2026-07-22T04:25:32.526+0000] {processor.py:186} INFO - Started process (PID=646) to work on /opt/airflow/dags/olist_pipeline.py
[2026-07-22T04:25:32.527+0000] {processor.py:914} INFO - Processing file /opt/airflow/dags/olist_pipeline.py for tasks to queue
[2026-07-22T04:25:32.530+0000] {logging_mixin.py:190} INFO - [2026-07-22T04:25:32.529+0000] {dagbag.py:588} INFO - Filling up the DagBag from /opt/airflow/dags/olist_pipeline.py
[2026-07-22T04:25:33.473+0000] {processor.py:925} INFO - DAG(s) 'olist_gcp_data_engineering_pipeline' retrieved from /opt/airflow/dags/olist_pipeline.py
[2026-07-22T04:25:33.501+0000] {logging_mixin.py:190} INFO - [2026-07-22T04:25:33.500+0000] {dag.py:3239} INFO - Sync 1 DAGs
[2026-07-22T04:25:33.512+0000] {logging_mixin.py:190} INFO - [2026-07-22T04:25:33.512+0000] {dag.py:4180} INFO - Setting next_dagrun for olist_gcp_data_engineering_pipeline to None, run_after=None
[2026-07-22T04:25:33.524+0000] {processor.py:208} INFO - Processing /opt/airflow/dags/olist_pipeline.py took 1.007 seconds
[2026-07-22T04:26:03.872+0000] {processor.py:186} INFO - Started process (PID=658) to work on /opt/airflow/dags/olist_pipeline.py
[2026-07-22T04:26:03.874+0000] {processor.py:914} INFO - Processing file /opt/airflow/dags/olist_pipeline.py for tasks to queue
[2026-07-22T04:26:03.876+0000] {logging_mixin.py:190} INFO - [2026-07-22T04:26:03.876+0000] {dagbag.py:588} INFO - Filling up the DagBag from /opt/airflow/dags/olist_pipeline.py
[2026-07-22T04:26:04.756+0000] {processor.py:925} INFO - DAG(s) 'olist_gcp_data_engineering_pipeline' retrieved from /opt/airflow/dags/olist_pipeline.py
[2026-07-22T04:26:04.784+0000] {logging_mixin.py:190} INFO - [2026-07-22T04:26:04.784+0000] {dag.py:3239} INFO - Sync 1 DAGs
[2026-07-22T04:26:04.796+0000] {logging_mixin.py:190} INFO - [2026-07-22T04:26:04.796+0000] {dag.py:4180} INFO - Setting next_dagrun for olist_gcp_data_engineering_pipeline to None, run_after=None
[2026-07-22T04:26:04.810+0000] {processor.py:208} INFO - Processing /opt/airflow/dags/olist_pipeline.py took 0.945 seconds
[2026-07-22T04:26:35.228+0000] {processor.py:186} INFO - Started process (PID=670) to work on /opt/airflow/dags/olist_pipeline.py
[2026-07-22T04:26:35.229+0000] {processor.py:914} INFO - Processing file /opt/airflow/dags/olist_pipeline.py for tasks to queue
[2026-07-22T04:26:35.232+0000] {logging_mixin.py:190} INFO - [2026-07-22T04:26:35.232+0000] {dagbag.py:588} INFO - Filling up the DagBag from /opt/airflow/dags/olist_pipeline.py
[2026-07-22T04:26:36.038+0000] {processor.py:925} INFO - DAG(s) 'olist_gcp_data_engineering_pipeline' retrieved from /opt/airflow/dags/olist_pipeline.py
[2026-07-22T04:26:36.059+0000] {logging_mixin.py:190} INFO - [2026-07-22T04:26:36.059+0000] {dag.py:3239} INFO - Sync 1 DAGs
[2026-07-22T04:26:36.067+0000] {logging_mixin.py:190} INFO - [2026-07-22T04:26:36.067+0000] {dag.py:4180} INFO - Setting next_dagrun for olist_gcp_data_engineering_pipeline to None, run_after=None
[2026-07-22T04:26:36.078+0000] {processor.py:208} INFO - Processing /opt/airflow/dags/olist_pipeline.py took 0.858 seconds
[2026-07-22T04:27:06.451+0000] {processor.py:186} INFO - Started process (PID=682) to work on /opt/airflow/dags/olist_pipeline.py
[2026-07-22T04:27:06.452+0000] {processor.py:914} INFO - Processing file /opt/airflow/dags/olist_pipeline.py for tasks to queue
[2026-07-22T04:27:06.454+0000] {logging_mixin.py:190} INFO - [2026-07-22T04:27:06.454+0000] {dagbag.py:588} INFO - Filling up the DagBag from /opt/airflow/dags/olist_pipeline.py
[2026-07-22T04:27:07.352+0000] {processor.py:925} INFO - DAG(s) 'olist_gcp_data_engineering_pipeline' retrieved from /opt/airflow/dags/olist_pipeline.py
[2026-07-22T04:27:07.461+0000] {logging_mixin.py:190} INFO - [2026-07-22T04:27:07.461+0000] {dag.py:3239} INFO - Sync 1 DAGs
[2026-07-22T04:27:07.489+0000] {logging_mixin.py:190} INFO - [2026-07-22T04:27:07.489+0000] {dag.py:4180} INFO - Setting next_dagrun for olist_gcp_data_engineering_pipeline to None, run_after=None
[2026-07-22T04:27:07.513+0000] {processor.py:208} INFO - Processing /opt/airflow/dags/olist_pipeline.py took 1.070 seconds
[2026-07-22T04:27:37.819+0000] {processor.py:186} INFO - Started process (PID=694) to work on /opt/airflow/dags/olist_pipeline.py
[2026-07-22T04:27:37.820+0000] {processor.py:914} INFO - Processing file /opt/airflow/dags/olist_pipeline.py for tasks to queue
[2026-07-22T04:27:37.821+0000] {logging_mixin.py:190} INFO - [2026-07-22T04:27:37.821+0000] {dagbag.py:588} INFO - Filling up the DagBag from /opt/airflow/dags/olist_pipeline.py
[2026-07-22T04:27:38.583+0000] {processor.py:925} INFO - DAG(s) 'olist_gcp_data_engineering_pipeline' retrieved from /opt/airflow/dags/olist_pipeline.py
[2026-07-22T04:27:38.604+0000] {logging_mixin.py:190} INFO - [2026-07-22T04:27:38.604+0000] {dag.py:3239} INFO - Sync 1 DAGs
[2026-07-22T04:27:38.614+0000] {logging_mixin.py:190} INFO - [2026-07-22T04:27:38.614+0000] {dag.py:4180} INFO - Setting next_dagrun for olist_gcp_data_engineering_pipeline to None, run_after=None
[2026-07-22T04:27:38.627+0000] {processor.py:208} INFO - Processing /opt/airflow/dags/olist_pipeline.py took 0.813 seconds
[2026-07-22T04:28:09.055+0000] {processor.py:186} INFO - Started process (PID=706) to work on /opt/airflow/dags/olist_pipeline.py
[2026-07-22T04:28:09.057+0000] {processor.py:914} INFO - Processing file /opt/airflow/dags/olist_pipeline.py for tasks to queue
[2026-07-22T04:28:09.060+0000] {logging_mixin.py:190} INFO - [2026-07-22T04:28:09.060+0000] {dagbag.py:588} INFO - Filling up the DagBag from /opt/airflow/dags/olist_pipeline.py
[2026-07-22T04:28:09.886+0000] {processor.py:925} INFO - DAG(s) 'olist_gcp_data_engineering_pipeline' retrieved from /opt/airflow/dags/olist_pipeline.py
[2026-07-22T04:28:09.909+0000] {logging_mixin.py:190} INFO - [2026-07-22T04:28:09.908+0000] {dag.py:3239} INFO - Sync 1 DAGs
[2026-07-22T04:28:09.918+0000] {logging_mixin.py:190} INFO - [2026-07-22T04:28:09.918+0000] {dag.py:4180} INFO - Setting next_dagrun for olist_gcp_data_engineering_pipeline to None, run_after=None
[2026-07-22T04:28:09.928+0000] {processor.py:208} INFO - Processing /opt/airflow/dags/olist_pipeline.py took 0.883 seconds
[2026-07-22T04:28:40.293+0000] {processor.py:186} INFO - Started process (PID=718) to work on /opt/airflow/dags/olist_pipeline.py
[2026-07-22T04:28:40.294+0000] {processor.py:914} INFO - Processing file /opt/airflow/dags/olist_pipeline.py for tasks to queue
[2026-07-22T04:28:40.295+0000] {logging_mixin.py:190} INFO - [2026-07-22T04:28:40.295+0000] {dagbag.py:588} INFO - Filling up the DagBag from /opt/airflow/dags/olist_pipeline.py
[2026-07-22T04:28:41.213+0000] {processor.py:925} INFO - DAG(s) 'olist_gcp_data_engineering_pipeline' retrieved from /opt/airflow/dags/olist_pipeline.py
[2026-07-22T04:28:41.237+0000] {logging_mixin.py:190} INFO - [2026-07-22T04:28:41.237+0000] {dag.py:3239} INFO - Sync 1 DAGs
[2026-07-22T04:28:41.248+0000] {logging_mixin.py:190} INFO - [2026-07-22T04:28:41.247+0000] {dag.py:4180} INFO - Setting next_dagrun for olist_gcp_data_engineering_pipeline to None, run_after=None
[2026-07-22T04:28:41.259+0000] {processor.py:208} INFO - Processing /opt/airflow/dags/olist_pipeline.py took 0.971 seconds
[2026-07-22T04:29:11.602+0000] {processor.py:186} INFO - Started process (PID=730) to work on /opt/airflow/dags/olist_pipeline.py
[2026-07-22T04:29:11.603+0000] {processor.py:914} INFO - Processing file /opt/airflow/dags/olist_pipeline.py for tasks to queue
[2026-07-22T04:29:11.605+0000] {logging_mixin.py:190} INFO - [2026-07-22T04:29:11.605+0000] {dagbag.py:588} INFO - Filling up the DagBag from /opt/airflow/dags/olist_pipeline.py
[2026-07-22T04:29:12.370+0000] {processor.py:925} INFO - DAG(s) 'olist_gcp_data_engineering_pipeline' retrieved from /opt/airflow/dags/olist_pipeline.py
[2026-07-22T04:29:12.393+0000] {logging_mixin.py:190} INFO - [2026-07-22T04:29:12.393+0000] {dag.py:3239} INFO - Sync 1 DAGs
[2026-07-22T04:29:12.403+0000] {logging_mixin.py:190} INFO - [2026-07-22T04:29:12.402+0000] {dag.py:4180} INFO - Setting next_dagrun for olist_gcp_data_engineering_pipeline to None, run_after=None
[2026-07-22T04:29:12.414+0000] {processor.py:208} INFO - Processing /opt/airflow/dags/olist_pipeline.py took 0.819 seconds
[2026-07-22T04:29:42.801+0000] {processor.py:186} INFO - Started process (PID=747) to work on /opt/airflow/dags/olist_pipeline.py
[2026-07-22T04:29:42.802+0000] {processor.py:914} INFO - Processing file /opt/airflow/dags/olist_pipeline.py for tasks to queue
[2026-07-22T04:29:42.804+0000] {logging_mixin.py:190} INFO - [2026-07-22T04:29:42.804+0000] {dagbag.py:588} INFO - Filling up the DagBag from /opt/airflow/dags/olist_pipeline.py
[2026-07-22T04:29:43.573+0000] {processor.py:925} INFO - DAG(s) 'olist_gcp_data_engineering_pipeline' retrieved from /opt/airflow/dags/olist_pipeline.py
[2026-07-22T04:29:43.590+0000] {logging_mixin.py:190} INFO - [2026-07-22T04:29:43.590+0000] {dag.py:3239} INFO - Sync 1 DAGs
[2026-07-22T04:29:43.598+0000] {logging_mixin.py:190} INFO - [2026-07-22T04:29:43.598+0000] {dag.py:4180} INFO - Setting next_dagrun for olist_gcp_data_engineering_pipeline to None, run_after=None
[2026-07-22T04:29:43.608+0000] {processor.py:208} INFO - Processing /opt/airflow/dags/olist_pipeline.py took 0.812 seconds
[2026-07-22T04:30:13.981+0000] {processor.py:186} INFO - Started process (PID=759) to work on /opt/airflow/dags/olist_pipeline.py
[2026-07-22T04:30:13.982+0000] {processor.py:914} INFO - Processing file /opt/airflow/dags/olist_pipeline.py for tasks to queue
[2026-07-22T04:30:13.984+0000] {logging_mixin.py:190} INFO - [2026-07-22T04:30:13.984+0000] {dagbag.py:588} INFO - Filling up the DagBag from /opt/airflow/dags/olist_pipeline.py
[2026-07-22T04:30:14.754+0000] {processor.py:925} INFO - DAG(s) 'olist_gcp_data_engineering_pipeline' retrieved from /opt/airflow/dags/olist_pipeline.py
[2026-07-22T04:30:14.777+0000] {logging_mixin.py:190} INFO - [2026-07-22T04:30:14.777+0000] {dag.py:3239} INFO - Sync 1 DAGs
[2026-07-22T04:30:14.785+0000] {logging_mixin.py:190} INFO - [2026-07-22T04:30:14.785+0000] {dag.py:4180} INFO - Setting next_dagrun for olist_gcp_data_engineering_pipeline to None, run_after=None
[2026-07-22T04:30:14.795+0000] {processor.py:208} INFO - Processing /opt/airflow/dags/olist_pipeline.py took 0.820 seconds
[2026-07-22T04:30:45.173+0000] {processor.py:186} INFO - Started process (PID=771) to work on /opt/airflow/dags/olist_pipeline.py
[2026-07-22T04:30:45.175+0000] {processor.py:914} INFO - Processing file /opt/airflow/dags/olist_pipeline.py for tasks to queue
[2026-07-22T04:30:45.177+0000] {logging_mixin.py:190} INFO - [2026-07-22T04:30:45.176+0000] {dagbag.py:588} INFO - Filling up the DagBag from /opt/airflow/dags/olist_pipeline.py
[2026-07-22T04:30:45.926+0000] {processor.py:925} INFO - DAG(s) 'olist_gcp_data_engineering_pipeline' retrieved from /opt/airflow/dags/olist_pipeline.py
[2026-07-22T04:30:45.946+0000] {logging_mixin.py:190} INFO - [2026-07-22T04:30:45.945+0000] {dag.py:3239} INFO - Sync 1 DAGs
[2026-07-22T04:30:45.954+0000] {logging_mixin.py:190} INFO - [2026-07-22T04:30:45.954+0000] {dag.py:4180} INFO - Setting next_dagrun for olist_gcp_data_engineering_pipeline to None, run_after=None
[2026-07-22T04:30:45.965+0000] {processor.py:208} INFO - Processing /opt/airflow/dags/olist_pipeline.py took 0.798 seconds
[2026-07-22T04:31:16.377+0000] {processor.py:186} INFO - Started process (PID=783) to work on /opt/airflow/dags/olist_pipeline.py
[2026-07-22T04:31:16.378+0000] {processor.py:914} INFO - Processing file /opt/airflow/dags/olist_pipeline.py for tasks to queue
[2026-07-22T04:31:16.380+0000] {logging_mixin.py:190} INFO - [2026-07-22T04:31:16.380+0000] {dagbag.py:588} INFO - Filling up the DagBag from /opt/airflow/dags/olist_pipeline.py
[2026-07-22T04:31:17.147+0000] {processor.py:925} INFO - DAG(s) 'olist_gcp_data_engineering_pipeline' retrieved from /opt/airflow/dags/olist_pipeline.py
[2026-07-22T04:31:17.170+0000] {logging_mixin.py:190} INFO - [2026-07-22T04:31:17.170+0000] {dag.py:3239} INFO - Sync 1 DAGs
[2026-07-22T04:31:17.181+0000] {logging_mixin.py:190} INFO - [2026-07-22T04:31:17.181+0000] {dag.py:4180} INFO - Setting next_dagrun for olist_gcp_data_engineering_pipeline to None, run_after=None
[2026-07-22T04:31:17.193+0000] {processor.py:208} INFO - Processing /opt/airflow/dags/olist_pipeline.py took 0.822 seconds
[2026-07-22T04:31:47.538+0000] {processor.py:186} INFO - Started process (PID=795) to work on /opt/airflow/dags/olist_pipeline.py
[2026-07-22T04:31:47.539+0000] {processor.py:914} INFO - Processing file /opt/airflow/dags/olist_pipeline.py for tasks to queue
[2026-07-22T04:31:47.541+0000] {logging_mixin.py:190} INFO - [2026-07-22T04:31:47.541+0000] {dagbag.py:588} INFO - Filling up the DagBag from /opt/airflow/dags/olist_pipeline.py
[2026-07-22T04:31:48.431+0000] {processor.py:925} INFO - DAG(s) 'olist_gcp_data_engineering_pipeline' retrieved from /opt/airflow/dags/olist_pipeline.py
[2026-07-22T04:31:48.450+0000] {logging_mixin.py:190} INFO - [2026-07-22T04:31:48.450+0000] {dag.py:3239} INFO - Sync 1 DAGs
[2026-07-22T04:31:48.459+0000] {logging_mixin.py:190} INFO - [2026-07-22T04:31:48.458+0000] {dag.py:4180} INFO - Setting next_dagrun for olist_gcp_data_engineering_pipeline to None, run_after=None
[2026-07-22T04:31:48.468+0000] {processor.py:208} INFO - Processing /opt/airflow/dags/olist_pipeline.py took 0.937 seconds
[2026-07-22T04:32:18.833+0000] {processor.py:186} INFO - Started process (PID=807) to work on /opt/airflow/dags/olist_pipeline.py
[2026-07-22T04:32:18.834+0000] {processor.py:914} INFO - Processing file /opt/airflow/dags/olist_pipeline.py for tasks to queue
[2026-07-22T04:32:18.836+0000] {logging_mixin.py:190} INFO - [2026-07-22T04:32:18.836+0000] {dagbag.py:588} INFO - Filling up the DagBag from /opt/airflow/dags/olist_pipeline.py
[2026-07-22T04:32:19.613+0000] {processor.py:925} INFO - DAG(s) 'olist_gcp_data_engineering_pipeline' retrieved from /opt/airflow/dags/olist_pipeline.py
[2026-07-22T04:32:19.635+0000] {logging_mixin.py:190} INFO - [2026-07-22T04:32:19.635+0000] {dag.py:3239} INFO - Sync 1 DAGs
[2026-07-22T04:32:19.643+0000] {logging_mixin.py:190} INFO - [2026-07-22T04:32:19.642+0000] {dag.py:4180} INFO - Setting next_dagrun for olist_gcp_data_engineering_pipeline to None, run_after=None
[2026-07-22T04:32:19.652+0000] {processor.py:208} INFO - Processing /opt/airflow/dags/olist_pipeline.py took 0.826 seconds
[2026-07-22T04:32:50.025+0000] {processor.py:186} INFO - Started process (PID=819) to work on /opt/airflow/dags/olist_pipeline.py
[2026-07-22T04:32:50.026+0000] {processor.py:914} INFO - Processing file /opt/airflow/dags/olist_pipeline.py for tasks to queue
[2026-07-22T04:32:50.029+0000] {logging_mixin.py:190} INFO - [2026-07-22T04:32:50.028+0000] {dagbag.py:588} INFO - Filling up the DagBag from /opt/airflow/dags/olist_pipeline.py
[2026-07-22T04:32:50.801+0000] {processor.py:925} INFO - DAG(s) 'olist_gcp_data_engineering_pipeline' retrieved from /opt/airflow/dags/olist_pipeline.py
[2026-07-22T04:32:50.823+0000] {logging_mixin.py:190} INFO - [2026-07-22T04:32:50.822+0000] {dag.py:3239} INFO - Sync 1 DAGs
[2026-07-22T04:32:50.831+0000] {logging_mixin.py:190} INFO - [2026-07-22T04:32:50.831+0000] {dag.py:4180} INFO - Setting next_dagrun for olist_gcp_data_engineering_pipeline to None, run_after=None
[2026-07-22T04:32:50.842+0000] {processor.py:208} INFO - Processing /opt/airflow/dags/olist_pipeline.py took 0.822 seconds
[2026-07-22T04:33:20.905+0000] {processor.py:186} INFO - Started process (PID=831) to work on /opt/airflow/dags/olist_pipeline.py
[2026-07-22T04:33:20.906+0000] {processor.py:914} INFO - Processing file /opt/airflow/dags/olist_pipeline.py for tasks to queue
[2026-07-22T04:33:20.907+0000] {logging_mixin.py:190} INFO - [2026-07-22T04:33:20.907+0000] {dagbag.py:588} INFO - Filling up the DagBag from /opt/airflow/dags/olist_pipeline.py
[2026-07-22T04:33:21.659+0000] {processor.py:925} INFO - DAG(s) 'olist_gcp_data_engineering_pipeline' retrieved from /opt/airflow/dags/olist_pipeline.py
[2026-07-22T04:33:21.679+0000] {logging_mixin.py:190} INFO - [2026-07-22T04:33:21.679+0000] {dag.py:3239} INFO - Sync 1 DAGs
[2026-07-22T04:33:21.688+0000] {logging_mixin.py:190} INFO - [2026-07-22T04:33:21.688+0000] {dag.py:4180} INFO - Setting next_dagrun for olist_gcp_data_engineering_pipeline to None, run_after=None
[2026-07-22T04:33:21.700+0000] {processor.py:208} INFO - Processing /opt/airflow/dags/olist_pipeline.py took 0.800 seconds
[2026-07-22T04:33:52.054+0000] {processor.py:186} INFO - Started process (PID=843) to work on /opt/airflow/dags/olist_pipeline.py
[2026-07-22T04:33:52.055+0000] {processor.py:914} INFO - Processing file /opt/airflow/dags/olist_pipeline.py for tasks to queue
[2026-07-22T04:33:52.057+0000] {logging_mixin.py:190} INFO - [2026-07-22T04:33:52.057+0000] {dagbag.py:588} INFO - Filling up the DagBag from /opt/airflow/dags/olist_pipeline.py
[2026-07-22T04:33:52.911+0000] {processor.py:925} INFO - DAG(s) 'olist_gcp_data_engineering_pipeline' retrieved from /opt/airflow/dags/olist_pipeline.py
[2026-07-22T04:33:52.930+0000] {logging_mixin.py:190} INFO - [2026-07-22T04:33:52.930+0000] {dag.py:3239} INFO - Sync 1 DAGs
[2026-07-22T04:33:52.940+0000] {logging_mixin.py:190} INFO - [2026-07-22T04:33:52.939+0000] {dag.py:4180} INFO - Setting next_dagrun for olist_gcp_data_engineering_pipeline to None, run_after=None
[2026-07-22T04:33:52.949+0000] {processor.py:208} INFO - Processing /opt/airflow/dags/olist_pipeline.py took 0.902 seconds
[2026-07-22T04:34:23.290+0000] {processor.py:186} INFO - Started process (PID=855) to work on /opt/airflow/dags/olist_pipeline.py
[2026-07-22T04:34:23.291+0000] {processor.py:914} INFO - Processing file /opt/airflow/dags/olist_pipeline.py for tasks to queue
[2026-07-22T04:34:23.292+0000] {logging_mixin.py:190} INFO - [2026-07-22T04:34:23.292+0000] {dagbag.py:588} INFO - Filling up the DagBag from /opt/airflow/dags/olist_pipeline.py
[2026-07-22T04:34:24.069+0000] {processor.py:925} INFO - DAG(s) 'olist_gcp_data_engineering_pipeline' retrieved from /opt/airflow/dags/olist_pipeline.py
[2026-07-22T04:34:24.094+0000] {logging_mixin.py:190} INFO - [2026-07-22T04:34:24.094+0000] {dag.py:3239} INFO - Sync 1 DAGs
[2026-07-22T04:34:24.104+0000] {logging_mixin.py:190} INFO - [2026-07-22T04:34:24.104+0000] {dag.py:4180} INFO - Setting next_dagrun for olist_gcp_data_engineering_pipeline to None, run_after=None
[2026-07-22T04:34:24.115+0000] {processor.py:208} INFO - Processing /opt/airflow/dags/olist_pipeline.py took 0.831 seconds
[2026-07-22T04:34:54.244+0000] {processor.py:186} INFO - Started process (PID=867) to work on /opt/airflow/dags/olist_pipeline.py
[2026-07-22T04:34:54.245+0000] {processor.py:914} INFO - Processing file /opt/airflow/dags/olist_pipeline.py for tasks to queue
[2026-07-22T04:34:54.247+0000] {logging_mixin.py:190} INFO - [2026-07-22T04:34:54.246+0000] {dagbag.py:588} INFO - Filling up the DagBag from /opt/airflow/dags/olist_pipeline.py
[2026-07-22T04:34:54.995+0000] {processor.py:925} INFO - DAG(s) 'olist_gcp_data_engineering_pipeline' retrieved from /opt/airflow/dags/olist_pipeline.py
[2026-07-22T04:34:55.014+0000] {logging_mixin.py:190} INFO - [2026-07-22T04:34:55.014+0000] {dag.py:3239} INFO - Sync 1 DAGs
[2026-07-22T04:34:55.022+0000] {logging_mixin.py:190} INFO - [2026-07-22T04:34:55.022+0000] {dag.py:4180} INFO - Setting next_dagrun for olist_gcp_data_engineering_pipeline to None, run_after=None
[2026-07-22T04:34:55.031+0000] {processor.py:208} INFO - Processing /opt/airflow/dags/olist_pipeline.py took 0.794 seconds
[2026-07-22T04:35:25.423+0000] {processor.py:186} INFO - Started process (PID=879) to work on /opt/airflow/dags/olist_pipeline.py
[2026-07-22T04:35:25.424+0000] {processor.py:914} INFO - Processing file /opt/airflow/dags/olist_pipeline.py for tasks to queue
[2026-07-22T04:35:25.426+0000] {logging_mixin.py:190} INFO - [2026-07-22T04:35:25.426+0000] {dagbag.py:588} INFO - Filling up the DagBag from /opt/airflow/dags/olist_pipeline.py
[2026-07-22T04:35:26.170+0000] {processor.py:925} INFO - DAG(s) 'olist_gcp_data_engineering_pipeline' retrieved from /opt/airflow/dags/olist_pipeline.py
[2026-07-22T04:35:26.190+0000] {logging_mixin.py:190} INFO - [2026-07-22T04:35:26.189+0000] {dag.py:3239} INFO - Sync 1 DAGs
[2026-07-22T04:35:26.198+0000] {logging_mixin.py:190} INFO - [2026-07-22T04:35:26.197+0000] {dag.py:4180} INFO - Setting next_dagrun for olist_gcp_data_engineering_pipeline to None, run_after=None
[2026-07-22T04:35:26.208+0000] {processor.py:208} INFO - Processing /opt/airflow/dags/olist_pipeline.py took 0.791 seconds
[2026-07-22T04:35:56.578+0000] {processor.py:186} INFO - Started process (PID=891) to work on /opt/airflow/dags/olist_pipeline.py
[2026-07-22T04:35:56.579+0000] {processor.py:914} INFO - Processing file /opt/airflow/dags/olist_pipeline.py for tasks to queue
[2026-07-22T04:35:56.581+0000] {logging_mixin.py:190} INFO - [2026-07-22T04:35:56.581+0000] {dagbag.py:588} INFO - Filling up the DagBag from /opt/airflow/dags/olist_pipeline.py
[2026-07-22T04:35:57.346+0000] {processor.py:925} INFO - DAG(s) 'olist_gcp_data_engineering_pipeline' retrieved from /opt/airflow/dags/olist_pipeline.py
[2026-07-22T04:35:57.366+0000] {logging_mixin.py:190} INFO - [2026-07-22T04:35:57.366+0000] {dag.py:3239} INFO - Sync 1 DAGs
[2026-07-22T04:35:57.374+0000] {logging_mixin.py:190} INFO - [2026-07-22T04:35:57.374+0000] {dag.py:4180} INFO - Setting next_dagrun for olist_gcp_data_engineering_pipeline to None, run_after=None
[2026-07-22T04:35:57.387+0000] {processor.py:208} INFO - Processing /opt/airflow/dags/olist_pipeline.py took 0.815 seconds
[2026-07-22T04:36:27.746+0000] {processor.py:186} INFO - Started process (PID=903) to work on /opt/airflow/dags/olist_pipeline.py
[2026-07-22T04:36:27.748+0000] {processor.py:914} INFO - Processing file /opt/airflow/dags/olist_pipeline.py for tasks to queue
[2026-07-22T04:36:27.750+0000] {logging_mixin.py:190} INFO - [2026-07-22T04:36:27.749+0000] {dagbag.py:588} INFO - Filling up the DagBag from /opt/airflow/dags/olist_pipeline.py
[2026-07-22T04:36:28.521+0000] {processor.py:925} INFO - DAG(s) 'olist_gcp_data_engineering_pipeline' retrieved from /opt/airflow/dags/olist_pipeline.py
[2026-07-22T04:36:28.538+0000] {logging_mixin.py:190} INFO - [2026-07-22T04:36:28.537+0000] {dag.py:3239} INFO - Sync 1 DAGs
[2026-07-22T04:36:28.546+0000] {logging_mixin.py:190} INFO - [2026-07-22T04:36:28.546+0000] {dag.py:4180} INFO - Setting next_dagrun for olist_gcp_data_engineering_pipeline to None, run_after=None
[2026-07-22T04:36:28.555+0000] {processor.py:208} INFO - Processing /opt/airflow/dags/olist_pipeline.py took 0.815 seconds
[2026-07-22T04:36:58.715+0000] {processor.py:186} INFO - Started process (PID=915) to work on /opt/airflow/dags/olist_pipeline.py
[2026-07-22T04:36:58.716+0000] {processor.py:914} INFO - Processing file /opt/airflow/dags/olist_pipeline.py for tasks to queue
[2026-07-22T04:36:58.718+0000] {logging_mixin.py:190} INFO - [2026-07-22T04:36:58.717+0000] {dagbag.py:588} INFO - Filling up the DagBag from /opt/airflow/dags/olist_pipeline.py
[2026-07-22T04:36:59.476+0000] {processor.py:925} INFO - DAG(s) 'olist_gcp_data_engineering_pipeline' retrieved from /opt/airflow/dags/olist_pipeline.py
[2026-07-22T04:36:59.492+0000] {logging_mixin.py:190} INFO - [2026-07-22T04:36:59.492+0000] {dag.py:3239} INFO - Sync 1 DAGs
[2026-07-22T04:36:59.500+0000] {logging_mixin.py:190} INFO - [2026-07-22T04:36:59.500+0000] {dag.py:4180} INFO - Setting next_dagrun for olist_gcp_data_engineering_pipeline to None, run_after=None
[2026-07-22T04:36:59.510+0000] {processor.py:208} INFO - Processing /opt/airflow/dags/olist_pipeline.py took 0.801 seconds
[2026-07-22T04:37:29.926+0000] {processor.py:186} INFO - Started process (PID=927) to work on /opt/airflow/dags/olist_pipeline.py
[2026-07-22T04:37:29.927+0000] {processor.py:914} INFO - Processing file /opt/airflow/dags/olist_pipeline.py for tasks to queue
[2026-07-22T04:37:29.929+0000] {logging_mixin.py:190} INFO - [2026-07-22T04:37:29.928+0000] {dagbag.py:588} INFO - Filling up the DagBag from /opt/airflow/dags/olist_pipeline.py
[2026-07-22T04:37:30.709+0000] {processor.py:925} INFO - DAG(s) 'olist_gcp_data_engineering_pipeline' retrieved from /opt/airflow/dags/olist_pipeline.py
[2026-07-22T04:37:30.730+0000] {logging_mixin.py:190} INFO - [2026-07-22T04:37:30.730+0000] {dag.py:3239} INFO - Sync 1 DAGs
[2026-07-22T04:37:30.739+0000] {logging_mixin.py:190} INFO - [2026-07-22T04:37:30.739+0000] {dag.py:4180} INFO - Setting next_dagrun for olist_gcp_data_engineering_pipeline to None, run_after=None
[2026-07-22T04:37:30.751+0000] {processor.py:208} INFO - Processing /opt/airflow/dags/olist_pipeline.py took 0.831 seconds
[2026-07-22T04:38:01.228+0000] {processor.py:186} INFO - Started process (PID=939) to work on /opt/airflow/dags/olist_pipeline.py
[2026-07-22T04:38:01.229+0000] {processor.py:914} INFO - Processing file /opt/airflow/dags/olist_pipeline.py for tasks to queue
[2026-07-22T04:38:01.232+0000] {logging_mixin.py:190} INFO - [2026-07-22T04:38:01.231+0000] {dagbag.py:588} INFO - Filling up the DagBag from /opt/airflow/dags/olist_pipeline.py
[2026-07-22T04:38:01.993+0000] {processor.py:925} INFO - DAG(s) 'olist_gcp_data_engineering_pipeline' retrieved from /opt/airflow/dags/olist_pipeline.py
[2026-07-22T04:38:02.011+0000] {logging_mixin.py:190} INFO - [2026-07-22T04:38:02.010+0000] {dag.py:3239} INFO - Sync 1 DAGs
[2026-07-22T04:38:02.018+0000] {logging_mixin.py:190} INFO - [2026-07-22T04:38:02.018+0000] {dag.py:4180} INFO - Setting next_dagrun for olist_gcp_data_engineering_pipeline to None, run_after=None
[2026-07-22T04:38:02.027+0000] {processor.py:208} INFO - Processing /opt/airflow/dags/olist_pipeline.py took 0.805 seconds
[2026-07-22T04:38:32.083+0000] {processor.py:186} INFO - Started process (PID=951) to work on /opt/airflow/dags/olist_pipeline.py
[2026-07-22T04:38:32.084+0000] {processor.py:914} INFO - Processing file /opt/airflow/dags/olist_pipeline.py for tasks to queue
[2026-07-22T04:38:32.085+0000] {logging_mixin.py:190} INFO - [2026-07-22T04:38:32.085+0000] {dagbag.py:588} INFO - Filling up the DagBag from /opt/airflow/dags/olist_pipeline.py
[2026-07-22T04:38:32.852+0000] {processor.py:925} INFO - DAG(s) 'olist_gcp_data_engineering_pipeline' retrieved from /opt/airflow/dags/olist_pipeline.py
[2026-07-22T04:38:32.873+0000] {logging_mixin.py:190} INFO - [2026-07-22T04:38:32.873+0000] {dag.py:3239} INFO - Sync 1 DAGs
[2026-07-22T04:38:32.882+0000] {logging_mixin.py:190} INFO - [2026-07-22T04:38:32.882+0000] {dag.py:4180} INFO - Setting next_dagrun for olist_gcp_data_engineering_pipeline to None, run_after=None
[2026-07-22T04:38:32.892+0000] {processor.py:208} INFO - Processing /opt/airflow/dags/olist_pipeline.py took 0.813 seconds
[2026-07-22T04:39:03.316+0000] {processor.py:186} INFO - Started process (PID=963) to work on /opt/airflow/dags/olist_pipeline.py
[2026-07-22T04:39:03.317+0000] {processor.py:914} INFO - Processing file /opt/airflow/dags/olist_pipeline.py for tasks to queue
[2026-07-22T04:39:03.318+0000] {logging_mixin.py:190} INFO - [2026-07-22T04:39:03.318+0000] {dagbag.py:588} INFO - Filling up the DagBag from /opt/airflow/dags/olist_pipeline.py
[2026-07-22T04:39:04.065+0000] {processor.py:925} INFO - DAG(s) 'olist_gcp_data_engineering_pipeline' retrieved from /opt/airflow/dags/olist_pipeline.py
[2026-07-22T04:39:04.085+0000] {logging_mixin.py:190} INFO - [2026-07-22T04:39:04.085+0000] {dag.py:3239} INFO - Sync 1 DAGs
[2026-07-22T04:39:04.092+0000] {logging_mixin.py:190} INFO - [2026-07-22T04:39:04.092+0000] {dag.py:4180} INFO - Setting next_dagrun for olist_gcp_data_engineering_pipeline to None, run_after=None
[2026-07-22T04:39:04.103+0000] {processor.py:208} INFO - Processing /opt/airflow/dags/olist_pipeline.py took 0.792 seconds
[2026-07-22T04:39:34.157+0000] {processor.py:186} INFO - Started process (PID=975) to work on /opt/airflow/dags/olist_pipeline.py
[2026-07-22T04:39:34.158+0000] {processor.py:914} INFO - Processing file /opt/airflow/dags/olist_pipeline.py for tasks to queue
[2026-07-22T04:39:34.160+0000] {logging_mixin.py:190} INFO - [2026-07-22T04:39:34.159+0000] {dagbag.py:588} INFO - Filling up the DagBag from /opt/airflow/dags/olist_pipeline.py
[2026-07-22T04:39:34.945+0000] {processor.py:925} INFO - DAG(s) 'olist_gcp_data_engineering_pipeline' retrieved from /opt/airflow/dags/olist_pipeline.py
[2026-07-22T04:39:34.968+0000] {logging_mixin.py:190} INFO - [2026-07-22T04:39:34.968+0000] {dag.py:3239} INFO - Sync 1 DAGs
[2026-07-22T04:39:34.979+0000] {logging_mixin.py:190} INFO - [2026-07-22T04:39:34.979+0000] {dag.py:4180} INFO - Setting next_dagrun for olist_gcp_data_engineering_pipeline to None, run_after=None
[2026-07-22T04:39:34.990+0000] {processor.py:208} INFO - Processing /opt/airflow/dags/olist_pipeline.py took 0.839 seconds
[2026-07-22T04:40:05.413+0000] {processor.py:186} INFO - Started process (PID=987) to work on /opt/airflow/dags/olist_pipeline.py
[2026-07-22T04:40:05.414+0000] {processor.py:914} INFO - Processing file /opt/airflow/dags/olist_pipeline.py for tasks to queue
[2026-07-22T04:40:05.416+0000] {logging_mixin.py:190} INFO - [2026-07-22T04:40:05.415+0000] {dagbag.py:588} INFO - Filling up the DagBag from /opt/airflow/dags/olist_pipeline.py
[2026-07-22T04:40:06.182+0000] {processor.py:925} INFO - DAG(s) 'olist_gcp_data_engineering_pipeline' retrieved from /opt/airflow/dags/olist_pipeline.py
[2026-07-22T04:40:06.203+0000] {logging_mixin.py:190} INFO - [2026-07-22T04:40:06.202+0000] {dag.py:3239} INFO - Sync 1 DAGs
[2026-07-22T04:40:06.211+0000] {logging_mixin.py:190} INFO - [2026-07-22T04:40:06.211+0000] {dag.py:4180} INFO - Setting next_dagrun for olist_gcp_data_engineering_pipeline to None, run_after=None
[2026-07-22T04:40:06.221+0000] {processor.py:208} INFO - Processing /opt/airflow/dags/olist_pipeline.py took 0.814 seconds
[2026-07-22T04:40:36.318+0000] {processor.py:186} INFO - Started process (PID=999) to work on /opt/airflow/dags/olist_pipeline.py
[2026-07-22T04:40:36.319+0000] {processor.py:914} INFO - Processing file /opt/airflow/dags/olist_pipeline.py for tasks to queue
[2026-07-22T04:40:36.321+0000] {logging_mixin.py:190} INFO - [2026-07-22T04:40:36.321+0000] {dagbag.py:588} INFO - Filling up the DagBag from /opt/airflow/dags/olist_pipeline.py
[2026-07-22T04:40:37.074+0000] {processor.py:925} INFO - DAG(s) 'olist_gcp_data_engineering_pipeline' retrieved from /opt/airflow/dags/olist_pipeline.py
[2026-07-22T04:40:37.095+0000] {logging_mixin.py:190} INFO - [2026-07-22T04:40:37.095+0000] {dag.py:3239} INFO - Sync 1 DAGs
[2026-07-22T04:40:37.103+0000] {logging_mixin.py:190} INFO - [2026-07-22T04:40:37.103+0000] {dag.py:4180} INFO - Setting next_dagrun for olist_gcp_data_engineering_pipeline to None, run_after=None
[2026-07-22T04:40:37.114+0000] {processor.py:208} INFO - Processing /opt/airflow/dags/olist_pipeline.py took 0.803 seconds
[2026-07-22T04:41:07.467+0000] {processor.py:186} INFO - Started process (PID=1011) to work on /opt/airflow/dags/olist_pipeline.py
[2026-07-22T04:41:07.468+0000] {processor.py:914} INFO - Processing file /opt/airflow/dags/olist_pipeline.py for tasks to queue
[2026-07-22T04:41:07.470+0000] {logging_mixin.py:190} INFO - [2026-07-22T04:41:07.469+0000] {dagbag.py:588} INFO - Filling up the DagBag from /opt/airflow/dags/olist_pipeline.py
[2026-07-22T04:41:08.224+0000] {processor.py:925} INFO - DAG(s) 'olist_gcp_data_engineering_pipeline' retrieved from /opt/airflow/dags/olist_pipeline.py
[2026-07-22T04:41:08.244+0000] {logging_mixin.py:190} INFO - [2026-07-22T04:41:08.243+0000] {dag.py:3239} INFO - Sync 1 DAGs
[2026-07-22T04:41:08.251+0000] {logging_mixin.py:190} INFO - [2026-07-22T04:41:08.251+0000] {dag.py:4180} INFO - Setting next_dagrun for olist_gcp_data_engineering_pipeline to None, run_after=None
[2026-07-22T04:41:08.261+0000] {processor.py:208} INFO - Processing /opt/airflow/dags/olist_pipeline.py took 0.798 seconds
[2026-07-22T04:41:38.384+0000] {processor.py:186} INFO - Started process (PID=1023) to work on /opt/airflow/dags/olist_pipeline.py
[2026-07-22T04:41:38.385+0000] {processor.py:914} INFO - Processing file /opt/airflow/dags/olist_pipeline.py for tasks to queue
[2026-07-22T04:41:38.387+0000] {logging_mixin.py:190} INFO - [2026-07-22T04:41:38.387+0000] {dagbag.py:588} INFO - Filling up the DagBag from /opt/airflow/dags/olist_pipeline.py
[2026-07-22T04:41:39.135+0000] {processor.py:925} INFO - DAG(s) 'olist_gcp_data_engineering_pipeline' retrieved from /opt/airflow/dags/olist_pipeline.py
[2026-07-22T04:41:39.158+0000] {logging_mixin.py:190} INFO - [2026-07-22T04:41:39.158+0000] {dag.py:3239} INFO - Sync 1 DAGs
[2026-07-22T04:41:39.169+0000] {logging_mixin.py:190} INFO - [2026-07-22T04:41:39.169+0000] {dag.py:4180} INFO - Setting next_dagrun for olist_gcp_data_engineering_pipeline to None, run_after=None
[2026-07-22T04:41:39.183+0000] {processor.py:208} INFO - Processing /opt/airflow/dags/olist_pipeline.py took 0.805 seconds
[2026-07-22T04:42:09.587+0000] {processor.py:186} INFO - Started process (PID=1035) to work on /opt/airflow/dags/olist_pipeline.py
[2026-07-22T04:42:09.587+0000] {processor.py:914} INFO - Processing file /opt/airflow/dags/olist_pipeline.py for tasks to queue
[2026-07-22T04:42:09.590+0000] {logging_mixin.py:190} INFO - [2026-07-22T04:42:09.589+0000] {dagbag.py:588} INFO - Filling up the DagBag from /opt/airflow/dags/olist_pipeline.py
[2026-07-22T04:42:10.382+0000] {processor.py:925} INFO - DAG(s) 'olist_gcp_data_engineering_pipeline' retrieved from /opt/airflow/dags/olist_pipeline.py
[2026-07-22T04:42:10.403+0000] {logging_mixin.py:190} INFO - [2026-07-22T04:42:10.403+0000] {dag.py:3239} INFO - Sync 1 DAGs
[2026-07-22T04:42:10.414+0000] {logging_mixin.py:190} INFO - [2026-07-22T04:42:10.414+0000] {dag.py:4180} INFO - Setting next_dagrun for olist_gcp_data_engineering_pipeline to None, run_after=None
[2026-07-22T04:42:10.426+0000] {processor.py:208} INFO - Processing /opt/airflow/dags/olist_pipeline.py took 0.845 seconds
[2026-07-22T04:43:16.052+0000] {processor.py:186} INFO - Started process (PID=1047) to work on /opt/airflow/dags/olist_pipeline.py
[2026-07-22T04:43:16.052+0000] {processor.py:914} INFO - Processing file /opt/airflow/dags/olist_pipeline.py for tasks to queue
[2026-07-22T04:43:16.054+0000] {logging_mixin.py:190} INFO - [2026-07-22T04:43:16.054+0000] {dagbag.py:588} INFO - Filling up the DagBag from /opt/airflow/dags/olist_pipeline.py
[2026-07-22T04:43:17.044+0000] {processor.py:925} INFO - DAG(s) 'olist_gcp_data_engineering_pipeline' retrieved from /opt/airflow/dags/olist_pipeline.py
[2026-07-22T04:43:17.073+0000] {logging_mixin.py:190} INFO - [2026-07-22T04:43:17.073+0000] {dag.py:3239} INFO - Sync 1 DAGs
[2026-07-22T04:43:17.084+0000] {logging_mixin.py:190} INFO - [2026-07-22T04:43:17.084+0000] {dag.py:4180} INFO - Setting next_dagrun for olist_gcp_data_engineering_pipeline to None, run_after=None
[2026-07-22T04:43:17.095+0000] {processor.py:208} INFO - Processing /opt/airflow/dags/olist_pipeline.py took 1.051 seconds
[2026-07-22T06:06:12.312+0000] {processor.py:186} INFO - Started process (PID=1059) to work on /opt/airflow/dags/olist_pipeline.py
[2026-07-22T06:06:12.313+0000] {processor.py:914} INFO - Processing file /opt/airflow/dags/olist_pipeline.py for tasks to queue
[2026-07-22T06:06:12.330+0000] {logging_mixin.py:190} INFO - [2026-07-22T06:06:12.323+0000] {dagbag.py:588} INFO - Filling up the DagBag from /opt/airflow/dags/olist_pipeline.py
[2026-07-22T06:06:13.352+0000] {processor.py:925} INFO - DAG(s) 'olist_gcp_data_engineering_pipeline' retrieved from /opt/airflow/dags/olist_pipeline.py
[2026-07-22T06:06:13.376+0000] {logging_mixin.py:190} INFO - [2026-07-22T06:06:13.376+0000] {dag.py:3239} INFO - Sync 1 DAGs
[2026-07-22T06:06:13.385+0000] {logging_mixin.py:190} INFO - [2026-07-22T06:06:13.385+0000] {dag.py:4180} INFO - Setting next_dagrun for olist_gcp_data_engineering_pipeline to None, run_after=None
[2026-07-22T06:06:13.396+0000] {processor.py:208} INFO - Processing /opt/airflow/dags/olist_pipeline.py took 1.093 seconds
[2026-07-22T06:06:43.700+0000] {processor.py:186} INFO - Started process (PID=1070) to work on /opt/airflow/dags/olist_pipeline.py
[2026-07-22T06:06:43.701+0000] {processor.py:914} INFO - Processing file /opt/airflow/dags/olist_pipeline.py for tasks to queue
[2026-07-22T06:06:43.703+0000] {logging_mixin.py:190} INFO - [2026-07-22T06:06:43.702+0000] {dagbag.py:588} INFO - Filling up the DagBag from /opt/airflow/dags/olist_pipeline.py
[2026-07-22T06:06:44.570+0000] {processor.py:925} INFO - DAG(s) 'olist_gcp_data_engineering_pipeline' retrieved from /opt/airflow/dags/olist_pipeline.py
[2026-07-22T06:06:44.593+0000] {logging_mixin.py:190} INFO - [2026-07-22T06:06:44.593+0000] {dag.py:3239} INFO - Sync 1 DAGs
[2026-07-22T06:06:44.604+0000] {logging_mixin.py:190} INFO - [2026-07-22T06:06:44.604+0000] {dag.py:4180} INFO - Setting next_dagrun for olist_gcp_data_engineering_pipeline to None, run_after=None
[2026-07-22T06:06:44.618+0000] {processor.py:208} INFO - Processing /opt/airflow/dags/olist_pipeline.py took 0.924 seconds
[2026-07-22T06:44:39.974+0000] {processor.py:186} INFO - Started process (PID=1082) to work on /opt/airflow/dags/olist_pipeline.py
[2026-07-22T06:44:39.975+0000] {processor.py:914} INFO - Processing file /opt/airflow/dags/olist_pipeline.py for tasks to queue
[2026-07-22T06:44:39.977+0000] {logging_mixin.py:190} INFO - [2026-07-22T06:44:39.977+0000] {dagbag.py:588} INFO - Filling up the DagBag from /opt/airflow/dags/olist_pipeline.py
[2026-07-22T06:44:40.749+0000] {processor.py:925} INFO - DAG(s) 'olist_gcp_data_engineering_pipeline' retrieved from /opt/airflow/dags/olist_pipeline.py
[2026-07-22T06:44:40.770+0000] {logging_mixin.py:190} INFO - [2026-07-22T06:44:40.770+0000] {dag.py:3239} INFO - Sync 1 DAGs
[2026-07-22T06:44:40.778+0000] {logging_mixin.py:190} INFO - [2026-07-22T06:44:40.778+0000] {dag.py:4180} INFO - Setting next_dagrun for olist_gcp_data_engineering_pipeline to None, run_after=None
[2026-07-22T06:44:40.787+0000] {processor.py:208} INFO - Processing /opt/airflow/dags/olist_pipeline.py took 0.818 seconds
[2026-07-22T07:00:29.706+0000] {processor.py:186} INFO - Started process (PID=1094) to work on /opt/airflow/dags/olist_pipeline.py
[2026-07-22T07:00:29.707+0000] {processor.py:914} INFO - Processing file /opt/airflow/dags/olist_pipeline.py for tasks to queue
[2026-07-22T07:00:29.709+0000] {logging_mixin.py:190} INFO - [2026-07-22T07:00:29.708+0000] {dagbag.py:588} INFO - Filling up the DagBag from /opt/airflow/dags/olist_pipeline.py
[2026-07-22T07:00:30.484+0000] {processor.py:925} INFO - DAG(s) 'olist_gcp_data_engineering_pipeline' retrieved from /opt/airflow/dags/olist_pipeline.py
[2026-07-22T07:00:30.503+0000] {logging_mixin.py:190} INFO - [2026-07-22T07:00:30.503+0000] {dag.py:3239} INFO - Sync 1 DAGs
[2026-07-22T07:00:30.511+0000] {logging_mixin.py:190} INFO - [2026-07-22T07:00:30.510+0000] {dag.py:4180} INFO - Setting next_dagrun for olist_gcp_data_engineering_pipeline to None, run_after=None
[2026-07-22T07:00:30.521+0000] {processor.py:208} INFO - Processing /opt/airflow/dags/olist_pipeline.py took 0.821 seconds
[2026-07-22T07:45:39.168+0000] {processor.py:186} INFO - Started process (PID=1106) to work on /opt/airflow/dags/olist_pipeline.py
[2026-07-22T07:45:39.168+0000] {processor.py:914} INFO - Processing file /opt/airflow/dags/olist_pipeline.py for tasks to queue
[2026-07-22T07:45:39.172+0000] {logging_mixin.py:190} INFO - [2026-07-22T07:45:39.172+0000] {dagbag.py:588} INFO - Filling up the DagBag from /opt/airflow/dags/olist_pipeline.py
[2026-07-22T07:45:39.967+0000] {processor.py:925} INFO - DAG(s) 'olist_gcp_data_engineering_pipeline' retrieved from /opt/airflow/dags/olist_pipeline.py
[2026-07-22T07:45:39.986+0000] {logging_mixin.py:190} INFO - [2026-07-22T07:45:39.986+0000] {dag.py:3239} INFO - Sync 1 DAGs
[2026-07-22T07:45:39.996+0000] {logging_mixin.py:190} INFO - [2026-07-22T07:45:39.996+0000] {dag.py:4180} INFO - Setting next_dagrun for olist_gcp_data_engineering_pipeline to None, run_after=None
[2026-07-22T07:45:40.007+0000] {processor.py:208} INFO - Processing /opt/airflow/dags/olist_pipeline.py took 0.846 seconds
[2026-07-22T08:01:16.528+0000] {processor.py:186} INFO - Started process (PID=1118) to work on /opt/airflow/dags/olist_pipeline.py
[2026-07-22T08:01:16.529+0000] {processor.py:914} INFO - Processing file /opt/airflow/dags/olist_pipeline.py for tasks to queue
[2026-07-22T08:01:16.531+0000] {logging_mixin.py:190} INFO - [2026-07-22T08:01:16.531+0000] {dagbag.py:588} INFO - Filling up the DagBag from /opt/airflow/dags/olist_pipeline.py
[2026-07-22T08:01:17.332+0000] {processor.py:925} INFO - DAG(s) 'olist_gcp_data_engineering_pipeline' retrieved from /opt/airflow/dags/olist_pipeline.py
[2026-07-22T08:01:17.352+0000] {logging_mixin.py:190} INFO - [2026-07-22T08:01:17.352+0000] {dag.py:3239} INFO - Sync 1 DAGs
[2026-07-22T08:01:17.360+0000] {logging_mixin.py:190} INFO - [2026-07-22T08:01:17.359+0000] {dag.py:4180} INFO - Setting next_dagrun for olist_gcp_data_engineering_pipeline to None, run_after=None
[2026-07-22T08:01:17.369+0000] {processor.py:208} INFO - Processing /opt/airflow/dags/olist_pipeline.py took 0.847 seconds
[2026-07-22T08:46:37.590+0000] {processor.py:186} INFO - Started process (PID=1130) to work on /opt/airflow/dags/olist_pipeline.py
[2026-07-22T08:46:37.591+0000] {processor.py:914} INFO - Processing file /opt/airflow/dags/olist_pipeline.py for tasks to queue
[2026-07-22T08:46:37.593+0000] {logging_mixin.py:190} INFO - [2026-07-22T08:46:37.593+0000] {dagbag.py:588} INFO - Filling up the DagBag from /opt/airflow/dags/olist_pipeline.py
[2026-07-22T08:46:38.352+0000] {processor.py:925} INFO - DAG(s) 'olist_gcp_data_engineering_pipeline' retrieved from /opt/airflow/dags/olist_pipeline.py
[2026-07-22T08:46:38.372+0000] {logging_mixin.py:190} INFO - [2026-07-22T08:46:38.372+0000] {dag.py:3239} INFO - Sync 1 DAGs
[2026-07-22T08:46:38.379+0000] {logging_mixin.py:190} INFO - [2026-07-22T08:46:38.379+0000] {dag.py:4180} INFO - Setting next_dagrun for olist_gcp_data_engineering_pipeline to None, run_after=None
[2026-07-22T08:46:38.388+0000] {processor.py:208} INFO - Processing /opt/airflow/dags/olist_pipeline.py took 0.804 seconds
[2026-07-22T08:48:51.697+0000] {processor.py:186} INFO - Started process (PID=1143) to work on /opt/airflow/dags/olist_pipeline.py
[2026-07-22T08:48:51.698+0000] {processor.py:914} INFO - Processing file /opt/airflow/dags/olist_pipeline.py for tasks to queue
[2026-07-22T08:48:51.701+0000] {logging_mixin.py:190} INFO - [2026-07-22T08:48:51.700+0000] {dagbag.py:588} INFO - Filling up the DagBag from /opt/airflow/dags/olist_pipeline.py
[2026-07-22T08:48:53.569+0000] {processor.py:925} INFO - DAG(s) 'olist_gcp_data_engineering_pipeline' retrieved from /opt/airflow/dags/olist_pipeline.py
[2026-07-22T08:48:53.603+0000] {logging_mixin.py:190} INFO - [2026-07-22T08:48:53.603+0000] {dag.py:3239} INFO - Sync 1 DAGs
[2026-07-22T08:48:53.619+0000] {logging_mixin.py:190} INFO - [2026-07-22T08:48:53.619+0000] {dag.py:4180} INFO - Setting next_dagrun for olist_gcp_data_engineering_pipeline to None, run_after=None
[2026-07-22T08:48:53.636+0000] {processor.py:208} INFO - Processing /opt/airflow/dags/olist_pipeline.py took 1.952 seconds
[2026-07-22T08:49:23.726+0000] {processor.py:186} INFO - Started process (PID=1155) to work on /opt/airflow/dags/olist_pipeline.py
[2026-07-22T08:49:23.727+0000] {processor.py:914} INFO - Processing file /opt/airflow/dags/olist_pipeline.py for tasks to queue
[2026-07-22T08:49:23.730+0000] {logging_mixin.py:190} INFO - [2026-07-22T08:49:23.729+0000] {dagbag.py:588} INFO - Filling up the DagBag from /opt/airflow/dags/olist_pipeline.py
[2026-07-22T08:49:24.656+0000] {processor.py:925} INFO - DAG(s) 'olist_gcp_data_engineering_pipeline' retrieved from /opt/airflow/dags/olist_pipeline.py
[2026-07-22T08:49:24.677+0000] {logging_mixin.py:190} INFO - [2026-07-22T08:49:24.677+0000] {dag.py:3239} INFO - Sync 1 DAGs
[2026-07-22T08:49:24.687+0000] {logging_mixin.py:190} INFO - [2026-07-22T08:49:24.687+0000] {dag.py:4180} INFO - Setting next_dagrun for olist_gcp_data_engineering_pipeline to None, run_after=None
[2026-07-22T08:49:24.701+0000] {processor.py:208} INFO - Processing /opt/airflow/dags/olist_pipeline.py took 0.981 seconds
[2026-07-22T08:49:55.068+0000] {processor.py:186} INFO - Started process (PID=1167) to work on /opt/airflow/dags/olist_pipeline.py
[2026-07-22T08:49:55.069+0000] {processor.py:914} INFO - Processing file /opt/airflow/dags/olist_pipeline.py for tasks to queue
[2026-07-22T08:49:55.071+0000] {logging_mixin.py:190} INFO - [2026-07-22T08:49:55.071+0000] {dagbag.py:588} INFO - Filling up the DagBag from /opt/airflow/dags/olist_pipeline.py
[2026-07-22T08:49:55.848+0000] {processor.py:925} INFO - DAG(s) 'olist_gcp_data_engineering_pipeline' retrieved from /opt/airflow/dags/olist_pipeline.py
[2026-07-22T08:49:55.873+0000] {logging_mixin.py:190} INFO - [2026-07-22T08:49:55.873+0000] {dag.py:3239} INFO - Sync 1 DAGs
[2026-07-22T08:49:55.885+0000] {logging_mixin.py:190} INFO - [2026-07-22T08:49:55.885+0000] {dag.py:4180} INFO - Setting next_dagrun for olist_gcp_data_engineering_pipeline to None, run_after=None
[2026-07-22T08:49:55.898+0000] {processor.py:208} INFO - Processing /opt/airflow/dags/olist_pipeline.py took 0.837 seconds
[2026-07-22T08:50:26.271+0000] {processor.py:186} INFO - Started process (PID=1179) to work on /opt/airflow/dags/olist_pipeline.py
[2026-07-22T08:50:26.272+0000] {processor.py:914} INFO - Processing file /opt/airflow/dags/olist_pipeline.py for tasks to queue
[2026-07-22T08:50:26.273+0000] {logging_mixin.py:190} INFO - [2026-07-22T08:50:26.273+0000] {dagbag.py:588} INFO - Filling up the DagBag from /opt/airflow/dags/olist_pipeline.py
[2026-07-22T08:50:27.065+0000] {processor.py:925} INFO - DAG(s) 'olist_gcp_data_engineering_pipeline' retrieved from /opt/airflow/dags/olist_pipeline.py
[2026-07-22T08:50:27.082+0000] {logging_mixin.py:190} INFO - [2026-07-22T08:50:27.082+0000] {dag.py:3239} INFO - Sync 1 DAGs
[2026-07-22T08:50:27.090+0000] {logging_mixin.py:190} INFO - [2026-07-22T08:50:27.090+0000] {dag.py:4180} INFO - Setting next_dagrun for olist_gcp_data_engineering_pipeline to None, run_after=None
[2026-07-22T08:50:27.102+0000] {processor.py:208} INFO - Processing /opt/airflow/dags/olist_pipeline.py took 0.836 seconds
[2026-07-22T08:50:57.447+0000] {processor.py:186} INFO - Started process (PID=1191) to work on /opt/airflow/dags/olist_pipeline.py
[2026-07-22T08:50:57.448+0000] {processor.py:914} INFO - Processing file /opt/airflow/dags/olist_pipeline.py for tasks to queue
[2026-07-22T08:50:57.451+0000] {logging_mixin.py:190} INFO - [2026-07-22T08:50:57.450+0000] {dagbag.py:588} INFO - Filling up the DagBag from /opt/airflow/dags/olist_pipeline.py
[2026-07-22T08:50:58.230+0000] {processor.py:925} INFO - DAG(s) 'olist_gcp_data_engineering_pipeline' retrieved from /opt/airflow/dags/olist_pipeline.py
[2026-07-22T08:50:58.247+0000] {logging_mixin.py:190} INFO - [2026-07-22T08:50:58.247+0000] {dag.py:3239} INFO - Sync 1 DAGs
[2026-07-22T08:50:58.254+0000] {logging_mixin.py:190} INFO - [2026-07-22T08:50:58.254+0000] {dag.py:4180} INFO - Setting next_dagrun for olist_gcp_data_engineering_pipeline to None, run_after=None
[2026-07-22T08:50:58.264+0000] {processor.py:208} INFO - Processing /opt/airflow/dags/olist_pipeline.py took 0.823 seconds
[2026-07-22T08:51:28.610+0000] {processor.py:186} INFO - Started process (PID=1204) to work on /opt/airflow/dags/olist_pipeline.py
[2026-07-22T08:51:28.612+0000] {processor.py:914} INFO - Processing file /opt/airflow/dags/olist_pipeline.py for tasks to queue
[2026-07-22T08:51:28.613+0000] {logging_mixin.py:190} INFO - [2026-07-22T08:51:28.613+0000] {dagbag.py:588} INFO - Filling up the DagBag from /opt/airflow/dags/olist_pipeline.py
[2026-07-22T08:51:29.413+0000] {processor.py:925} INFO - DAG(s) 'olist_gcp_data_engineering_pipeline' retrieved from /opt/airflow/dags/olist_pipeline.py
[2026-07-22T08:51:29.432+0000] {logging_mixin.py:190} INFO - [2026-07-22T08:51:29.431+0000] {dag.py:3239} INFO - Sync 1 DAGs
[2026-07-22T08:51:29.440+0000] {logging_mixin.py:190} INFO - [2026-07-22T08:51:29.440+0000] {dag.py:4180} INFO - Setting next_dagrun for olist_gcp_data_engineering_pipeline to None, run_after=None
[2026-07-22T08:51:29.450+0000] {processor.py:208} INFO - Processing /opt/airflow/dags/olist_pipeline.py took 0.845 seconds
[2026-07-22T08:51:59.759+0000] {processor.py:186} INFO - Started process (PID=1216) to work on /opt/airflow/dags/olist_pipeline.py
[2026-07-22T08:51:59.760+0000] {processor.py:914} INFO - Processing file /opt/airflow/dags/olist_pipeline.py for tasks to queue
[2026-07-22T08:51:59.762+0000] {logging_mixin.py:190} INFO - [2026-07-22T08:51:59.761+0000] {dagbag.py:588} INFO - Filling up the DagBag from /opt/airflow/dags/olist_pipeline.py
[2026-07-22T08:52:00.577+0000] {processor.py:925} INFO - DAG(s) 'olist_gcp_data_engineering_pipeline' retrieved from /opt/airflow/dags/olist_pipeline.py
[2026-07-22T08:52:00.596+0000] {logging_mixin.py:190} INFO - [2026-07-22T08:52:00.596+0000] {dag.py:3239} INFO - Sync 1 DAGs
[2026-07-22T08:52:00.604+0000] {logging_mixin.py:190} INFO - [2026-07-22T08:52:00.604+0000] {dag.py:4180} INFO - Setting next_dagrun for olist_gcp_data_engineering_pipeline to None, run_after=None
[2026-07-22T08:52:00.620+0000] {processor.py:208} INFO - Processing /opt/airflow/dags/olist_pipeline.py took 0.869 seconds
[2026-07-22T08:52:30.692+0000] {processor.py:186} INFO - Started process (PID=1228) to work on /opt/airflow/dags/olist_pipeline.py
[2026-07-22T08:52:30.692+0000] {processor.py:914} INFO - Processing file /opt/airflow/dags/olist_pipeline.py for tasks to queue
[2026-07-22T08:52:30.694+0000] {logging_mixin.py:190} INFO - [2026-07-22T08:52:30.694+0000] {dagbag.py:588} INFO - Filling up the DagBag from /opt/airflow/dags/olist_pipeline.py
[2026-07-22T08:52:31.495+0000] {processor.py:925} INFO - DAG(s) 'olist_gcp_data_engineering_pipeline' retrieved from /opt/airflow/dags/olist_pipeline.py
[2026-07-22T08:52:31.511+0000] {logging_mixin.py:190} INFO - [2026-07-22T08:52:31.511+0000] {dag.py:3239} INFO - Sync 1 DAGs
[2026-07-22T08:52:31.518+0000] {logging_mixin.py:190} INFO - [2026-07-22T08:52:31.518+0000] {dag.py:4180} INFO - Setting next_dagrun for olist_gcp_data_engineering_pipeline to None, run_after=None
[2026-07-22T08:52:31.529+0000] {processor.py:208} INFO - Processing /opt/airflow/dags/olist_pipeline.py took 0.843 seconds
[2026-07-22T08:53:01.866+0000] {processor.py:186} INFO - Started process (PID=1240) to work on /opt/airflow/dags/olist_pipeline.py
[2026-07-22T08:53:01.867+0000] {processor.py:914} INFO - Processing file /opt/airflow/dags/olist_pipeline.py for tasks to queue
[2026-07-22T08:53:01.869+0000] {logging_mixin.py:190} INFO - [2026-07-22T08:53:01.868+0000] {dagbag.py:588} INFO - Filling up the DagBag from /opt/airflow/dags/olist_pipeline.py
[2026-07-22T08:53:02.708+0000] {processor.py:925} INFO - DAG(s) 'olist_gcp_data_engineering_pipeline' retrieved from /opt/airflow/dags/olist_pipeline.py
[2026-07-22T08:53:02.726+0000] {logging_mixin.py:190} INFO - [2026-07-22T08:53:02.725+0000] {dag.py:3239} INFO - Sync 1 DAGs
[2026-07-22T08:53:02.734+0000] {logging_mixin.py:190} INFO - [2026-07-22T08:53:02.734+0000] {dag.py:4180} INFO - Setting next_dagrun for olist_gcp_data_engineering_pipeline to None, run_after=None
[2026-07-22T08:53:02.744+0000] {processor.py:208} INFO - Processing /opt/airflow/dags/olist_pipeline.py took 0.884 seconds
[2026-07-22T08:53:33.117+0000] {processor.py:186} INFO - Started process (PID=1252) to work on /opt/airflow/dags/olist_pipeline.py
[2026-07-22T08:53:33.118+0000] {processor.py:914} INFO - Processing file /opt/airflow/dags/olist_pipeline.py for tasks to queue
[2026-07-22T08:53:33.120+0000] {logging_mixin.py:190} INFO - [2026-07-22T08:53:33.119+0000] {dagbag.py:588} INFO - Filling up the DagBag from /opt/airflow/dags/olist_pipeline.py
[2026-07-22T08:53:33.901+0000] {processor.py:925} INFO - DAG(s) 'olist_gcp_data_engineering_pipeline' retrieved from /opt/airflow/dags/olist_pipeline.py
[2026-07-22T08:53:33.925+0000] {logging_mixin.py:190} INFO - [2026-07-22T08:53:33.925+0000] {dag.py:3239} INFO - Sync 1 DAGs
[2026-07-22T08:53:33.936+0000] {logging_mixin.py:190} INFO - [2026-07-22T08:53:33.935+0000] {dag.py:4180} INFO - Setting next_dagrun for olist_gcp_data_engineering_pipeline to None, run_after=None
[2026-07-22T08:53:33.948+0000] {processor.py:208} INFO - Processing /opt/airflow/dags/olist_pipeline.py took 0.837 seconds
[2026-07-22T08:54:04.322+0000] {processor.py:186} INFO - Started process (PID=1264) to work on /opt/airflow/dags/olist_pipeline.py
[2026-07-22T08:54:04.323+0000] {processor.py:914} INFO - Processing file /opt/airflow/dags/olist_pipeline.py for tasks to queue
[2026-07-22T08:54:04.325+0000] {logging_mixin.py:190} INFO - [2026-07-22T08:54:04.325+0000] {dagbag.py:588} INFO - Filling up the DagBag from /opt/airflow/dags/olist_pipeline.py
[2026-07-22T08:54:05.087+0000] {processor.py:925} INFO - DAG(s) 'olist_gcp_data_engineering_pipeline' retrieved from /opt/airflow/dags/olist_pipeline.py
[2026-07-22T08:54:05.108+0000] {logging_mixin.py:190} INFO - [2026-07-22T08:54:05.108+0000] {dag.py:3239} INFO - Sync 1 DAGs
[2026-07-22T08:54:05.118+0000] {logging_mixin.py:190} INFO - [2026-07-22T08:54:05.118+0000] {dag.py:4180} INFO - Setting next_dagrun for olist_gcp_data_engineering_pipeline to None, run_after=None
[2026-07-22T08:54:05.128+0000] {processor.py:208} INFO - Processing /opt/airflow/dags/olist_pipeline.py took 0.813 seconds
[2026-07-22T08:54:35.256+0000] {processor.py:186} INFO - Started process (PID=1276) to work on /opt/airflow/dags/olist_pipeline.py
[2026-07-22T08:54:35.257+0000] {processor.py:914} INFO - Processing file /opt/airflow/dags/olist_pipeline.py for tasks to queue
[2026-07-22T08:54:35.260+0000] {logging_mixin.py:190} INFO - [2026-07-22T08:54:35.259+0000] {dagbag.py:588} INFO - Filling up the DagBag from /opt/airflow/dags/olist_pipeline.py
[2026-07-22T08:54:36.140+0000] {processor.py:925} INFO - DAG(s) 'olist_gcp_data_engineering_pipeline' retrieved from /opt/airflow/dags/olist_pipeline.py
[2026-07-22T08:54:36.164+0000] {logging_mixin.py:190} INFO - [2026-07-22T08:54:36.163+0000] {dag.py:3239} INFO - Sync 1 DAGs
[2026-07-22T08:54:36.173+0000] {logging_mixin.py:190} INFO - [2026-07-22T08:54:36.173+0000] {dag.py:4180} INFO - Setting next_dagrun for olist_gcp_data_engineering_pipeline to None, run_after=None
[2026-07-22T08:54:36.185+0000] {processor.py:208} INFO - Processing /opt/airflow/dags/olist_pipeline.py took 0.937 seconds
[2026-07-22T08:55:06.561+0000] {processor.py:186} INFO - Started process (PID=1288) to work on /opt/airflow/dags/olist_pipeline.py
[2026-07-22T08:55:06.562+0000] {processor.py:914} INFO - Processing file /opt/airflow/dags/olist_pipeline.py for tasks to queue
[2026-07-22T08:55:06.565+0000] {logging_mixin.py:190} INFO - [2026-07-22T08:55:06.564+0000] {dagbag.py:588} INFO - Filling up the DagBag from /opt/airflow/dags/olist_pipeline.py
[2026-07-22T08:55:07.508+0000] {processor.py:925} INFO - DAG(s) 'olist_gcp_data_engineering_pipeline' retrieved from /opt/airflow/dags/olist_pipeline.py
[2026-07-22T08:55:07.532+0000] {logging_mixin.py:190} INFO - [2026-07-22T08:55:07.532+0000] {dag.py:3239} INFO - Sync 1 DAGs
[2026-07-22T08:55:07.541+0000] {logging_mixin.py:190} INFO - [2026-07-22T08:55:07.541+0000] {dag.py:4180} INFO - Setting next_dagrun for olist_gcp_data_engineering_pipeline to None, run_after=None
[2026-07-22T08:55:07.554+0000] {processor.py:208} INFO - Processing /opt/airflow/dags/olist_pipeline.py took 1.002 seconds
[2026-07-22T08:55:37.915+0000] {processor.py:186} INFO - Started process (PID=1300) to work on /opt/airflow/dags/olist_pipeline.py
[2026-07-22T08:55:37.917+0000] {processor.py:914} INFO - Processing file /opt/airflow/dags/olist_pipeline.py for tasks to queue
[2026-07-22T08:55:37.918+0000] {logging_mixin.py:190} INFO - [2026-07-22T08:55:37.918+0000] {dagbag.py:588} INFO - Filling up the DagBag from /opt/airflow/dags/olist_pipeline.py
[2026-07-22T08:55:38.864+0000] {processor.py:925} INFO - DAG(s) 'olist_gcp_data_engineering_pipeline' retrieved from /opt/airflow/dags/olist_pipeline.py
[2026-07-22T08:55:38.888+0000] {logging_mixin.py:190} INFO - [2026-07-22T08:55:38.888+0000] {dag.py:3239} INFO - Sync 1 DAGs
[2026-07-22T08:55:38.900+0000] {logging_mixin.py:190} INFO - [2026-07-22T08:55:38.900+0000] {dag.py:4180} INFO - Setting next_dagrun for olist_gcp_data_engineering_pipeline to None, run_after=None
[2026-07-22T08:55:38.913+0000] {processor.py:208} INFO - Processing /opt/airflow/dags/olist_pipeline.py took 1.005 seconds
[2026-07-22T08:56:09.327+0000] {processor.py:186} INFO - Started process (PID=1312) to work on /opt/airflow/dags/olist_pipeline.py
[2026-07-22T08:56:09.328+0000] {processor.py:914} INFO - Processing file /opt/airflow/dags/olist_pipeline.py for tasks to queue
[2026-07-22T08:56:09.331+0000] {logging_mixin.py:190} INFO - [2026-07-22T08:56:09.330+0000] {dagbag.py:588} INFO - Filling up the DagBag from /opt/airflow/dags/olist_pipeline.py
[2026-07-22T08:56:10.190+0000] {processor.py:925} INFO - DAG(s) 'olist_gcp_data_engineering_pipeline' retrieved from /opt/airflow/dags/olist_pipeline.py
[2026-07-22T08:56:10.212+0000] {logging_mixin.py:190} INFO - [2026-07-22T08:56:10.212+0000] {dag.py:3239} INFO - Sync 1 DAGs
[2026-07-22T08:56:10.223+0000] {logging_mixin.py:190} INFO - [2026-07-22T08:56:10.223+0000] {dag.py:4180} INFO - Setting next_dagrun for olist_gcp_data_engineering_pipeline to None, run_after=None
[2026-07-22T08:56:10.233+0000] {processor.py:208} INFO - Processing /opt/airflow/dags/olist_pipeline.py took 0.914 seconds
[2026-07-22T08:56:40.641+0000] {processor.py:186} INFO - Started process (PID=1324) to work on /opt/airflow/dags/olist_pipeline.py
[2026-07-22T08:56:40.643+0000] {processor.py:914} INFO - Processing file /opt/airflow/dags/olist_pipeline.py for tasks to queue
[2026-07-22T08:56:40.645+0000] {logging_mixin.py:190} INFO - [2026-07-22T08:56:40.645+0000] {dagbag.py:588} INFO - Filling up the DagBag from /opt/airflow/dags/olist_pipeline.py
[2026-07-22T08:56:41.521+0000] {processor.py:925} INFO - DAG(s) 'olist_gcp_data_engineering_pipeline' retrieved from /opt/airflow/dags/olist_pipeline.py
[2026-07-22T08:56:41.544+0000] {logging_mixin.py:190} INFO - [2026-07-22T08:56:41.544+0000] {dag.py:3239} INFO - Sync 1 DAGs
[2026-07-22T08:56:41.554+0000] {logging_mixin.py:190} INFO - [2026-07-22T08:56:41.554+0000] {dag.py:4180} INFO - Setting next_dagrun for olist_gcp_data_engineering_pipeline to None, run_after=None
[2026-07-22T08:56:41.566+0000] {processor.py:208} INFO - Processing /opt/airflow/dags/olist_pipeline.py took 0.929 seconds
[2026-07-22T08:57:12.055+0000] {processor.py:186} INFO - Started process (PID=1336) to work on /opt/airflow/dags/olist_pipeline.py
[2026-07-22T08:57:12.058+0000] {processor.py:914} INFO - Processing file /opt/airflow/dags/olist_pipeline.py for tasks to queue
[2026-07-22T08:57:12.063+0000] {logging_mixin.py:190} INFO - [2026-07-22T08:57:12.062+0000] {dagbag.py:588} INFO - Filling up the DagBag from /opt/airflow/dags/olist_pipeline.py
[2026-07-22T08:57:13.018+0000] {processor.py:925} INFO - DAG(s) 'olist_gcp_data_engineering_pipeline' retrieved from /opt/airflow/dags/olist_pipeline.py
[2026-07-22T08:57:13.042+0000] {logging_mixin.py:190} INFO - [2026-07-22T08:57:13.042+0000] {dag.py:3239} INFO - Sync 1 DAGs
[2026-07-22T08:57:13.053+0000] {logging_mixin.py:190} INFO - [2026-07-22T08:57:13.053+0000] {dag.py:4180} INFO - Setting next_dagrun for olist_gcp_data_engineering_pipeline to None, run_after=None
[2026-07-22T08:57:13.064+0000] {processor.py:208} INFO - Processing /opt/airflow/dags/olist_pipeline.py took 1.073 seconds
[2026-07-22T08:57:43.371+0000] {processor.py:186} INFO - Started process (PID=1347) to work on /opt/airflow/dags/olist_pipeline.py
[2026-07-22T08:57:43.372+0000] {processor.py:914} INFO - Processing file /opt/airflow/dags/olist_pipeline.py for tasks to queue
[2026-07-22T08:57:43.374+0000] {logging_mixin.py:190} INFO - [2026-07-22T08:57:43.373+0000] {dagbag.py:588} INFO - Filling up the DagBag from /opt/airflow/dags/olist_pipeline.py
[2026-07-22T08:57:44.174+0000] {processor.py:925} INFO - DAG(s) 'olist_gcp_data_engineering_pipeline' retrieved from /opt/airflow/dags/olist_pipeline.py
[2026-07-22T08:57:44.195+0000] {logging_mixin.py:190} INFO - [2026-07-22T08:57:44.194+0000] {dag.py:3239} INFO - Sync 1 DAGs
[2026-07-22T08:57:44.203+0000] {logging_mixin.py:190} INFO - [2026-07-22T08:57:44.203+0000] {dag.py:4180} INFO - Setting next_dagrun for olist_gcp_data_engineering_pipeline to None, run_after=None
[2026-07-22T08:57:44.216+0000] {processor.py:208} INFO - Processing /opt/airflow/dags/olist_pipeline.py took 0.851 seconds
[2026-07-22T08:58:14.608+0000] {processor.py:186} INFO - Started process (PID=1359) to work on /opt/airflow/dags/olist_pipeline.py
[2026-07-22T08:58:14.609+0000] {processor.py:914} INFO - Processing file /opt/airflow/dags/olist_pipeline.py for tasks to queue
[2026-07-22T08:58:14.611+0000] {logging_mixin.py:190} INFO - [2026-07-22T08:58:14.610+0000] {dagbag.py:588} INFO - Filling up the DagBag from /opt/airflow/dags/olist_pipeline.py
[2026-07-22T08:58:15.422+0000] {processor.py:925} INFO - DAG(s) 'olist_gcp_data_engineering_pipeline' retrieved from /opt/airflow/dags/olist_pipeline.py
[2026-07-22T08:58:15.443+0000] {logging_mixin.py:190} INFO - [2026-07-22T08:58:15.443+0000] {dag.py:3239} INFO - Sync 1 DAGs
[2026-07-22T08:58:15.451+0000] {logging_mixin.py:190} INFO - [2026-07-22T08:58:15.451+0000] {dag.py:4180} INFO - Setting next_dagrun for olist_gcp_data_engineering_pipeline to None, run_after=None
[2026-07-22T08:58:15.462+0000] {processor.py:208} INFO - Processing /opt/airflow/dags/olist_pipeline.py took 0.861 seconds
[2026-07-22T08:58:45.878+0000] {processor.py:186} INFO - Started process (PID=1371) to work on /opt/airflow/dags/olist_pipeline.py
[2026-07-22T08:58:45.880+0000] {processor.py:914} INFO - Processing file /opt/airflow/dags/olist_pipeline.py for tasks to queue
[2026-07-22T08:58:45.885+0000] {logging_mixin.py:190} INFO - [2026-07-22T08:58:45.884+0000] {dagbag.py:588} INFO - Filling up the DagBag from /opt/airflow/dags/olist_pipeline.py
[2026-07-22T08:58:46.960+0000] {processor.py:925} INFO - DAG(s) 'olist_gcp_data_engineering_pipeline' retrieved from /opt/airflow/dags/olist_pipeline.py
[2026-07-22T08:58:46.994+0000] {logging_mixin.py:190} INFO - [2026-07-22T08:58:46.994+0000] {dag.py:3239} INFO - Sync 1 DAGs
[2026-07-22T08:58:47.010+0000] {logging_mixin.py:190} INFO - [2026-07-22T08:58:47.010+0000] {dag.py:4180} INFO - Setting next_dagrun for olist_gcp_data_engineering_pipeline to None, run_after=None
[2026-07-22T08:58:47.021+0000] {processor.py:208} INFO - Processing /opt/airflow/dags/olist_pipeline.py took 1.157 seconds
[2026-07-22T08:59:17.252+0000] {processor.py:186} INFO - Started process (PID=1389) to work on /opt/airflow/dags/olist_pipeline.py
[2026-07-22T08:59:17.254+0000] {processor.py:914} INFO - Processing file /opt/airflow/dags/olist_pipeline.py for tasks to queue
[2026-07-22T08:59:17.257+0000] {logging_mixin.py:190} INFO - [2026-07-22T08:59:17.257+0000] {dagbag.py:588} INFO - Filling up the DagBag from /opt/airflow/dags/olist_pipeline.py
[2026-07-22T08:59:18.105+0000] {processor.py:925} INFO - DAG(s) 'olist_gcp_data_engineering_pipeline' retrieved from /opt/airflow/dags/olist_pipeline.py
[2026-07-22T08:59:18.127+0000] {logging_mixin.py:190} INFO - [2026-07-22T08:59:18.127+0000] {dag.py:3239} INFO - Sync 1 DAGs
[2026-07-22T08:59:18.136+0000] {logging_mixin.py:190} INFO - [2026-07-22T08:59:18.136+0000] {dag.py:4180} INFO - Setting next_dagrun for olist_gcp_data_engineering_pipeline to None, run_after=None
[2026-07-22T08:59:18.147+0000] {processor.py:208} INFO - Processing /opt/airflow/dags/olist_pipeline.py took 0.904 seconds
[2026-07-22T08:59:48.503+0000] {processor.py:186} INFO - Started process (PID=1401) to work on /opt/airflow/dags/olist_pipeline.py
[2026-07-22T08:59:48.504+0000] {processor.py:914} INFO - Processing file /opt/airflow/dags/olist_pipeline.py for tasks to queue
[2026-07-22T08:59:48.506+0000] {logging_mixin.py:190} INFO - [2026-07-22T08:59:48.506+0000] {dagbag.py:588} INFO - Filling up the DagBag from /opt/airflow/dags/olist_pipeline.py
[2026-07-22T08:59:49.297+0000] {processor.py:925} INFO - DAG(s) 'olist_gcp_data_engineering_pipeline' retrieved from /opt/airflow/dags/olist_pipeline.py
[2026-07-22T08:59:49.318+0000] {logging_mixin.py:190} INFO - [2026-07-22T08:59:49.317+0000] {dag.py:3239} INFO - Sync 1 DAGs
[2026-07-22T08:59:49.326+0000] {logging_mixin.py:190} INFO - [2026-07-22T08:59:49.326+0000] {dag.py:4180} INFO - Setting next_dagrun for olist_gcp_data_engineering_pipeline to None, run_after=None
[2026-07-22T08:59:49.338+0000] {processor.py:208} INFO - Processing /opt/airflow/dags/olist_pipeline.py took 0.841 seconds
[2026-07-22T09:00:19.701+0000] {processor.py:186} INFO - Started process (PID=1413) to work on /opt/airflow/dags/olist_pipeline.py
[2026-07-22T09:00:19.702+0000] {processor.py:914} INFO - Processing file /opt/airflow/dags/olist_pipeline.py for tasks to queue
[2026-07-22T09:00:19.703+0000] {logging_mixin.py:190} INFO - [2026-07-22T09:00:19.703+0000] {dagbag.py:588} INFO - Filling up the DagBag from /opt/airflow/dags/olist_pipeline.py
[2026-07-22T09:00:20.470+0000] {processor.py:925} INFO - DAG(s) 'olist_gcp_data_engineering_pipeline' retrieved from /opt/airflow/dags/olist_pipeline.py
[2026-07-22T09:00:20.490+0000] {logging_mixin.py:190} INFO - [2026-07-22T09:00:20.490+0000] {dag.py:3239} INFO - Sync 1 DAGs
[2026-07-22T09:00:20.498+0000] {logging_mixin.py:190} INFO - [2026-07-22T09:00:20.498+0000] {dag.py:4180} INFO - Setting next_dagrun for olist_gcp_data_engineering_pipeline to None, run_after=None
[2026-07-22T09:00:20.509+0000] {processor.py:208} INFO - Processing /opt/airflow/dags/olist_pipeline.py took 0.814 seconds
[2026-07-22T09:00:50.866+0000] {processor.py:186} INFO - Started process (PID=1425) to work on /opt/airflow/dags/olist_pipeline.py
[2026-07-22T09:00:50.867+0000] {processor.py:914} INFO - Processing file /opt/airflow/dags/olist_pipeline.py for tasks to queue
[2026-07-22T09:00:50.868+0000] {logging_mixin.py:190} INFO - [2026-07-22T09:00:50.868+0000] {dagbag.py:588} INFO - Filling up the DagBag from /opt/airflow/dags/olist_pipeline.py
[2026-07-22T09:00:51.652+0000] {processor.py:925} INFO - DAG(s) 'olist_gcp_data_engineering_pipeline' retrieved from /opt/airflow/dags/olist_pipeline.py
[2026-07-22T09:00:51.670+0000] {logging_mixin.py:190} INFO - [2026-07-22T09:00:51.669+0000] {dag.py:3239} INFO - Sync 1 DAGs
[2026-07-22T09:00:51.677+0000] {logging_mixin.py:190} INFO - [2026-07-22T09:00:51.677+0000] {dag.py:4180} INFO - Setting next_dagrun for olist_gcp_data_engineering_pipeline to None, run_after=None
[2026-07-22T09:00:51.687+0000] {processor.py:208} INFO - Processing /opt/airflow/dags/olist_pipeline.py took 0.824 seconds
[2026-07-22T09:01:22.049+0000] {processor.py:186} INFO - Started process (PID=1437) to work on /opt/airflow/dags/olist_pipeline.py
[2026-07-22T09:01:22.050+0000] {processor.py:914} INFO - Processing file /opt/airflow/dags/olist_pipeline.py for tasks to queue
[2026-07-22T09:01:22.052+0000] {logging_mixin.py:190} INFO - [2026-07-22T09:01:22.052+0000] {dagbag.py:588} INFO - Filling up the DagBag from /opt/airflow/dags/olist_pipeline.py
[2026-07-22T09:01:22.923+0000] {processor.py:925} INFO - DAG(s) 'olist_gcp_data_engineering_pipeline' retrieved from /opt/airflow/dags/olist_pipeline.py
[2026-07-22T09:01:22.941+0000] {logging_mixin.py:190} INFO - [2026-07-22T09:01:22.941+0000] {dag.py:3239} INFO - Sync 1 DAGs
[2026-07-22T09:01:22.950+0000] {logging_mixin.py:190} INFO - [2026-07-22T09:01:22.950+0000] {dag.py:4180} INFO - Setting next_dagrun for olist_gcp_data_engineering_pipeline to None, run_after=None
[2026-07-22T09:01:22.960+0000] {processor.py:208} INFO - Processing /opt/airflow/dags/olist_pipeline.py took 0.917 seconds
[2026-07-22T09:01:53.387+0000] {processor.py:186} INFO - Started process (PID=1449) to work on /opt/airflow/dags/olist_pipeline.py
[2026-07-22T09:01:53.388+0000] {processor.py:914} INFO - Processing file /opt/airflow/dags/olist_pipeline.py for tasks to queue
[2026-07-22T09:01:53.389+0000] {logging_mixin.py:190} INFO - [2026-07-22T09:01:53.389+0000] {dagbag.py:588} INFO - Filling up the DagBag from /opt/airflow/dags/olist_pipeline.py
[2026-07-22T09:01:54.196+0000] {processor.py:925} INFO - DAG(s) 'olist_gcp_data_engineering_pipeline' retrieved from /opt/airflow/dags/olist_pipeline.py
[2026-07-22T09:01:54.221+0000] {logging_mixin.py:190} INFO - [2026-07-22T09:01:54.220+0000] {dag.py:3239} INFO - Sync 1 DAGs
[2026-07-22T09:01:54.231+0000] {logging_mixin.py:190} INFO - [2026-07-22T09:01:54.231+0000] {dag.py:4180} INFO - Setting next_dagrun for olist_gcp_data_engineering_pipeline to None, run_after=None
[2026-07-22T09:01:54.244+0000] {processor.py:208} INFO - Processing /opt/airflow/dags/olist_pipeline.py took 0.864 seconds
[2026-07-22T09:02:24.632+0000] {processor.py:186} INFO - Started process (PID=1461) to work on /opt/airflow/dags/olist_pipeline.py
[2026-07-22T09:02:24.633+0000] {processor.py:914} INFO - Processing file /opt/airflow/dags/olist_pipeline.py for tasks to queue
[2026-07-22T09:02:24.635+0000] {logging_mixin.py:190} INFO - [2026-07-22T09:02:24.634+0000] {dagbag.py:588} INFO - Filling up the DagBag from /opt/airflow/dags/olist_pipeline.py
[2026-07-22T09:02:25.399+0000] {processor.py:925} INFO - DAG(s) 'olist_gcp_data_engineering_pipeline' retrieved from /opt/airflow/dags/olist_pipeline.py
[2026-07-22T09:02:25.422+0000] {logging_mixin.py:190} INFO - [2026-07-22T09:02:25.421+0000] {dag.py:3239} INFO - Sync 1 DAGs
[2026-07-22T09:02:25.430+0000] {logging_mixin.py:190} INFO - [2026-07-22T09:02:25.430+0000] {dag.py:4180} INFO - Setting next_dagrun for olist_gcp_data_engineering_pipeline to None, run_after=None
[2026-07-22T09:02:25.442+0000] {processor.py:208} INFO - Processing /opt/airflow/dags/olist_pipeline.py took 0.816 seconds
[2026-07-22T09:02:55.577+0000] {processor.py:186} INFO - Started process (PID=1473) to work on /opt/airflow/dags/olist_pipeline.py
[2026-07-22T09:02:55.578+0000] {processor.py:914} INFO - Processing file /opt/airflow/dags/olist_pipeline.py for tasks to queue
[2026-07-22T09:02:55.579+0000] {logging_mixin.py:190} INFO - [2026-07-22T09:02:55.579+0000] {dagbag.py:588} INFO - Filling up the DagBag from /opt/airflow/dags/olist_pipeline.py
[2026-07-22T09:02:56.347+0000] {processor.py:925} INFO - DAG(s) 'olist_gcp_data_engineering_pipeline' retrieved from /opt/airflow/dags/olist_pipeline.py
[2026-07-22T09:02:56.365+0000] {logging_mixin.py:190} INFO - [2026-07-22T09:02:56.365+0000] {dag.py:3239} INFO - Sync 1 DAGs
[2026-07-22T09:02:56.373+0000] {logging_mixin.py:190} INFO - [2026-07-22T09:02:56.373+0000] {dag.py:4180} INFO - Setting next_dagrun for olist_gcp_data_engineering_pipeline to None, run_after=None
[2026-07-22T09:02:56.423+0000] {processor.py:208} INFO - Processing /opt/airflow/dags/olist_pipeline.py took 0.852 seconds
[2026-07-22T09:03:26.810+0000] {processor.py:186} INFO - Started process (PID=1485) to work on /opt/airflow/dags/olist_pipeline.py
[2026-07-22T09:03:26.812+0000] {processor.py:914} INFO - Processing file /opt/airflow/dags/olist_pipeline.py for tasks to queue
[2026-07-22T09:03:26.813+0000] {logging_mixin.py:190} INFO - [2026-07-22T09:03:26.813+0000] {dagbag.py:588} INFO - Filling up the DagBag from /opt/airflow/dags/olist_pipeline.py
[2026-07-22T09:03:27.586+0000] {processor.py:925} INFO - DAG(s) 'olist_gcp_data_engineering_pipeline' retrieved from /opt/airflow/dags/olist_pipeline.py
[2026-07-22T09:03:27.605+0000] {logging_mixin.py:190} INFO - [2026-07-22T09:03:27.605+0000] {dag.py:3239} INFO - Sync 1 DAGs
[2026-07-22T09:03:27.612+0000] {logging_mixin.py:190} INFO - [2026-07-22T09:03:27.612+0000] {dag.py:4180} INFO - Setting next_dagrun for olist_gcp_data_engineering_pipeline to None, run_after=None
[2026-07-22T09:03:27.621+0000] {processor.py:208} INFO - Processing /opt/airflow/dags/olist_pipeline.py took 0.817 seconds
[2026-07-22T09:03:57.965+0000] {processor.py:186} INFO - Started process (PID=1497) to work on /opt/airflow/dags/olist_pipeline.py
[2026-07-22T09:03:57.966+0000] {processor.py:914} INFO - Processing file /opt/airflow/dags/olist_pipeline.py for tasks to queue
[2026-07-22T09:03:57.968+0000] {logging_mixin.py:190} INFO - [2026-07-22T09:03:57.968+0000] {dagbag.py:588} INFO - Filling up the DagBag from /opt/airflow/dags/olist_pipeline.py
[2026-07-22T09:03:58.753+0000] {processor.py:925} INFO - DAG(s) 'olist_gcp_data_engineering_pipeline' retrieved from /opt/airflow/dags/olist_pipeline.py
[2026-07-22T09:03:58.772+0000] {logging_mixin.py:190} INFO - [2026-07-22T09:03:58.772+0000] {dag.py:3239} INFO - Sync 1 DAGs
[2026-07-22T09:03:58.782+0000] {logging_mixin.py:190} INFO - [2026-07-22T09:03:58.782+0000] {dag.py:4180} INFO - Setting next_dagrun for olist_gcp_data_engineering_pipeline to None, run_after=None
[2026-07-22T09:03:58.792+0000] {processor.py:208} INFO - Processing /opt/airflow/dags/olist_pipeline.py took 0.833 seconds
[2026-07-22T09:04:29.173+0000] {processor.py:186} INFO - Started process (PID=1509) to work on /opt/airflow/dags/olist_pipeline.py
[2026-07-22T09:04:29.175+0000] {processor.py:914} INFO - Processing file /opt/airflow/dags/olist_pipeline.py for tasks to queue
[2026-07-22T09:04:29.178+0000] {logging_mixin.py:190} INFO - [2026-07-22T09:04:29.178+0000] {dagbag.py:588} INFO - Filling up the DagBag from /opt/airflow/dags/olist_pipeline.py
[2026-07-22T09:04:29.979+0000] {processor.py:925} INFO - DAG(s) 'olist_gcp_data_engineering_pipeline' retrieved from /opt/airflow/dags/olist_pipeline.py
[2026-07-22T09:04:29.995+0000] {logging_mixin.py:190} INFO - [2026-07-22T09:04:29.995+0000] {dag.py:3239} INFO - Sync 1 DAGs
[2026-07-22T09:04:30.003+0000] {logging_mixin.py:190} INFO - [2026-07-22T09:04:30.003+0000] {dag.py:4180} INFO - Setting next_dagrun for olist_gcp_data_engineering_pipeline to None, run_after=None
[2026-07-22T09:04:30.012+0000] {processor.py:208} INFO - Processing /opt/airflow/dags/olist_pipeline.py took 0.847 seconds
[2026-07-22T09:05:00.133+0000] {processor.py:186} INFO - Started process (PID=1521) to work on /opt/airflow/dags/olist_pipeline.py
[2026-07-22T09:05:00.134+0000] {processor.py:914} INFO - Processing file /opt/airflow/dags/olist_pipeline.py for tasks to queue
[2026-07-22T09:05:00.136+0000] {logging_mixin.py:190} INFO - [2026-07-22T09:05:00.136+0000] {dagbag.py:588} INFO - Filling up the DagBag from /opt/airflow/dags/olist_pipeline.py
[2026-07-22T09:05:00.967+0000] {processor.py:925} INFO - DAG(s) 'olist_gcp_data_engineering_pipeline' retrieved from /opt/airflow/dags/olist_pipeline.py
[2026-07-22T09:05:00.986+0000] {logging_mixin.py:190} INFO - [2026-07-22T09:05:00.986+0000] {dag.py:3239} INFO - Sync 1 DAGs
[2026-07-22T09:05:00.993+0000] {logging_mixin.py:190} INFO - [2026-07-22T09:05:00.993+0000] {dag.py:4180} INFO - Setting next_dagrun for olist_gcp_data_engineering_pipeline to None, run_after=None
[2026-07-22T09:05:01.003+0000] {processor.py:208} INFO - Processing /opt/airflow/dags/olist_pipeline.py took 0.877 seconds
[2026-07-22T09:05:31.391+0000] {processor.py:186} INFO - Started process (PID=1533) to work on /opt/airflow/dags/olist_pipeline.py
[2026-07-22T09:05:31.392+0000] {processor.py:914} INFO - Processing file /opt/airflow/dags/olist_pipeline.py for tasks to queue
[2026-07-22T09:05:31.394+0000] {logging_mixin.py:190} INFO - [2026-07-22T09:05:31.394+0000] {dagbag.py:588} INFO - Filling up the DagBag from /opt/airflow/dags/olist_pipeline.py
[2026-07-22T09:05:32.159+0000] {processor.py:925} INFO - DAG(s) 'olist_gcp_data_engineering_pipeline' retrieved from /opt/airflow/dags/olist_pipeline.py
[2026-07-22T09:05:32.180+0000] {logging_mixin.py:190} INFO - [2026-07-22T09:05:32.180+0000] {dag.py:3239} INFO - Sync 1 DAGs
[2026-07-22T09:05:32.189+0000] {logging_mixin.py:190} INFO - [2026-07-22T09:05:32.189+0000] {dag.py:4180} INFO - Setting next_dagrun for olist_gcp_data_engineering_pipeline to None, run_after=None
[2026-07-22T09:05:32.200+0000] {processor.py:208} INFO - Processing /opt/airflow/dags/olist_pipeline.py took 0.815 seconds
[2026-07-22T09:06:02.550+0000] {processor.py:186} INFO - Started process (PID=1545) to work on /opt/airflow/dags/olist_pipeline.py
[2026-07-22T09:06:02.551+0000] {processor.py:914} INFO - Processing file /opt/airflow/dags/olist_pipeline.py for tasks to queue
[2026-07-22T09:06:02.553+0000] {logging_mixin.py:190} INFO - [2026-07-22T09:06:02.553+0000] {dagbag.py:588} INFO - Filling up the DagBag from /opt/airflow/dags/olist_pipeline.py
[2026-07-22T09:06:03.387+0000] {processor.py:925} INFO - DAG(s) 'olist_gcp_data_engineering_pipeline' retrieved from /opt/airflow/dags/olist_pipeline.py
[2026-07-22T09:06:03.405+0000] {logging_mixin.py:190} INFO - [2026-07-22T09:06:03.404+0000] {dag.py:3239} INFO - Sync 1 DAGs
[2026-07-22T09:06:03.412+0000] {logging_mixin.py:190} INFO - [2026-07-22T09:06:03.412+0000] {dag.py:4180} INFO - Setting next_dagrun for olist_gcp_data_engineering_pipeline to None, run_after=None
[2026-07-22T09:06:03.422+0000] {processor.py:208} INFO - Processing /opt/airflow/dags/olist_pipeline.py took 0.878 seconds
[2026-07-22T09:06:33.781+0000] {processor.py:186} INFO - Started process (PID=1557) to work on /opt/airflow/dags/olist_pipeline.py
[2026-07-22T09:06:33.782+0000] {processor.py:914} INFO - Processing file /opt/airflow/dags/olist_pipeline.py for tasks to queue
[2026-07-22T09:06:33.784+0000] {logging_mixin.py:190} INFO - [2026-07-22T09:06:33.784+0000] {dagbag.py:588} INFO - Filling up the DagBag from /opt/airflow/dags/olist_pipeline.py
[2026-07-22T09:06:34.560+0000] {processor.py:925} INFO - DAG(s) 'olist_gcp_data_engineering_pipeline' retrieved from /opt/airflow/dags/olist_pipeline.py
[2026-07-22T09:06:34.579+0000] {logging_mixin.py:190} INFO - [2026-07-22T09:06:34.579+0000] {dag.py:3239} INFO - Sync 1 DAGs
[2026-07-22T09:06:34.586+0000] {logging_mixin.py:190} INFO - [2026-07-22T09:06:34.586+0000] {dag.py:4180} INFO - Setting next_dagrun for olist_gcp_data_engineering_pipeline to None, run_after=None
[2026-07-22T09:06:34.597+0000] {processor.py:208} INFO - Processing /opt/airflow/dags/olist_pipeline.py took 0.823 seconds
[2026-07-22T09:07:04.718+0000] {processor.py:186} INFO - Started process (PID=1569) to work on /opt/airflow/dags/olist_pipeline.py
[2026-07-22T09:07:04.719+0000] {processor.py:914} INFO - Processing file /opt/airflow/dags/olist_pipeline.py for tasks to queue
[2026-07-22T09:07:04.721+0000] {logging_mixin.py:190} INFO - [2026-07-22T09:07:04.720+0000] {dagbag.py:588} INFO - Filling up the DagBag from /opt/airflow/dags/olist_pipeline.py
[2026-07-22T09:07:05.553+0000] {processor.py:925} INFO - DAG(s) 'olist_gcp_data_engineering_pipeline' retrieved from /opt/airflow/dags/olist_pipeline.py
[2026-07-22T09:07:05.575+0000] {logging_mixin.py:190} INFO - [2026-07-22T09:07:05.575+0000] {dag.py:3239} INFO - Sync 1 DAGs
[2026-07-22T09:07:05.585+0000] {logging_mixin.py:190} INFO - [2026-07-22T09:07:05.585+0000] {dag.py:4180} INFO - Setting next_dagrun for olist_gcp_data_engineering_pipeline to None, run_after=None
[2026-07-22T09:07:05.596+0000] {processor.py:208} INFO - Processing /opt/airflow/dags/olist_pipeline.py took 0.885 seconds
[2026-07-22T09:07:35.967+0000] {processor.py:186} INFO - Started process (PID=1581) to work on /opt/airflow/dags/olist_pipeline.py
[2026-07-22T09:07:35.968+0000] {processor.py:914} INFO - Processing file /opt/airflow/dags/olist_pipeline.py for tasks to queue
[2026-07-22T09:07:35.970+0000] {logging_mixin.py:190} INFO - [2026-07-22T09:07:35.969+0000] {dagbag.py:588} INFO - Filling up the DagBag from /opt/airflow/dags/olist_pipeline.py
[2026-07-22T09:07:36.751+0000] {processor.py:925} INFO - DAG(s) 'olist_gcp_data_engineering_pipeline' retrieved from /opt/airflow/dags/olist_pipeline.py
[2026-07-22T09:07:36.771+0000] {logging_mixin.py:190} INFO - [2026-07-22T09:07:36.771+0000] {dag.py:3239} INFO - Sync 1 DAGs
[2026-07-22T09:07:36.779+0000] {logging_mixin.py:190} INFO - [2026-07-22T09:07:36.779+0000] {dag.py:4180} INFO - Setting next_dagrun for olist_gcp_data_engineering_pipeline to None, run_after=None
[2026-07-22T09:07:36.789+0000] {processor.py:208} INFO - Processing /opt/airflow/dags/olist_pipeline.py took 0.829 seconds
[2026-07-22T09:08:07.143+0000] {processor.py:186} INFO - Started process (PID=1593) to work on /opt/airflow/dags/olist_pipeline.py
[2026-07-22T09:08:07.145+0000] {processor.py:914} INFO - Processing file /opt/airflow/dags/olist_pipeline.py for tasks to queue
[2026-07-22T09:08:07.146+0000] {logging_mixin.py:190} INFO - [2026-07-22T09:08:07.146+0000] {dagbag.py:588} INFO - Filling up the DagBag from /opt/airflow/dags/olist_pipeline.py
[2026-07-22T09:08:07.956+0000] {processor.py:925} INFO - DAG(s) 'olist_gcp_data_engineering_pipeline' retrieved from /opt/airflow/dags/olist_pipeline.py
[2026-07-22T09:08:07.975+0000] {logging_mixin.py:190} INFO - [2026-07-22T09:08:07.975+0000] {dag.py:3239} INFO - Sync 1 DAGs
[2026-07-22T09:08:07.983+0000] {logging_mixin.py:190} INFO - [2026-07-22T09:08:07.983+0000] {dag.py:4180} INFO - Setting next_dagrun for olist_gcp_data_engineering_pipeline to None, run_after=None
[2026-07-22T09:08:07.993+0000] {processor.py:208} INFO - Processing /opt/airflow/dags/olist_pipeline.py took 0.856 seconds
[2026-07-22T09:08:38.370+0000] {processor.py:186} INFO - Started process (PID=1605) to work on /opt/airflow/dags/olist_pipeline.py
[2026-07-22T09:08:38.371+0000] {processor.py:914} INFO - Processing file /opt/airflow/dags/olist_pipeline.py for tasks to queue
[2026-07-22T09:08:38.373+0000] {logging_mixin.py:190} INFO - [2026-07-22T09:08:38.373+0000] {dagbag.py:588} INFO - Filling up the DagBag from /opt/airflow/dags/olist_pipeline.py
[2026-07-22T09:08:39.153+0000] {processor.py:925} INFO - DAG(s) 'olist_gcp_data_engineering_pipeline' retrieved from /opt/airflow/dags/olist_pipeline.py
[2026-07-22T09:08:39.169+0000] {logging_mixin.py:190} INFO - [2026-07-22T09:08:39.169+0000] {dag.py:3239} INFO - Sync 1 DAGs
[2026-07-22T09:08:39.176+0000] {logging_mixin.py:190} INFO - [2026-07-22T09:08:39.176+0000] {dag.py:4180} INFO - Setting next_dagrun for olist_gcp_data_engineering_pipeline to None, run_after=None
[2026-07-22T09:08:39.185+0000] {processor.py:208} INFO - Processing /opt/airflow/dags/olist_pipeline.py took 0.821 seconds
[2026-07-22T09:09:09.516+0000] {processor.py:186} INFO - Started process (PID=1617) to work on /opt/airflow/dags/olist_pipeline.py
[2026-07-22T09:09:09.517+0000] {processor.py:914} INFO - Processing file /opt/airflow/dags/olist_pipeline.py for tasks to queue
[2026-07-22T09:09:09.519+0000] {logging_mixin.py:190} INFO - [2026-07-22T09:09:09.519+0000] {dagbag.py:588} INFO - Filling up the DagBag from /opt/airflow/dags/olist_pipeline.py
[2026-07-22T09:09:10.312+0000] {processor.py:925} INFO - DAG(s) 'olist_gcp_data_engineering_pipeline' retrieved from /opt/airflow/dags/olist_pipeline.py
[2026-07-22T09:09:10.328+0000] {logging_mixin.py:190} INFO - [2026-07-22T09:09:10.328+0000] {dag.py:3239} INFO - Sync 1 DAGs
[2026-07-22T09:09:10.336+0000] {logging_mixin.py:190} INFO - [2026-07-22T09:09:10.336+0000] {dag.py:4180} INFO - Setting next_dagrun for olist_gcp_data_engineering_pipeline to None, run_after=None
[2026-07-22T09:09:10.346+0000] {processor.py:208} INFO - Processing /opt/airflow/dags/olist_pipeline.py took 0.836 seconds
[2026-07-22T09:09:40.544+0000] {processor.py:186} INFO - Started process (PID=1629) to work on /opt/airflow/dags/olist_pipeline.py
[2026-07-22T09:09:40.545+0000] {processor.py:914} INFO - Processing file /opt/airflow/dags/olist_pipeline.py for tasks to queue
[2026-07-22T09:09:40.547+0000] {logging_mixin.py:190} INFO - [2026-07-22T09:09:40.547+0000] {dagbag.py:588} INFO - Filling up the DagBag from /opt/airflow/dags/olist_pipeline.py
[2026-07-22T09:09:41.433+0000] {processor.py:925} INFO - DAG(s) 'olist_gcp_data_engineering_pipeline' retrieved from /opt/airflow/dags/olist_pipeline.py
[2026-07-22T09:09:41.454+0000] {logging_mixin.py:190} INFO - [2026-07-22T09:09:41.454+0000] {dag.py:3239} INFO - Sync 1 DAGs
[2026-07-22T09:09:41.463+0000] {logging_mixin.py:190} INFO - [2026-07-22T09:09:41.463+0000] {dag.py:4180} INFO - Setting next_dagrun for olist_gcp_data_engineering_pipeline to None, run_after=None
[2026-07-22T09:09:41.472+0000] {processor.py:208} INFO - Processing /opt/airflow/dags/olist_pipeline.py took 0.935 seconds
[2026-07-22T09:10:11.811+0000] {processor.py:186} INFO - Started process (PID=1641) to work on /opt/airflow/dags/olist_pipeline.py
[2026-07-22T09:10:11.812+0000] {processor.py:914} INFO - Processing file /opt/airflow/dags/olist_pipeline.py for tasks to queue
[2026-07-22T09:10:11.815+0000] {logging_mixin.py:190} INFO - [2026-07-22T09:10:11.814+0000] {dagbag.py:588} INFO - Filling up the DagBag from /opt/airflow/dags/olist_pipeline.py
[2026-07-22T09:10:12.608+0000] {processor.py:925} INFO - DAG(s) 'olist_gcp_data_engineering_pipeline' retrieved from /opt/airflow/dags/olist_pipeline.py
[2026-07-22T09:10:12.627+0000] {logging_mixin.py:190} INFO - [2026-07-22T09:10:12.627+0000] {dag.py:3239} INFO - Sync 1 DAGs
[2026-07-22T09:10:12.637+0000] {logging_mixin.py:190} INFO - [2026-07-22T09:10:12.637+0000] {dag.py:4180} INFO - Setting next_dagrun for olist_gcp_data_engineering_pipeline to None, run_after=None
[2026-07-22T09:10:12.648+0000] {processor.py:208} INFO - Processing /opt/airflow/dags/olist_pipeline.py took 0.843 seconds
[2026-07-22T09:10:42.955+0000] {processor.py:186} INFO - Started process (PID=1653) to work on /opt/airflow/dags/olist_pipeline.py
[2026-07-22T09:10:42.956+0000] {processor.py:914} INFO - Processing file /opt/airflow/dags/olist_pipeline.py for tasks to queue
[2026-07-22T09:10:42.958+0000] {logging_mixin.py:190} INFO - [2026-07-22T09:10:42.957+0000] {dagbag.py:588} INFO - Filling up the DagBag from /opt/airflow/dags/olist_pipeline.py
[2026-07-22T09:10:43.741+0000] {processor.py:925} INFO - DAG(s) 'olist_gcp_data_engineering_pipeline' retrieved from /opt/airflow/dags/olist_pipeline.py
[2026-07-22T09:10:43.763+0000] {logging_mixin.py:190} INFO - [2026-07-22T09:10:43.763+0000] {dag.py:3239} INFO - Sync 1 DAGs
[2026-07-22T09:10:43.772+0000] {logging_mixin.py:190} INFO - [2026-07-22T09:10:43.772+0000] {dag.py:4180} INFO - Setting next_dagrun for olist_gcp_data_engineering_pipeline to None, run_after=None
[2026-07-22T09:10:43.783+0000] {processor.py:208} INFO - Processing /opt/airflow/dags/olist_pipeline.py took 0.834 seconds
[2026-07-22T09:11:14.148+0000] {processor.py:186} INFO - Started process (PID=1665) to work on /opt/airflow/dags/olist_pipeline.py
[2026-07-22T09:11:14.149+0000] {processor.py:914} INFO - Processing file /opt/airflow/dags/olist_pipeline.py for tasks to queue
[2026-07-22T09:11:14.151+0000] {logging_mixin.py:190} INFO - [2026-07-22T09:11:14.151+0000] {dagbag.py:588} INFO - Filling up the DagBag from /opt/airflow/dags/olist_pipeline.py
[2026-07-22T09:11:14.970+0000] {processor.py:925} INFO - DAG(s) 'olist_gcp_data_engineering_pipeline' retrieved from /opt/airflow/dags/olist_pipeline.py
[2026-07-22T09:11:14.988+0000] {logging_mixin.py:190} INFO - [2026-07-22T09:11:14.988+0000] {dag.py:3239} INFO - Sync 1 DAGs
[2026-07-22T09:11:14.996+0000] {logging_mixin.py:190} INFO - [2026-07-22T09:11:14.996+0000] {dag.py:4180} INFO - Setting next_dagrun for olist_gcp_data_engineering_pipeline to None, run_after=None
[2026-07-22T09:11:15.006+0000] {processor.py:208} INFO - Processing /opt/airflow/dags/olist_pipeline.py took 0.864 seconds
[2026-07-22T09:11:45.383+0000] {processor.py:186} INFO - Started process (PID=1677) to work on /opt/airflow/dags/olist_pipeline.py
[2026-07-22T09:11:45.384+0000] {processor.py:914} INFO - Processing file /opt/airflow/dags/olist_pipeline.py for tasks to queue
[2026-07-22T09:11:45.386+0000] {logging_mixin.py:190} INFO - [2026-07-22T09:11:45.386+0000] {dagbag.py:588} INFO - Filling up the DagBag from /opt/airflow/dags/olist_pipeline.py
[2026-07-22T09:11:46.252+0000] {processor.py:925} INFO - DAG(s) 'olist_gcp_data_engineering_pipeline' retrieved from /opt/airflow/dags/olist_pipeline.py
[2026-07-22T09:11:46.277+0000] {logging_mixin.py:190} INFO - [2026-07-22T09:11:46.277+0000] {dag.py:3239} INFO - Sync 1 DAGs
[2026-07-22T09:11:46.287+0000] {logging_mixin.py:190} INFO - [2026-07-22T09:11:46.287+0000] {dag.py:4180} INFO - Setting next_dagrun for olist_gcp_data_engineering_pipeline to None, run_after=None
[2026-07-22T09:11:46.298+0000] {processor.py:208} INFO - Processing /opt/airflow/dags/olist_pipeline.py took 0.922 seconds
[2026-07-22T09:12:16.674+0000] {processor.py:186} INFO - Started process (PID=1689) to work on /opt/airflow/dags/olist_pipeline.py
[2026-07-22T09:12:16.675+0000] {processor.py:914} INFO - Processing file /opt/airflow/dags/olist_pipeline.py for tasks to queue
[2026-07-22T09:12:16.677+0000] {logging_mixin.py:190} INFO - [2026-07-22T09:12:16.677+0000] {dagbag.py:588} INFO - Filling up the DagBag from /opt/airflow/dags/olist_pipeline.py
[2026-07-22T09:12:17.448+0000] {processor.py:925} INFO - DAG(s) 'olist_gcp_data_engineering_pipeline' retrieved from /opt/airflow/dags/olist_pipeline.py
[2026-07-22T09:12:17.466+0000] {logging_mixin.py:190} INFO - [2026-07-22T09:12:17.466+0000] {dag.py:3239} INFO - Sync 1 DAGs
[2026-07-22T09:12:17.474+0000] {logging_mixin.py:190} INFO - [2026-07-22T09:12:17.474+0000] {dag.py:4180} INFO - Setting next_dagrun for olist_gcp_data_engineering_pipeline to None, run_after=None
[2026-07-22T09:12:17.485+0000] {processor.py:208} INFO - Processing /opt/airflow/dags/olist_pipeline.py took 0.817 seconds
[2026-07-22T09:12:47.847+0000] {processor.py:186} INFO - Started process (PID=1701) to work on /opt/airflow/dags/olist_pipeline.py
[2026-07-22T09:12:47.848+0000] {processor.py:914} INFO - Processing file /opt/airflow/dags/olist_pipeline.py for tasks to queue
[2026-07-22T09:12:47.850+0000] {logging_mixin.py:190} INFO - [2026-07-22T09:12:47.850+0000] {dagbag.py:588} INFO - Filling up the DagBag from /opt/airflow/dags/olist_pipeline.py
[2026-07-22T09:12:48.635+0000] {processor.py:925} INFO - DAG(s) 'olist_gcp_data_engineering_pipeline' retrieved from /opt/airflow/dags/olist_pipeline.py
[2026-07-22T09:12:48.652+0000] {logging_mixin.py:190} INFO - [2026-07-22T09:12:48.652+0000] {dag.py:3239} INFO - Sync 1 DAGs
[2026-07-22T09:12:48.661+0000] {logging_mixin.py:190} INFO - [2026-07-22T09:12:48.660+0000] {dag.py:4180} INFO - Setting next_dagrun for olist_gcp_data_engineering_pipeline to None, run_after=None
[2026-07-22T09:12:48.670+0000] {processor.py:208} INFO - Processing /opt/airflow/dags/olist_pipeline.py took 0.832 seconds
[2026-07-22T09:13:18.841+0000] {processor.py:186} INFO - Started process (PID=1719) to work on /opt/airflow/dags/olist_pipeline.py
[2026-07-22T09:13:18.842+0000] {processor.py:914} INFO - Processing file /opt/airflow/dags/olist_pipeline.py for tasks to queue
[2026-07-22T09:13:18.845+0000] {logging_mixin.py:190} INFO - [2026-07-22T09:13:18.844+0000] {dagbag.py:588} INFO - Filling up the DagBag from /opt/airflow/dags/olist_pipeline.py
[2026-07-22T09:13:19.644+0000] {processor.py:925} INFO - DAG(s) 'olist_gcp_data_engineering_pipeline' retrieved from /opt/airflow/dags/olist_pipeline.py
[2026-07-22T09:13:19.665+0000] {logging_mixin.py:190} INFO - [2026-07-22T09:13:19.665+0000] {dag.py:3239} INFO - Sync 1 DAGs
[2026-07-22T09:13:19.675+0000] {logging_mixin.py:190} INFO - [2026-07-22T09:13:19.675+0000] {dag.py:4180} INFO - Setting next_dagrun for olist_gcp_data_engineering_pipeline to None, run_after=None
[2026-07-22T09:13:19.686+0000] {processor.py:208} INFO - Processing /opt/airflow/dags/olist_pipeline.py took 0.852 seconds
[2026-07-22T09:13:50.048+0000] {processor.py:186} INFO - Started process (PID=1731) to work on /opt/airflow/dags/olist_pipeline.py
[2026-07-22T09:13:50.048+0000] {processor.py:914} INFO - Processing file /opt/airflow/dags/olist_pipeline.py for tasks to queue
[2026-07-22T09:13:50.050+0000] {logging_mixin.py:190} INFO - [2026-07-22T09:13:50.050+0000] {dagbag.py:588} INFO - Filling up the DagBag from /opt/airflow/dags/olist_pipeline.py
[2026-07-22T09:13:50.899+0000] {processor.py:925} INFO - DAG(s) 'olist_gcp_data_engineering_pipeline' retrieved from /opt/airflow/dags/olist_pipeline.py
[2026-07-22T09:13:50.918+0000] {logging_mixin.py:190} INFO - [2026-07-22T09:13:50.918+0000] {dag.py:3239} INFO - Sync 1 DAGs
[2026-07-22T09:13:50.926+0000] {logging_mixin.py:190} INFO - [2026-07-22T09:13:50.925+0000] {dag.py:4180} INFO - Setting next_dagrun for olist_gcp_data_engineering_pipeline to None, run_after=None
[2026-07-22T09:13:50.935+0000] {processor.py:208} INFO - Processing /opt/airflow/dags/olist_pipeline.py took 0.895 seconds
[2026-07-22T09:14:21.323+0000] {processor.py:186} INFO - Started process (PID=1743) to work on /opt/airflow/dags/olist_pipeline.py
[2026-07-22T09:14:21.324+0000] {processor.py:914} INFO - Processing file /opt/airflow/dags/olist_pipeline.py for tasks to queue
[2026-07-22T09:14:21.327+0000] {logging_mixin.py:190} INFO - [2026-07-22T09:14:21.327+0000] {dagbag.py:588} INFO - Filling up the DagBag from /opt/airflow/dags/olist_pipeline.py
[2026-07-22T09:14:22.104+0000] {processor.py:925} INFO - DAG(s) 'olist_gcp_data_engineering_pipeline' retrieved from /opt/airflow/dags/olist_pipeline.py
[2026-07-22T09:14:22.125+0000] {logging_mixin.py:190} INFO - [2026-07-22T09:14:22.124+0000] {dag.py:3239} INFO - Sync 1 DAGs
[2026-07-22T09:14:22.132+0000] {logging_mixin.py:190} INFO - [2026-07-22T09:14:22.132+0000] {dag.py:4180} INFO - Setting next_dagrun for olist_gcp_data_engineering_pipeline to None, run_after=None
[2026-07-22T09:14:22.141+0000] {processor.py:208} INFO - Processing /opt/airflow/dags/olist_pipeline.py took 0.823 seconds
[2026-07-22T09:14:52.522+0000] {processor.py:186} INFO - Started process (PID=1756) to work on /opt/airflow/dags/olist_pipeline.py
[2026-07-22T09:14:52.523+0000] {processor.py:914} INFO - Processing file /opt/airflow/dags/olist_pipeline.py for tasks to queue
[2026-07-22T09:14:52.525+0000] {logging_mixin.py:190} INFO - [2026-07-22T09:14:52.525+0000] {dagbag.py:588} INFO - Filling up the DagBag from /opt/airflow/dags/olist_pipeline.py
[2026-07-22T09:14:53.316+0000] {processor.py:925} INFO - DAG(s) 'olist_gcp_data_engineering_pipeline' retrieved from /opt/airflow/dags/olist_pipeline.py
[2026-07-22T09:14:53.335+0000] {logging_mixin.py:190} INFO - [2026-07-22T09:14:53.334+0000] {dag.py:3239} INFO - Sync 1 DAGs
[2026-07-22T09:14:53.342+0000] {logging_mixin.py:190} INFO - [2026-07-22T09:14:53.342+0000] {dag.py:4180} INFO - Setting next_dagrun for olist_gcp_data_engineering_pipeline to None, run_after=None
[2026-07-22T09:14:53.352+0000] {processor.py:208} INFO - Processing /opt/airflow/dags/olist_pipeline.py took 0.837 seconds
[2026-07-22T09:15:23.704+0000] {processor.py:186} INFO - Started process (PID=1768) to work on /opt/airflow/dags/olist_pipeline.py
[2026-07-22T09:15:23.705+0000] {processor.py:914} INFO - Processing file /opt/airflow/dags/olist_pipeline.py for tasks to queue
[2026-07-22T09:15:23.707+0000] {logging_mixin.py:190} INFO - [2026-07-22T09:15:23.706+0000] {dagbag.py:588} INFO - Filling up the DagBag from /opt/airflow/dags/olist_pipeline.py
[2026-07-22T09:15:24.506+0000] {processor.py:925} INFO - DAG(s) 'olist_gcp_data_engineering_pipeline' retrieved from /opt/airflow/dags/olist_pipeline.py
[2026-07-22T09:15:24.525+0000] {logging_mixin.py:190} INFO - [2026-07-22T09:15:24.525+0000] {dag.py:3239} INFO - Sync 1 DAGs
[2026-07-22T09:15:24.533+0000] {logging_mixin.py:190} INFO - [2026-07-22T09:15:24.533+0000] {dag.py:4180} INFO - Setting next_dagrun for olist_gcp_data_engineering_pipeline to None, run_after=None
[2026-07-22T09:15:24.543+0000] {processor.py:208} INFO - Processing /opt/airflow/dags/olist_pipeline.py took 0.845 seconds
[2026-07-22T09:15:54.614+0000] {processor.py:186} INFO - Started process (PID=1780) to work on /opt/airflow/dags/olist_pipeline.py
[2026-07-22T09:15:54.615+0000] {processor.py:914} INFO - Processing file /opt/airflow/dags/olist_pipeline.py for tasks to queue
[2026-07-22T09:15:54.617+0000] {logging_mixin.py:190} INFO - [2026-07-22T09:15:54.617+0000] {dagbag.py:588} INFO - Filling up the DagBag from /opt/airflow/dags/olist_pipeline.py
[2026-07-22T09:15:55.402+0000] {processor.py:925} INFO - DAG(s) 'olist_gcp_data_engineering_pipeline' retrieved from /opt/airflow/dags/olist_pipeline.py
[2026-07-22T09:15:55.422+0000] {logging_mixin.py:190} INFO - [2026-07-22T09:15:55.422+0000] {dag.py:3239} INFO - Sync 1 DAGs
[2026-07-22T09:15:55.431+0000] {logging_mixin.py:190} INFO - [2026-07-22T09:15:55.431+0000] {dag.py:4180} INFO - Setting next_dagrun for olist_gcp_data_engineering_pipeline to None, run_after=None
[2026-07-22T09:15:55.441+0000] {processor.py:208} INFO - Processing /opt/airflow/dags/olist_pipeline.py took 0.834 seconds
[2026-07-22T09:16:25.810+0000] {processor.py:186} INFO - Started process (PID=1792) to work on /opt/airflow/dags/olist_pipeline.py
[2026-07-22T09:16:25.811+0000] {processor.py:914} INFO - Processing file /opt/airflow/dags/olist_pipeline.py for tasks to queue
[2026-07-22T09:16:25.813+0000] {logging_mixin.py:190} INFO - [2026-07-22T09:16:25.813+0000] {dagbag.py:588} INFO - Filling up the DagBag from /opt/airflow/dags/olist_pipeline.py
[2026-07-22T09:16:26.566+0000] {processor.py:925} INFO - DAG(s) 'olist_gcp_data_engineering_pipeline' retrieved from /opt/airflow/dags/olist_pipeline.py
[2026-07-22T09:16:26.588+0000] {logging_mixin.py:190} INFO - [2026-07-22T09:16:26.588+0000] {dag.py:3239} INFO - Sync 1 DAGs
[2026-07-22T09:16:26.597+0000] {logging_mixin.py:190} INFO - [2026-07-22T09:16:26.597+0000] {dag.py:4180} INFO - Setting next_dagrun for olist_gcp_data_engineering_pipeline to None, run_after=None
[2026-07-22T09:16:26.608+0000] {processor.py:208} INFO - Processing /opt/airflow/dags/olist_pipeline.py took 0.804 seconds
[2026-07-22T09:16:56.993+0000] {processor.py:186} INFO - Started process (PID=1804) to work on /opt/airflow/dags/olist_pipeline.py
[2026-07-22T09:16:56.994+0000] {processor.py:914} INFO - Processing file /opt/airflow/dags/olist_pipeline.py for tasks to queue
[2026-07-22T09:16:56.996+0000] {logging_mixin.py:190} INFO - [2026-07-22T09:16:56.995+0000] {dagbag.py:588} INFO - Filling up the DagBag from /opt/airflow/dags/olist_pipeline.py
[2026-07-22T09:16:57.741+0000] {processor.py:925} INFO - DAG(s) 'olist_gcp_data_engineering_pipeline' retrieved from /opt/airflow/dags/olist_pipeline.py
[2026-07-22T09:16:57.760+0000] {logging_mixin.py:190} INFO - [2026-07-22T09:16:57.759+0000] {dag.py:3239} INFO - Sync 1 DAGs
[2026-07-22T09:16:57.767+0000] {logging_mixin.py:190} INFO - [2026-07-22T09:16:57.767+0000] {dag.py:4180} INFO - Setting next_dagrun for olist_gcp_data_engineering_pipeline to None, run_after=None
[2026-07-22T09:16:57.776+0000] {processor.py:208} INFO - Processing /opt/airflow/dags/olist_pipeline.py took 0.790 seconds
[2026-07-22T09:17:27.876+0000] {processor.py:186} INFO - Started process (PID=1816) to work on /opt/airflow/dags/olist_pipeline.py
[2026-07-22T09:17:27.877+0000] {processor.py:914} INFO - Processing file /opt/airflow/dags/olist_pipeline.py for tasks to queue
[2026-07-22T09:17:27.879+0000] {logging_mixin.py:190} INFO - [2026-07-22T09:17:27.878+0000] {dagbag.py:588} INFO - Filling up the DagBag from /opt/airflow/dags/olist_pipeline.py
[2026-07-22T09:17:28.708+0000] {processor.py:925} INFO - DAG(s) 'olist_gcp_data_engineering_pipeline' retrieved from /opt/airflow/dags/olist_pipeline.py
[2026-07-22T09:17:28.729+0000] {logging_mixin.py:190} INFO - [2026-07-22T09:17:28.729+0000] {dag.py:3239} INFO - Sync 1 DAGs
[2026-07-22T09:17:28.738+0000] {logging_mixin.py:190} INFO - [2026-07-22T09:17:28.738+0000] {dag.py:4180} INFO - Setting next_dagrun for olist_gcp_data_engineering_pipeline to None, run_after=None
[2026-07-22T09:17:28.749+0000] {processor.py:208} INFO - Processing /opt/airflow/dags/olist_pipeline.py took 0.879 seconds
[2026-07-22T09:17:59.106+0000] {processor.py:186} INFO - Started process (PID=1828) to work on /opt/airflow/dags/olist_pipeline.py
[2026-07-22T09:17:59.107+0000] {processor.py:914} INFO - Processing file /opt/airflow/dags/olist_pipeline.py for tasks to queue
[2026-07-22T09:17:59.109+0000] {logging_mixin.py:190} INFO - [2026-07-22T09:17:59.109+0000] {dagbag.py:588} INFO - Filling up the DagBag from /opt/airflow/dags/olist_pipeline.py
[2026-07-22T09:17:59.919+0000] {processor.py:925} INFO - DAG(s) 'olist_gcp_data_engineering_pipeline' retrieved from /opt/airflow/dags/olist_pipeline.py
[2026-07-22T09:17:59.937+0000] {logging_mixin.py:190} INFO - [2026-07-22T09:17:59.937+0000] {dag.py:3239} INFO - Sync 1 DAGs
[2026-07-22T09:17:59.945+0000] {logging_mixin.py:190} INFO - [2026-07-22T09:17:59.944+0000] {dag.py:4180} INFO - Setting next_dagrun for olist_gcp_data_engineering_pipeline to None, run_after=None
[2026-07-22T09:17:59.955+0000] {processor.py:208} INFO - Processing /opt/airflow/dags/olist_pipeline.py took 0.856 seconds
[2026-07-22T09:18:30.333+0000] {processor.py:186} INFO - Started process (PID=1840) to work on /opt/airflow/dags/olist_pipeline.py
[2026-07-22T09:18:30.334+0000] {processor.py:914} INFO - Processing file /opt/airflow/dags/olist_pipeline.py for tasks to queue
[2026-07-22T09:18:30.337+0000] {logging_mixin.py:190} INFO - [2026-07-22T09:18:30.337+0000] {dagbag.py:588} INFO - Filling up the DagBag from /opt/airflow/dags/olist_pipeline.py
[2026-07-22T09:18:31.442+0000] {processor.py:925} INFO - DAG(s) 'olist_gcp_data_engineering_pipeline' retrieved from /opt/airflow/dags/olist_pipeline.py
[2026-07-22T09:18:31.475+0000] {logging_mixin.py:190} INFO - [2026-07-22T09:18:31.475+0000] {dag.py:3239} INFO - Sync 1 DAGs
[2026-07-22T09:18:31.487+0000] {logging_mixin.py:190} INFO - [2026-07-22T09:18:31.486+0000] {dag.py:4180} INFO - Setting next_dagrun for olist_gcp_data_engineering_pipeline to None, run_after=None
[2026-07-22T09:18:31.501+0000] {processor.py:208} INFO - Processing /opt/airflow/dags/olist_pipeline.py took 1.178 seconds
[2026-07-22T09:19:01.678+0000] {processor.py:186} INFO - Started process (PID=1852) to work on /opt/airflow/dags/olist_pipeline.py
[2026-07-22T09:19:01.679+0000] {processor.py:914} INFO - Processing file /opt/airflow/dags/olist_pipeline.py for tasks to queue
[2026-07-22T09:19:01.680+0000] {logging_mixin.py:190} INFO - [2026-07-22T09:19:01.680+0000] {dagbag.py:588} INFO - Filling up the DagBag from /opt/airflow/dags/olist_pipeline.py
[2026-07-22T09:19:02.459+0000] {processor.py:925} INFO - DAG(s) 'olist_gcp_data_engineering_pipeline' retrieved from /opt/airflow/dags/olist_pipeline.py
[2026-07-22T09:19:02.478+0000] {logging_mixin.py:190} INFO - [2026-07-22T09:19:02.478+0000] {dag.py:3239} INFO - Sync 1 DAGs
[2026-07-22T09:19:02.485+0000] {logging_mixin.py:190} INFO - [2026-07-22T09:19:02.485+0000] {dag.py:4180} INFO - Setting next_dagrun for olist_gcp_data_engineering_pipeline to None, run_after=None
[2026-07-22T09:19:02.495+0000] {processor.py:208} INFO - Processing /opt/airflow/dags/olist_pipeline.py took 0.821 seconds
[2026-07-22T09:19:32.861+0000] {processor.py:186} INFO - Started process (PID=1864) to work on /opt/airflow/dags/olist_pipeline.py
[2026-07-22T09:19:32.862+0000] {processor.py:914} INFO - Processing file /opt/airflow/dags/olist_pipeline.py for tasks to queue
[2026-07-22T09:19:32.863+0000] {logging_mixin.py:190} INFO - [2026-07-22T09:19:32.863+0000] {dagbag.py:588} INFO - Filling up the DagBag from /opt/airflow/dags/olist_pipeline.py
[2026-07-22T09:19:33.628+0000] {processor.py:925} INFO - DAG(s) 'olist_gcp_data_engineering_pipeline' retrieved from /opt/airflow/dags/olist_pipeline.py
[2026-07-22T09:19:33.645+0000] {logging_mixin.py:190} INFO - [2026-07-22T09:19:33.644+0000] {dag.py:3239} INFO - Sync 1 DAGs
[2026-07-22T09:19:33.652+0000] {logging_mixin.py:190} INFO - [2026-07-22T09:19:33.652+0000] {dag.py:4180} INFO - Setting next_dagrun for olist_gcp_data_engineering_pipeline to None, run_after=None
[2026-07-22T09:19:33.662+0000] {processor.py:208} INFO - Processing /opt/airflow/dags/olist_pipeline.py took 0.806 seconds
[2026-07-22T09:20:04.019+0000] {processor.py:186} INFO - Started process (PID=1876) to work on /opt/airflow/dags/olist_pipeline.py
[2026-07-22T09:20:04.020+0000] {processor.py:914} INFO - Processing file /opt/airflow/dags/olist_pipeline.py for tasks to queue
[2026-07-22T09:20:04.023+0000] {logging_mixin.py:190} INFO - [2026-07-22T09:20:04.023+0000] {dagbag.py:588} INFO - Filling up the DagBag from /opt/airflow/dags/olist_pipeline.py
[2026-07-22T09:20:05.093+0000] {processor.py:925} INFO - DAG(s) 'olist_gcp_data_engineering_pipeline' retrieved from /opt/airflow/dags/olist_pipeline.py
[2026-07-22T09:20:05.117+0000] {logging_mixin.py:190} INFO - [2026-07-22T09:20:05.117+0000] {dag.py:3239} INFO - Sync 1 DAGs
[2026-07-22T09:20:05.127+0000] {logging_mixin.py:190} INFO - [2026-07-22T09:20:05.127+0000] {dag.py:4180} INFO - Setting next_dagrun for olist_gcp_data_engineering_pipeline to None, run_after=None
[2026-07-22T09:20:05.140+0000] {processor.py:208} INFO - Processing /opt/airflow/dags/olist_pipeline.py took 1.130 seconds
[2026-07-22T09:20:35.335+0000] {processor.py:186} INFO - Started process (PID=1888) to work on /opt/airflow/dags/olist_pipeline.py
[2026-07-22T09:20:35.335+0000] {processor.py:914} INFO - Processing file /opt/airflow/dags/olist_pipeline.py for tasks to queue
[2026-07-22T09:20:35.337+0000] {logging_mixin.py:190} INFO - [2026-07-22T09:20:35.337+0000] {dagbag.py:588} INFO - Filling up the DagBag from /opt/airflow/dags/olist_pipeline.py
[2026-07-22T09:20:36.124+0000] {processor.py:925} INFO - DAG(s) 'olist_gcp_data_engineering_pipeline' retrieved from /opt/airflow/dags/olist_pipeline.py
[2026-07-22T09:20:36.141+0000] {logging_mixin.py:190} INFO - [2026-07-22T09:20:36.141+0000] {dag.py:3239} INFO - Sync 1 DAGs
[2026-07-22T09:20:36.149+0000] {logging_mixin.py:190} INFO - [2026-07-22T09:20:36.149+0000] {dag.py:4180} INFO - Setting next_dagrun for olist_gcp_data_engineering_pipeline to None, run_after=None
[2026-07-22T09:20:36.160+0000] {processor.py:208} INFO - Processing /opt/airflow/dags/olist_pipeline.py took 0.832 seconds
[2026-07-22T09:21:06.535+0000] {processor.py:186} INFO - Started process (PID=1900) to work on /opt/airflow/dags/olist_pipeline.py
[2026-07-22T09:21:06.536+0000] {processor.py:914} INFO - Processing file /opt/airflow/dags/olist_pipeline.py for tasks to queue
[2026-07-22T09:21:06.539+0000] {logging_mixin.py:190} INFO - [2026-07-22T09:21:06.539+0000] {dagbag.py:588} INFO - Filling up the DagBag from /opt/airflow/dags/olist_pipeline.py
[2026-07-22T09:21:07.384+0000] {processor.py:925} INFO - DAG(s) 'olist_gcp_data_engineering_pipeline' retrieved from /opt/airflow/dags/olist_pipeline.py
[2026-07-22T09:21:07.404+0000] {logging_mixin.py:190} INFO - [2026-07-22T09:21:07.404+0000] {dag.py:3239} INFO - Sync 1 DAGs
[2026-07-22T09:21:07.413+0000] {logging_mixin.py:190} INFO - [2026-07-22T09:21:07.413+0000] {dag.py:4180} INFO - Setting next_dagrun for olist_gcp_data_engineering_pipeline to None, run_after=None
[2026-07-22T09:21:07.423+0000] {processor.py:208} INFO - Processing /opt/airflow/dags/olist_pipeline.py took 0.896 seconds
[2026-07-22T09:21:37.798+0000] {processor.py:186} INFO - Started process (PID=1912) to work on /opt/airflow/dags/olist_pipeline.py
[2026-07-22T09:21:37.799+0000] {processor.py:914} INFO - Processing file /opt/airflow/dags/olist_pipeline.py for tasks to queue
[2026-07-22T09:21:37.802+0000] {logging_mixin.py:190} INFO - [2026-07-22T09:21:37.802+0000] {dagbag.py:588} INFO - Filling up the DagBag from /opt/airflow/dags/olist_pipeline.py
[2026-07-22T09:21:38.708+0000] {processor.py:925} INFO - DAG(s) 'olist_gcp_data_engineering_pipeline' retrieved from /opt/airflow/dags/olist_pipeline.py
[2026-07-22T09:21:38.728+0000] {logging_mixin.py:190} INFO - [2026-07-22T09:21:38.727+0000] {dag.py:3239} INFO - Sync 1 DAGs
[2026-07-22T09:21:38.736+0000] {logging_mixin.py:190} INFO - [2026-07-22T09:21:38.735+0000] {dag.py:4180} INFO - Setting next_dagrun for olist_gcp_data_engineering_pipeline to None, run_after=None
[2026-07-22T09:21:38.746+0000] {processor.py:208} INFO - Processing /opt/airflow/dags/olist_pipeline.py took 0.956 seconds
[2026-07-22T09:22:09.081+0000] {processor.py:186} INFO - Started process (PID=1924) to work on /opt/airflow/dags/olist_pipeline.py
[2026-07-22T09:22:09.082+0000] {processor.py:914} INFO - Processing file /opt/airflow/dags/olist_pipeline.py for tasks to queue
[2026-07-22T09:22:09.085+0000] {logging_mixin.py:190} INFO - [2026-07-22T09:22:09.084+0000] {dagbag.py:588} INFO - Filling up the DagBag from /opt/airflow/dags/olist_pipeline.py
[2026-07-22T09:22:09.936+0000] {processor.py:925} INFO - DAG(s) 'olist_gcp_data_engineering_pipeline' retrieved from /opt/airflow/dags/olist_pipeline.py
[2026-07-22T09:22:09.955+0000] {logging_mixin.py:190} INFO - [2026-07-22T09:22:09.955+0000] {dag.py:3239} INFO - Sync 1 DAGs
[2026-07-22T09:22:09.964+0000] {logging_mixin.py:190} INFO - [2026-07-22T09:22:09.963+0000] {dag.py:4180} INFO - Setting next_dagrun for olist_gcp_data_engineering_pipeline to None, run_after=None
[2026-07-22T09:22:09.973+0000] {processor.py:208} INFO - Processing /opt/airflow/dags/olist_pipeline.py took 0.900 seconds
[2026-07-22T09:22:40.345+0000] {processor.py:186} INFO - Started process (PID=1936) to work on /opt/airflow/dags/olist_pipeline.py
[2026-07-22T09:22:40.346+0000] {processor.py:914} INFO - Processing file /opt/airflow/dags/olist_pipeline.py for tasks to queue
[2026-07-22T09:22:40.348+0000] {logging_mixin.py:190} INFO - [2026-07-22T09:22:40.348+0000] {dagbag.py:588} INFO - Filling up the DagBag from /opt/airflow/dags/olist_pipeline.py
[2026-07-22T09:22:41.187+0000] {processor.py:925} INFO - DAG(s) 'olist_gcp_data_engineering_pipeline' retrieved from /opt/airflow/dags/olist_pipeline.py
[2026-07-22T09:22:41.206+0000] {logging_mixin.py:190} INFO - [2026-07-22T09:22:41.205+0000] {dag.py:3239} INFO - Sync 1 DAGs
[2026-07-22T09:22:41.213+0000] {logging_mixin.py:190} INFO - [2026-07-22T09:22:41.213+0000] {dag.py:4180} INFO - Setting next_dagrun for olist_gcp_data_engineering_pipeline to None, run_after=None
[2026-07-22T09:22:41.223+0000] {processor.py:208} INFO - Processing /opt/airflow/dags/olist_pipeline.py took 0.886 seconds
[2026-07-22T09:23:11.591+0000] {processor.py:186} INFO - Started process (PID=1948) to work on /opt/airflow/dags/olist_pipeline.py
[2026-07-22T09:23:11.593+0000] {processor.py:914} INFO - Processing file /opt/airflow/dags/olist_pipeline.py for tasks to queue
[2026-07-22T09:23:11.596+0000] {logging_mixin.py:190} INFO - [2026-07-22T09:23:11.595+0000] {dagbag.py:588} INFO - Filling up the DagBag from /opt/airflow/dags/olist_pipeline.py
[2026-07-22T09:23:12.648+0000] {processor.py:925} INFO - DAG(s) 'olist_gcp_data_engineering_pipeline' retrieved from /opt/airflow/dags/olist_pipeline.py
[2026-07-22T09:23:12.670+0000] {logging_mixin.py:190} INFO - [2026-07-22T09:23:12.670+0000] {dag.py:3239} INFO - Sync 1 DAGs
[2026-07-22T09:23:12.679+0000] {logging_mixin.py:190} INFO - [2026-07-22T09:23:12.679+0000] {dag.py:4180} INFO - Setting next_dagrun for olist_gcp_data_engineering_pipeline to None, run_after=None
[2026-07-22T09:23:12.690+0000] {processor.py:208} INFO - Processing /opt/airflow/dags/olist_pipeline.py took 1.108 seconds
[2026-07-22T09:23:42.902+0000] {processor.py:186} INFO - Started process (PID=1960) to work on /opt/airflow/dags/olist_pipeline.py
[2026-07-22T09:23:42.903+0000] {processor.py:914} INFO - Processing file /opt/airflow/dags/olist_pipeline.py for tasks to queue
[2026-07-22T09:23:42.904+0000] {logging_mixin.py:190} INFO - [2026-07-22T09:23:42.904+0000] {dagbag.py:588} INFO - Filling up the DagBag from /opt/airflow/dags/olist_pipeline.py
[2026-07-22T09:23:43.664+0000] {processor.py:925} INFO - DAG(s) 'olist_gcp_data_engineering_pipeline' retrieved from /opt/airflow/dags/olist_pipeline.py
[2026-07-22T09:23:43.681+0000] {logging_mixin.py:190} INFO - [2026-07-22T09:23:43.681+0000] {dag.py:3239} INFO - Sync 1 DAGs
[2026-07-22T09:23:43.689+0000] {logging_mixin.py:190} INFO - [2026-07-22T09:23:43.689+0000] {dag.py:4180} INFO - Setting next_dagrun for olist_gcp_data_engineering_pipeline to None, run_after=None
[2026-07-22T09:23:43.699+0000] {processor.py:208} INFO - Processing /opt/airflow/dags/olist_pipeline.py took 0.801 seconds
[2026-07-22T09:24:13.978+0000] {processor.py:186} INFO - Started process (PID=1972) to work on /opt/airflow/dags/olist_pipeline.py
[2026-07-22T09:24:13.979+0000] {processor.py:914} INFO - Processing file /opt/airflow/dags/olist_pipeline.py for tasks to queue
[2026-07-22T09:24:13.982+0000] {logging_mixin.py:190} INFO - [2026-07-22T09:24:13.981+0000] {dagbag.py:588} INFO - Filling up the DagBag from /opt/airflow/dags/olist_pipeline.py
[2026-07-22T09:24:14.792+0000] {processor.py:925} INFO - DAG(s) 'olist_gcp_data_engineering_pipeline' retrieved from /opt/airflow/dags/olist_pipeline.py
[2026-07-22T09:24:14.813+0000] {logging_mixin.py:190} INFO - [2026-07-22T09:24:14.813+0000] {dag.py:3239} INFO - Sync 1 DAGs
[2026-07-22T09:24:14.823+0000] {logging_mixin.py:190} INFO - [2026-07-22T09:24:14.823+0000] {dag.py:4180} INFO - Setting next_dagrun for olist_gcp_data_engineering_pipeline to None, run_after=None
[2026-07-22T09:24:14.834+0000] {processor.py:208} INFO - Processing /opt/airflow/dags/olist_pipeline.py took 0.864 seconds
[2026-07-22T09:24:45.193+0000] {processor.py:186} INFO - Started process (PID=1984) to work on /opt/airflow/dags/olist_pipeline.py
[2026-07-22T09:24:45.195+0000] {processor.py:914} INFO - Processing file /opt/airflow/dags/olist_pipeline.py for tasks to queue
[2026-07-22T09:24:45.198+0000] {logging_mixin.py:190} INFO - [2026-07-22T09:24:45.197+0000] {dagbag.py:588} INFO - Filling up the DagBag from /opt/airflow/dags/olist_pipeline.py
[2026-07-22T09:24:46.063+0000] {processor.py:925} INFO - DAG(s) 'olist_gcp_data_engineering_pipeline' retrieved from /opt/airflow/dags/olist_pipeline.py
[2026-07-22T09:24:46.085+0000] {logging_mixin.py:190} INFO - [2026-07-22T09:24:46.085+0000] {dag.py:3239} INFO - Sync 1 DAGs
[2026-07-22T09:24:46.094+0000] {logging_mixin.py:190} INFO - [2026-07-22T09:24:46.094+0000] {dag.py:4180} INFO - Setting next_dagrun for olist_gcp_data_engineering_pipeline to None, run_after=None
[2026-07-22T09:24:46.104+0000] {processor.py:208} INFO - Processing /opt/airflow/dags/olist_pipeline.py took 0.921 seconds
[2026-07-22T09:25:16.426+0000] {processor.py:186} INFO - Started process (PID=1996) to work on /opt/airflow/dags/olist_pipeline.py
[2026-07-22T09:25:16.426+0000] {processor.py:914} INFO - Processing file /opt/airflow/dags/olist_pipeline.py for tasks to queue
[2026-07-22T09:25:16.428+0000] {logging_mixin.py:190} INFO - [2026-07-22T09:25:16.428+0000] {dagbag.py:588} INFO - Filling up the DagBag from /opt/airflow/dags/olist_pipeline.py
[2026-07-22T09:25:17.414+0000] {processor.py:925} INFO - DAG(s) 'olist_gcp_data_engineering_pipeline' retrieved from /opt/airflow/dags/olist_pipeline.py
[2026-07-22T09:25:17.436+0000] {logging_mixin.py:190} INFO - [2026-07-22T09:25:17.436+0000] {dag.py:3239} INFO - Sync 1 DAGs
[2026-07-22T09:25:17.445+0000] {logging_mixin.py:190} INFO - [2026-07-22T09:25:17.445+0000] {dag.py:4180} INFO - Setting next_dagrun for olist_gcp_data_engineering_pipeline to None, run_after=None
[2026-07-22T09:25:17.456+0000] {processor.py:208} INFO - Processing /opt/airflow/dags/olist_pipeline.py took 1.037 seconds
[2026-07-22T09:25:47.772+0000] {processor.py:186} INFO - Started process (PID=2008) to work on /opt/airflow/dags/olist_pipeline.py
[2026-07-22T09:25:47.773+0000] {processor.py:914} INFO - Processing file /opt/airflow/dags/olist_pipeline.py for tasks to queue
[2026-07-22T09:25:47.775+0000] {logging_mixin.py:190} INFO - [2026-07-22T09:25:47.775+0000] {dagbag.py:588} INFO - Filling up the DagBag from /opt/airflow/dags/olist_pipeline.py
[2026-07-22T09:25:48.656+0000] {processor.py:925} INFO - DAG(s) 'olist_gcp_data_engineering_pipeline' retrieved from /opt/airflow/dags/olist_pipeline.py
[2026-07-22T09:25:48.675+0000] {logging_mixin.py:190} INFO - [2026-07-22T09:25:48.675+0000] {dag.py:3239} INFO - Sync 1 DAGs
[2026-07-22T09:25:48.683+0000] {logging_mixin.py:190} INFO - [2026-07-22T09:25:48.683+0000] {dag.py:4180} INFO - Setting next_dagrun for olist_gcp_data_engineering_pipeline to None, run_after=None
[2026-07-22T09:25:48.694+0000] {processor.py:208} INFO - Processing /opt/airflow/dags/olist_pipeline.py took 0.927 seconds
[2026-07-22T09:26:19.017+0000] {processor.py:186} INFO - Started process (PID=2020) to work on /opt/airflow/dags/olist_pipeline.py
[2026-07-22T09:26:19.018+0000] {processor.py:914} INFO - Processing file /opt/airflow/dags/olist_pipeline.py for tasks to queue
[2026-07-22T09:26:19.020+0000] {logging_mixin.py:190} INFO - [2026-07-22T09:26:19.020+0000] {dagbag.py:588} INFO - Filling up the DagBag from /opt/airflow/dags/olist_pipeline.py
[2026-07-22T09:26:19.946+0000] {processor.py:925} INFO - DAG(s) 'olist_gcp_data_engineering_pipeline' retrieved from /opt/airflow/dags/olist_pipeline.py
[2026-07-22T09:26:19.966+0000] {logging_mixin.py:190} INFO - [2026-07-22T09:26:19.965+0000] {dag.py:3239} INFO - Sync 1 DAGs
[2026-07-22T09:26:19.974+0000] {logging_mixin.py:190} INFO - [2026-07-22T09:26:19.973+0000] {dag.py:4180} INFO - Setting next_dagrun for olist_gcp_data_engineering_pipeline to None, run_after=None
[2026-07-22T09:26:19.984+0000] {processor.py:208} INFO - Processing /opt/airflow/dags/olist_pipeline.py took 0.973 seconds
[2026-07-22T09:26:50.409+0000] {processor.py:186} INFO - Started process (PID=2038) to work on /opt/airflow/dags/olist_pipeline.py
[2026-07-22T09:26:50.410+0000] {processor.py:914} INFO - Processing file /opt/airflow/dags/olist_pipeline.py for tasks to queue
[2026-07-22T09:26:50.412+0000] {logging_mixin.py:190} INFO - [2026-07-22T09:26:50.412+0000] {dagbag.py:588} INFO - Filling up the DagBag from /opt/airflow/dags/olist_pipeline.py
[2026-07-22T09:26:51.327+0000] {processor.py:925} INFO - DAG(s) 'olist_gcp_data_engineering_pipeline' retrieved from /opt/airflow/dags/olist_pipeline.py
[2026-07-22T09:26:51.346+0000] {logging_mixin.py:190} INFO - [2026-07-22T09:26:51.346+0000] {dag.py:3239} INFO - Sync 1 DAGs
[2026-07-22T09:26:51.356+0000] {logging_mixin.py:190} INFO - [2026-07-22T09:26:51.356+0000] {dag.py:4180} INFO - Setting next_dagrun for olist_gcp_data_engineering_pipeline to None, run_after=None
[2026-07-22T09:26:51.368+0000] {processor.py:208} INFO - Processing /opt/airflow/dags/olist_pipeline.py took 0.967 seconds
[2026-07-22T09:27:21.775+0000] {processor.py:186} INFO - Started process (PID=2050) to work on /opt/airflow/dags/olist_pipeline.py
[2026-07-22T09:27:21.776+0000] {processor.py:914} INFO - Processing file /opt/airflow/dags/olist_pipeline.py for tasks to queue
[2026-07-22T09:27:21.779+0000] {logging_mixin.py:190} INFO - [2026-07-22T09:27:21.778+0000] {dagbag.py:588} INFO - Filling up the DagBag from /opt/airflow/dags/olist_pipeline.py
[2026-07-22T09:27:22.757+0000] {processor.py:925} INFO - DAG(s) 'olist_gcp_data_engineering_pipeline' retrieved from /opt/airflow/dags/olist_pipeline.py
[2026-07-22T09:27:22.784+0000] {logging_mixin.py:190} INFO - [2026-07-22T09:27:22.784+0000] {dag.py:3239} INFO - Sync 1 DAGs
[2026-07-22T09:27:22.793+0000] {logging_mixin.py:190} INFO - [2026-07-22T09:27:22.793+0000] {dag.py:4180} INFO - Setting next_dagrun for olist_gcp_data_engineering_pipeline to None, run_after=None
[2026-07-22T09:27:22.803+0000] {processor.py:208} INFO - Processing /opt/airflow/dags/olist_pipeline.py took 1.036 seconds
[2026-07-22T09:27:53.113+0000] {processor.py:186} INFO - Started process (PID=2062) to work on /opt/airflow/dags/olist_pipeline.py
[2026-07-22T09:27:53.115+0000] {processor.py:914} INFO - Processing file /opt/airflow/dags/olist_pipeline.py for tasks to queue
[2026-07-22T09:27:53.117+0000] {logging_mixin.py:190} INFO - [2026-07-22T09:27:53.117+0000] {dagbag.py:588} INFO - Filling up the DagBag from /opt/airflow/dags/olist_pipeline.py
[2026-07-22T09:27:53.925+0000] {processor.py:925} INFO - DAG(s) 'olist_gcp_data_engineering_pipeline' retrieved from /opt/airflow/dags/olist_pipeline.py
[2026-07-22T09:27:53.948+0000] {logging_mixin.py:190} INFO - [2026-07-22T09:27:53.947+0000] {dag.py:3239} INFO - Sync 1 DAGs
[2026-07-22T09:27:53.956+0000] {logging_mixin.py:190} INFO - [2026-07-22T09:27:53.956+0000] {dag.py:4180} INFO - Setting next_dagrun for olist_gcp_data_engineering_pipeline to None, run_after=None
[2026-07-22T09:27:53.967+0000] {processor.py:208} INFO - Processing /opt/airflow/dags/olist_pipeline.py took 0.861 seconds
[2026-07-22T09:28:24.410+0000] {processor.py:186} INFO - Started process (PID=2074) to work on /opt/airflow/dags/olist_pipeline.py
[2026-07-22T09:28:24.411+0000] {processor.py:914} INFO - Processing file /opt/airflow/dags/olist_pipeline.py for tasks to queue
[2026-07-22T09:28:24.416+0000] {logging_mixin.py:190} INFO - [2026-07-22T09:28:24.415+0000] {dagbag.py:588} INFO - Filling up the DagBag from /opt/airflow/dags/olist_pipeline.py
[2026-07-22T09:28:25.188+0000] {processor.py:925} INFO - DAG(s) 'olist_gcp_data_engineering_pipeline' retrieved from /opt/airflow/dags/olist_pipeline.py
[2026-07-22T09:28:25.209+0000] {logging_mixin.py:190} INFO - [2026-07-22T09:28:25.208+0000] {dag.py:3239} INFO - Sync 1 DAGs
[2026-07-22T09:28:25.216+0000] {logging_mixin.py:190} INFO - [2026-07-22T09:28:25.216+0000] {dag.py:4180} INFO - Setting next_dagrun for olist_gcp_data_engineering_pipeline to None, run_after=None
[2026-07-22T09:28:25.225+0000] {processor.py:208} INFO - Processing /opt/airflow/dags/olist_pipeline.py took 0.822 seconds
[2026-07-22T09:28:55.607+0000] {processor.py:186} INFO - Started process (PID=2086) to work on /opt/airflow/dags/olist_pipeline.py
[2026-07-22T09:28:55.608+0000] {processor.py:914} INFO - Processing file /opt/airflow/dags/olist_pipeline.py for tasks to queue
[2026-07-22T09:28:55.611+0000] {logging_mixin.py:190} INFO - [2026-07-22T09:28:55.610+0000] {dagbag.py:588} INFO - Filling up the DagBag from /opt/airflow/dags/olist_pipeline.py
[2026-07-22T09:28:56.561+0000] {processor.py:925} INFO - DAG(s) 'olist_gcp_data_engineering_pipeline' retrieved from /opt/airflow/dags/olist_pipeline.py
[2026-07-22T09:28:56.586+0000] {logging_mixin.py:190} INFO - [2026-07-22T09:28:56.585+0000] {dag.py:3239} INFO - Sync 1 DAGs
[2026-07-22T09:28:56.595+0000] {logging_mixin.py:190} INFO - [2026-07-22T09:28:56.594+0000] {dag.py:4180} INFO - Setting next_dagrun for olist_gcp_data_engineering_pipeline to None, run_after=None
[2026-07-22T09:28:56.606+0000] {processor.py:208} INFO - Processing /opt/airflow/dags/olist_pipeline.py took 1.006 seconds
[2026-07-22T09:29:26.961+0000] {processor.py:186} INFO - Started process (PID=2098) to work on /opt/airflow/dags/olist_pipeline.py
[2026-07-22T09:29:26.962+0000] {processor.py:914} INFO - Processing file /opt/airflow/dags/olist_pipeline.py for tasks to queue
[2026-07-22T09:29:26.964+0000] {logging_mixin.py:190} INFO - [2026-07-22T09:29:26.964+0000] {dagbag.py:588} INFO - Filling up the DagBag from /opt/airflow/dags/olist_pipeline.py
[2026-07-22T09:29:27.785+0000] {processor.py:925} INFO - DAG(s) 'olist_gcp_data_engineering_pipeline' retrieved from /opt/airflow/dags/olist_pipeline.py
[2026-07-22T09:29:27.806+0000] {logging_mixin.py:190} INFO - [2026-07-22T09:29:27.805+0000] {dag.py:3239} INFO - Sync 1 DAGs
[2026-07-22T09:29:27.814+0000] {logging_mixin.py:190} INFO - [2026-07-22T09:29:27.813+0000] {dag.py:4180} INFO - Setting next_dagrun for olist_gcp_data_engineering_pipeline to None, run_after=None
[2026-07-22T09:29:27.823+0000] {processor.py:208} INFO - Processing /opt/airflow/dags/olist_pipeline.py took 0.868 seconds
[2026-07-22T09:29:58.197+0000] {processor.py:186} INFO - Started process (PID=2111) to work on /opt/airflow/dags/olist_pipeline.py
[2026-07-22T09:29:58.198+0000] {processor.py:914} INFO - Processing file /opt/airflow/dags/olist_pipeline.py for tasks to queue
[2026-07-22T09:29:58.200+0000] {logging_mixin.py:190} INFO - [2026-07-22T09:29:58.200+0000] {dagbag.py:588} INFO - Filling up the DagBag from /opt/airflow/dags/olist_pipeline.py
[2026-07-22T09:29:58.968+0000] {processor.py:925} INFO - DAG(s) 'olist_gcp_data_engineering_pipeline' retrieved from /opt/airflow/dags/olist_pipeline.py
[2026-07-22T09:29:58.987+0000] {logging_mixin.py:190} INFO - [2026-07-22T09:29:58.987+0000] {dag.py:3239} INFO - Sync 1 DAGs
[2026-07-22T09:29:58.996+0000] {logging_mixin.py:190} INFO - [2026-07-22T09:29:58.996+0000] {dag.py:4180} INFO - Setting next_dagrun for olist_gcp_data_engineering_pipeline to None, run_after=None
[2026-07-22T09:29:59.007+0000] {processor.py:208} INFO - Processing /opt/airflow/dags/olist_pipeline.py took 0.816 seconds
[2026-07-22T09:30:29.399+0000] {processor.py:186} INFO - Started process (PID=2123) to work on /opt/airflow/dags/olist_pipeline.py
[2026-07-22T09:30:29.400+0000] {processor.py:914} INFO - Processing file /opt/airflow/dags/olist_pipeline.py for tasks to queue
[2026-07-22T09:30:29.402+0000] {logging_mixin.py:190} INFO - [2026-07-22T09:30:29.401+0000] {dagbag.py:588} INFO - Filling up the DagBag from /opt/airflow/dags/olist_pipeline.py
[2026-07-22T09:30:30.215+0000] {processor.py:925} INFO - DAG(s) 'olist_gcp_data_engineering_pipeline' retrieved from /opt/airflow/dags/olist_pipeline.py
[2026-07-22T09:30:30.238+0000] {logging_mixin.py:190} INFO - [2026-07-22T09:30:30.237+0000] {dag.py:3239} INFO - Sync 1 DAGs
[2026-07-22T09:30:30.247+0000] {logging_mixin.py:190} INFO - [2026-07-22T09:30:30.247+0000] {dag.py:4180} INFO - Setting next_dagrun for olist_gcp_data_engineering_pipeline to None, run_after=None
[2026-07-22T09:30:30.259+0000] {processor.py:208} INFO - Processing /opt/airflow/dags/olist_pipeline.py took 0.868 seconds
[2026-07-22T09:31:00.590+0000] {processor.py:186} INFO - Started process (PID=2135) to work on /opt/airflow/dags/olist_pipeline.py
[2026-07-22T09:31:00.591+0000] {processor.py:914} INFO - Processing file /opt/airflow/dags/olist_pipeline.py for tasks to queue
[2026-07-22T09:31:00.593+0000] {logging_mixin.py:190} INFO - [2026-07-22T09:31:00.593+0000] {dagbag.py:588} INFO - Filling up the DagBag from /opt/airflow/dags/olist_pipeline.py
[2026-07-22T09:31:01.373+0000] {processor.py:925} INFO - DAG(s) 'olist_gcp_data_engineering_pipeline' retrieved from /opt/airflow/dags/olist_pipeline.py
[2026-07-22T09:31:01.390+0000] {logging_mixin.py:190} INFO - [2026-07-22T09:31:01.389+0000] {dag.py:3239} INFO - Sync 1 DAGs
[2026-07-22T09:31:01.396+0000] {logging_mixin.py:190} INFO - [2026-07-22T09:31:01.396+0000] {dag.py:4180} INFO - Setting next_dagrun for olist_gcp_data_engineering_pipeline to None, run_after=None
[2026-07-22T09:31:01.405+0000] {processor.py:208} INFO - Processing /opt/airflow/dags/olist_pipeline.py took 0.823 seconds
[2026-07-22T09:31:31.708+0000] {processor.py:186} INFO - Started process (PID=2147) to work on /opt/airflow/dags/olist_pipeline.py
[2026-07-22T09:31:31.709+0000] {processor.py:914} INFO - Processing file /opt/airflow/dags/olist_pipeline.py for tasks to queue
[2026-07-22T09:31:31.711+0000] {logging_mixin.py:190} INFO - [2026-07-22T09:31:31.711+0000] {dagbag.py:588} INFO - Filling up the DagBag from /opt/airflow/dags/olist_pipeline.py
[2026-07-22T09:31:32.471+0000] {processor.py:925} INFO - DAG(s) 'olist_gcp_data_engineering_pipeline' retrieved from /opt/airflow/dags/olist_pipeline.py
[2026-07-22T09:31:32.490+0000] {logging_mixin.py:190} INFO - [2026-07-22T09:31:32.490+0000] {dag.py:3239} INFO - Sync 1 DAGs
[2026-07-22T09:31:32.497+0000] {logging_mixin.py:190} INFO - [2026-07-22T09:31:32.497+0000] {dag.py:4180} INFO - Setting next_dagrun for olist_gcp_data_engineering_pipeline to None, run_after=None
[2026-07-22T09:31:32.506+0000] {processor.py:208} INFO - Processing /opt/airflow/dags/olist_pipeline.py took 0.804 seconds
[2026-07-22T09:32:02.668+0000] {processor.py:186} INFO - Started process (PID=2159) to work on /opt/airflow/dags/olist_pipeline.py
[2026-07-22T09:32:02.669+0000] {processor.py:914} INFO - Processing file /opt/airflow/dags/olist_pipeline.py for tasks to queue
[2026-07-22T09:32:02.671+0000] {logging_mixin.py:190} INFO - [2026-07-22T09:32:02.670+0000] {dagbag.py:588} INFO - Filling up the DagBag from /opt/airflow/dags/olist_pipeline.py
[2026-07-22T09:32:03.522+0000] {processor.py:925} INFO - DAG(s) 'olist_gcp_data_engineering_pipeline' retrieved from /opt/airflow/dags/olist_pipeline.py
[2026-07-22T09:32:03.540+0000] {logging_mixin.py:190} INFO - [2026-07-22T09:32:03.540+0000] {dag.py:3239} INFO - Sync 1 DAGs
[2026-07-22T09:32:03.548+0000] {logging_mixin.py:190} INFO - [2026-07-22T09:32:03.548+0000] {dag.py:4180} INFO - Setting next_dagrun for olist_gcp_data_engineering_pipeline to None, run_after=None
[2026-07-22T09:32:03.559+0000] {processor.py:208} INFO - Processing /opt/airflow/dags/olist_pipeline.py took 0.897 seconds
[2026-07-22T09:32:33.948+0000] {processor.py:186} INFO - Started process (PID=2171) to work on /opt/airflow/dags/olist_pipeline.py
[2026-07-22T09:32:33.949+0000] {processor.py:914} INFO - Processing file /opt/airflow/dags/olist_pipeline.py for tasks to queue
[2026-07-22T09:32:33.951+0000] {logging_mixin.py:190} INFO - [2026-07-22T09:32:33.951+0000] {dagbag.py:588} INFO - Filling up the DagBag from /opt/airflow/dags/olist_pipeline.py
[2026-07-22T09:32:34.775+0000] {processor.py:925} INFO - DAG(s) 'olist_gcp_data_engineering_pipeline' retrieved from /opt/airflow/dags/olist_pipeline.py
[2026-07-22T09:32:34.796+0000] {logging_mixin.py:190} INFO - [2026-07-22T09:32:34.795+0000] {dag.py:3239} INFO - Sync 1 DAGs
[2026-07-22T09:32:34.805+0000] {logging_mixin.py:190} INFO - [2026-07-22T09:32:34.805+0000] {dag.py:4180} INFO - Setting next_dagrun for olist_gcp_data_engineering_pipeline to None, run_after=None
[2026-07-22T09:32:34.815+0000] {processor.py:208} INFO - Processing /opt/airflow/dags/olist_pipeline.py took 0.875 seconds
[2026-07-22T09:33:05.172+0000] {processor.py:186} INFO - Started process (PID=2183) to work on /opt/airflow/dags/olist_pipeline.py
[2026-07-22T09:33:05.173+0000] {processor.py:914} INFO - Processing file /opt/airflow/dags/olist_pipeline.py for tasks to queue
[2026-07-22T09:33:05.176+0000] {logging_mixin.py:190} INFO - [2026-07-22T09:33:05.176+0000] {dagbag.py:588} INFO - Filling up the DagBag from /opt/airflow/dags/olist_pipeline.py
[2026-07-22T09:33:06.093+0000] {processor.py:925} INFO - DAG(s) 'olist_gcp_data_engineering_pipeline' retrieved from /opt/airflow/dags/olist_pipeline.py
[2026-07-22T09:33:06.114+0000] {logging_mixin.py:190} INFO - [2026-07-22T09:33:06.114+0000] {dag.py:3239} INFO - Sync 1 DAGs
[2026-07-22T09:33:06.122+0000] {logging_mixin.py:190} INFO - [2026-07-22T09:33:06.122+0000] {dag.py:4180} INFO - Setting next_dagrun for olist_gcp_data_engineering_pipeline to None, run_after=None
[2026-07-22T09:33:06.132+0000] {processor.py:208} INFO - Processing /opt/airflow/dags/olist_pipeline.py took 0.970 seconds
[2026-07-22T09:33:36.519+0000] {processor.py:186} INFO - Started process (PID=2195) to work on /opt/airflow/dags/olist_pipeline.py
[2026-07-22T09:33:36.520+0000] {processor.py:914} INFO - Processing file /opt/airflow/dags/olist_pipeline.py for tasks to queue
[2026-07-22T09:33:36.522+0000] {logging_mixin.py:190} INFO - [2026-07-22T09:33:36.522+0000] {dagbag.py:588} INFO - Filling up the DagBag from /opt/airflow/dags/olist_pipeline.py
[2026-07-22T09:33:37.357+0000] {processor.py:925} INFO - DAG(s) 'olist_gcp_data_engineering_pipeline' retrieved from /opt/airflow/dags/olist_pipeline.py
[2026-07-22T09:33:37.378+0000] {logging_mixin.py:190} INFO - [2026-07-22T09:33:37.377+0000] {dag.py:3239} INFO - Sync 1 DAGs
[2026-07-22T09:33:37.385+0000] {logging_mixin.py:190} INFO - [2026-07-22T09:33:37.385+0000] {dag.py:4180} INFO - Setting next_dagrun for olist_gcp_data_engineering_pipeline to None, run_after=None
[2026-07-22T09:33:37.395+0000] {processor.py:208} INFO - Processing /opt/airflow/dags/olist_pipeline.py took 0.883 seconds
[2026-07-22T09:34:07.737+0000] {processor.py:186} INFO - Started process (PID=2207) to work on /opt/airflow/dags/olist_pipeline.py
[2026-07-22T09:34:07.738+0000] {processor.py:914} INFO - Processing file /opt/airflow/dags/olist_pipeline.py for tasks to queue
[2026-07-22T09:34:07.739+0000] {logging_mixin.py:190} INFO - [2026-07-22T09:34:07.739+0000] {dagbag.py:588} INFO - Filling up the DagBag from /opt/airflow/dags/olist_pipeline.py
[2026-07-22T09:34:08.564+0000] {processor.py:925} INFO - DAG(s) 'olist_gcp_data_engineering_pipeline' retrieved from /opt/airflow/dags/olist_pipeline.py
[2026-07-22T09:34:08.584+0000] {logging_mixin.py:190} INFO - [2026-07-22T09:34:08.584+0000] {dag.py:3239} INFO - Sync 1 DAGs
[2026-07-22T09:34:08.591+0000] {logging_mixin.py:190} INFO - [2026-07-22T09:34:08.591+0000] {dag.py:4180} INFO - Setting next_dagrun for olist_gcp_data_engineering_pipeline to None, run_after=None
[2026-07-22T09:34:08.601+0000] {processor.py:208} INFO - Processing /opt/airflow/dags/olist_pipeline.py took 0.869 seconds
[2026-07-22T09:34:38.978+0000] {processor.py:186} INFO - Started process (PID=2219) to work on /opt/airflow/dags/olist_pipeline.py
[2026-07-22T09:34:38.981+0000] {processor.py:914} INFO - Processing file /opt/airflow/dags/olist_pipeline.py for tasks to queue
[2026-07-22T09:34:38.982+0000] {logging_mixin.py:190} INFO - [2026-07-22T09:34:38.982+0000] {dagbag.py:588} INFO - Filling up the DagBag from /opt/airflow/dags/olist_pipeline.py
[2026-07-22T09:34:39.743+0000] {processor.py:925} INFO - DAG(s) 'olist_gcp_data_engineering_pipeline' retrieved from /opt/airflow/dags/olist_pipeline.py
[2026-07-22T09:34:39.763+0000] {logging_mixin.py:190} INFO - [2026-07-22T09:34:39.762+0000] {dag.py:3239} INFO - Sync 1 DAGs
[2026-07-22T09:34:39.771+0000] {logging_mixin.py:190} INFO - [2026-07-22T09:34:39.770+0000] {dag.py:4180} INFO - Setting next_dagrun for olist_gcp_data_engineering_pipeline to None, run_after=None
[2026-07-22T09:34:39.782+0000] {processor.py:208} INFO - Processing /opt/airflow/dags/olist_pipeline.py took 0.809 seconds
[2026-07-22T09:35:10.107+0000] {processor.py:186} INFO - Started process (PID=2231) to work on /opt/airflow/dags/olist_pipeline.py
[2026-07-22T09:35:10.108+0000] {processor.py:914} INFO - Processing file /opt/airflow/dags/olist_pipeline.py for tasks to queue
[2026-07-22T09:35:10.109+0000] {logging_mixin.py:190} INFO - [2026-07-22T09:35:10.109+0000] {dagbag.py:588} INFO - Filling up the DagBag from /opt/airflow/dags/olist_pipeline.py
[2026-07-22T09:35:10.917+0000] {processor.py:925} INFO - DAG(s) 'olist_gcp_data_engineering_pipeline' retrieved from /opt/airflow/dags/olist_pipeline.py
[2026-07-22T09:35:10.941+0000] {logging_mixin.py:190} INFO - [2026-07-22T09:35:10.941+0000] {dag.py:3239} INFO - Sync 1 DAGs
[2026-07-22T09:35:10.951+0000] {logging_mixin.py:190} INFO - [2026-07-22T09:35:10.951+0000] {dag.py:4180} INFO - Setting next_dagrun for olist_gcp_data_engineering_pipeline to None, run_after=None
[2026-07-22T09:35:10.961+0000] {processor.py:208} INFO - Processing /opt/airflow/dags/olist_pipeline.py took 0.861 seconds
[2026-07-22T09:35:41.316+0000] {processor.py:186} INFO - Started process (PID=2242) to work on /opt/airflow/dags/olist_pipeline.py
[2026-07-22T09:35:41.317+0000] {processor.py:914} INFO - Processing file /opt/airflow/dags/olist_pipeline.py for tasks to queue
[2026-07-22T09:35:41.319+0000] {logging_mixin.py:190} INFO - [2026-07-22T09:35:41.319+0000] {dagbag.py:588} INFO - Filling up the DagBag from /opt/airflow/dags/olist_pipeline.py
[2026-07-22T09:35:42.120+0000] {processor.py:925} INFO - DAG(s) 'olist_gcp_data_engineering_pipeline' retrieved from /opt/airflow/dags/olist_pipeline.py
[2026-07-22T09:35:42.141+0000] {logging_mixin.py:190} INFO - [2026-07-22T09:35:42.140+0000] {dag.py:3239} INFO - Sync 1 DAGs
[2026-07-22T09:35:42.152+0000] {logging_mixin.py:190} INFO - [2026-07-22T09:35:42.152+0000] {dag.py:4180} INFO - Setting next_dagrun for olist_gcp_data_engineering_pipeline to None, run_after=None
[2026-07-22T09:35:42.162+0000] {processor.py:208} INFO - Processing /opt/airflow/dags/olist_pipeline.py took 0.851 seconds
[2026-07-22T09:36:12.243+0000] {processor.py:186} INFO - Started process (PID=2254) to work on /opt/airflow/dags/olist_pipeline.py
[2026-07-22T09:36:12.244+0000] {processor.py:914} INFO - Processing file /opt/airflow/dags/olist_pipeline.py for tasks to queue
[2026-07-22T09:36:12.246+0000] {logging_mixin.py:190} INFO - [2026-07-22T09:36:12.246+0000] {dagbag.py:588} INFO - Filling up the DagBag from /opt/airflow/dags/olist_pipeline.py
[2026-07-22T09:36:13.009+0000] {processor.py:925} INFO - DAG(s) 'olist_gcp_data_engineering_pipeline' retrieved from /opt/airflow/dags/olist_pipeline.py
[2026-07-22T09:36:13.028+0000] {logging_mixin.py:190} INFO - [2026-07-22T09:36:13.027+0000] {dag.py:3239} INFO - Sync 1 DAGs
[2026-07-22T09:36:13.035+0000] {logging_mixin.py:190} INFO - [2026-07-22T09:36:13.035+0000] {dag.py:4180} INFO - Setting next_dagrun for olist_gcp_data_engineering_pipeline to None, run_after=None
[2026-07-22T09:36:13.045+0000] {processor.py:208} INFO - Processing /opt/airflow/dags/olist_pipeline.py took 0.808 seconds
[2026-07-22T09:36:43.363+0000] {processor.py:186} INFO - Started process (PID=2266) to work on /opt/airflow/dags/olist_pipeline.py
[2026-07-22T09:36:43.364+0000] {processor.py:914} INFO - Processing file /opt/airflow/dags/olist_pipeline.py for tasks to queue
[2026-07-22T09:36:43.366+0000] {logging_mixin.py:190} INFO - [2026-07-22T09:36:43.366+0000] {dagbag.py:588} INFO - Filling up the DagBag from /opt/airflow/dags/olist_pipeline.py
[2026-07-22T09:36:44.120+0000] {processor.py:925} INFO - DAG(s) 'olist_gcp_data_engineering_pipeline' retrieved from /opt/airflow/dags/olist_pipeline.py
[2026-07-22T09:36:44.137+0000] {logging_mixin.py:190} INFO - [2026-07-22T09:36:44.137+0000] {dag.py:3239} INFO - Sync 1 DAGs
[2026-07-22T09:36:44.144+0000] {logging_mixin.py:190} INFO - [2026-07-22T09:36:44.144+0000] {dag.py:4180} INFO - Setting next_dagrun for olist_gcp_data_engineering_pipeline to None, run_after=None
[2026-07-22T09:36:44.154+0000] {processor.py:208} INFO - Processing /opt/airflow/dags/olist_pipeline.py took 0.797 seconds
[2026-07-22T09:37:14.556+0000] {processor.py:186} INFO - Started process (PID=2278) to work on /opt/airflow/dags/olist_pipeline.py
[2026-07-22T09:37:14.557+0000] {processor.py:914} INFO - Processing file /opt/airflow/dags/olist_pipeline.py for tasks to queue
[2026-07-22T09:37:14.560+0000] {logging_mixin.py:190} INFO - [2026-07-22T09:37:14.559+0000] {dagbag.py:588} INFO - Filling up the DagBag from /opt/airflow/dags/olist_pipeline.py
[2026-07-22T09:37:15.481+0000] {processor.py:925} INFO - DAG(s) 'olist_gcp_data_engineering_pipeline' retrieved from /opt/airflow/dags/olist_pipeline.py
[2026-07-22T09:37:15.510+0000] {logging_mixin.py:190} INFO - [2026-07-22T09:37:15.510+0000] {dag.py:3239} INFO - Sync 1 DAGs
[2026-07-22T09:37:15.519+0000] {logging_mixin.py:190} INFO - [2026-07-22T09:37:15.519+0000] {dag.py:4180} INFO - Setting next_dagrun for olist_gcp_data_engineering_pipeline to None, run_after=None
[2026-07-22T09:37:15.530+0000] {processor.py:208} INFO - Processing /opt/airflow/dags/olist_pipeline.py took 0.982 seconds
[2026-07-22T09:37:45.871+0000] {processor.py:186} INFO - Started process (PID=2290) to work on /opt/airflow/dags/olist_pipeline.py
[2026-07-22T09:37:45.872+0000] {processor.py:914} INFO - Processing file /opt/airflow/dags/olist_pipeline.py for tasks to queue
[2026-07-22T09:37:45.874+0000] {logging_mixin.py:190} INFO - [2026-07-22T09:37:45.873+0000] {dagbag.py:588} INFO - Filling up the DagBag from /opt/airflow/dags/olist_pipeline.py
[2026-07-22T09:37:46.657+0000] {processor.py:925} INFO - DAG(s) 'olist_gcp_data_engineering_pipeline' retrieved from /opt/airflow/dags/olist_pipeline.py
[2026-07-22T09:37:46.676+0000] {logging_mixin.py:190} INFO - [2026-07-22T09:37:46.676+0000] {dag.py:3239} INFO - Sync 1 DAGs
[2026-07-22T09:37:46.684+0000] {logging_mixin.py:190} INFO - [2026-07-22T09:37:46.684+0000] {dag.py:4180} INFO - Setting next_dagrun for olist_gcp_data_engineering_pipeline to None, run_after=None
[2026-07-22T09:37:46.695+0000] {processor.py:208} INFO - Processing /opt/airflow/dags/olist_pipeline.py took 0.832 seconds
[2026-07-22T09:38:16.851+0000] {processor.py:186} INFO - Started process (PID=2302) to work on /opt/airflow/dags/olist_pipeline.py
[2026-07-22T09:38:16.852+0000] {processor.py:914} INFO - Processing file /opt/airflow/dags/olist_pipeline.py for tasks to queue
[2026-07-22T09:38:16.854+0000] {logging_mixin.py:190} INFO - [2026-07-22T09:38:16.854+0000] {dagbag.py:588} INFO - Filling up the DagBag from /opt/airflow/dags/olist_pipeline.py
[2026-07-22T09:38:17.705+0000] {processor.py:925} INFO - DAG(s) 'olist_gcp_data_engineering_pipeline' retrieved from /opt/airflow/dags/olist_pipeline.py
[2026-07-22T09:38:17.726+0000] {logging_mixin.py:190} INFO - [2026-07-22T09:38:17.726+0000] {dag.py:3239} INFO - Sync 1 DAGs
[2026-07-22T09:38:17.735+0000] {logging_mixin.py:190} INFO - [2026-07-22T09:38:17.735+0000] {dag.py:4180} INFO - Setting next_dagrun for olist_gcp_data_engineering_pipeline to None, run_after=None
[2026-07-22T09:38:17.745+0000] {processor.py:208} INFO - Processing /opt/airflow/dags/olist_pipeline.py took 0.902 seconds
[2026-07-22T09:38:48.087+0000] {processor.py:186} INFO - Started process (PID=2314) to work on /opt/airflow/dags/olist_pipeline.py
[2026-07-22T09:38:48.089+0000] {processor.py:914} INFO - Processing file /opt/airflow/dags/olist_pipeline.py for tasks to queue
[2026-07-22T09:38:48.091+0000] {logging_mixin.py:190} INFO - [2026-07-22T09:38:48.090+0000] {dagbag.py:588} INFO - Filling up the DagBag from /opt/airflow/dags/olist_pipeline.py
[2026-07-22T09:38:48.883+0000] {processor.py:925} INFO - DAG(s) 'olist_gcp_data_engineering_pipeline' retrieved from /opt/airflow/dags/olist_pipeline.py
[2026-07-22T09:38:48.904+0000] {logging_mixin.py:190} INFO - [2026-07-22T09:38:48.904+0000] {dag.py:3239} INFO - Sync 1 DAGs
[2026-07-22T09:38:48.911+0000] {logging_mixin.py:190} INFO - [2026-07-22T09:38:48.911+0000] {dag.py:4180} INFO - Setting next_dagrun for olist_gcp_data_engineering_pipeline to None, run_after=None
[2026-07-22T09:38:48.920+0000] {processor.py:208} INFO - Processing /opt/airflow/dags/olist_pipeline.py took 0.840 seconds
[2026-07-22T09:39:04.523+0000] {processor.py:186} INFO - Started process (PID=2326) to work on /opt/airflow/dags/olist_pipeline.py
[2026-07-22T09:39:04.524+0000] {processor.py:914} INFO - Processing file /opt/airflow/dags/olist_pipeline.py for tasks to queue
[2026-07-22T09:39:04.526+0000] {logging_mixin.py:190} INFO - [2026-07-22T09:39:04.526+0000] {dagbag.py:588} INFO - Filling up the DagBag from /opt/airflow/dags/olist_pipeline.py
[2026-07-22T09:39:05.279+0000] {processor.py:925} INFO - DAG(s) 'olist_gcp_data_engineering_pipeline' retrieved from /opt/airflow/dags/olist_pipeline.py
[2026-07-22T09:39:05.299+0000] {logging_mixin.py:190} INFO - [2026-07-22T09:39:05.299+0000] {dag.py:3239} INFO - Sync 1 DAGs
[2026-07-22T09:39:05.306+0000] {logging_mixin.py:190} INFO - [2026-07-22T09:39:05.306+0000] {dag.py:4180} INFO - Setting next_dagrun for olist_gcp_data_engineering_pipeline to None, run_after=None
[2026-07-22T09:39:05.317+0000] {processor.py:208} INFO - Processing /opt/airflow/dags/olist_pipeline.py took 0.801 seconds
[2026-07-22T09:39:35.518+0000] {processor.py:186} INFO - Started process (PID=2338) to work on /opt/airflow/dags/olist_pipeline.py
[2026-07-22T09:39:35.519+0000] {processor.py:914} INFO - Processing file /opt/airflow/dags/olist_pipeline.py for tasks to queue
[2026-07-22T09:39:35.522+0000] {logging_mixin.py:190} INFO - [2026-07-22T09:39:35.522+0000] {dagbag.py:588} INFO - Filling up the DagBag from /opt/airflow/dags/olist_pipeline.py
[2026-07-22T09:39:36.452+0000] {processor.py:925} INFO - DAG(s) 'olist_gcp_data_engineering_pipeline' retrieved from /opt/airflow/dags/olist_pipeline.py
[2026-07-22T09:39:36.476+0000] {logging_mixin.py:190} INFO - [2026-07-22T09:39:36.476+0000] {dag.py:3239} INFO - Sync 1 DAGs
[2026-07-22T09:39:36.485+0000] {logging_mixin.py:190} INFO - [2026-07-22T09:39:36.485+0000] {dag.py:4180} INFO - Setting next_dagrun for olist_gcp_data_engineering_pipeline to None, run_after=None
[2026-07-22T09:39:36.497+0000] {processor.py:208} INFO - Processing /opt/airflow/dags/olist_pipeline.py took 0.988 seconds
[2026-07-22T09:39:39.555+0000] {processor.py:186} INFO - Started process (PID=2344) to work on /opt/airflow/dags/olist_pipeline.py
[2026-07-22T09:39:39.556+0000] {processor.py:914} INFO - Processing file /opt/airflow/dags/olist_pipeline.py for tasks to queue
[2026-07-22T09:39:39.558+0000] {logging_mixin.py:190} INFO - [2026-07-22T09:39:39.558+0000] {dagbag.py:588} INFO - Filling up the DagBag from /opt/airflow/dags/olist_pipeline.py
[2026-07-22T09:39:40.305+0000] {processor.py:925} INFO - DAG(s) 'olist_gcp_data_engineering_pipeline' retrieved from /opt/airflow/dags/olist_pipeline.py
[2026-07-22T09:39:40.375+0000] {logging_mixin.py:190} INFO - [2026-07-22T09:39:40.375+0000] {dag.py:3239} INFO - Sync 1 DAGs
[2026-07-22T09:39:40.382+0000] {logging_mixin.py:190} INFO - [2026-07-22T09:39:40.382+0000] {dag.py:4180} INFO - Setting next_dagrun for olist_gcp_data_engineering_pipeline to None, run_after=None
[2026-07-22T09:39:40.392+0000] {processor.py:208} INFO - Processing /opt/airflow/dags/olist_pipeline.py took 0.843 seconds
[2026-07-22T09:40:10.768+0000] {processor.py:186} INFO - Started process (PID=2356) to work on /opt/airflow/dags/olist_pipeline.py
[2026-07-22T09:40:10.769+0000] {processor.py:914} INFO - Processing file /opt/airflow/dags/olist_pipeline.py for tasks to queue
[2026-07-22T09:40:10.772+0000] {logging_mixin.py:190} INFO - [2026-07-22T09:40:10.771+0000] {dagbag.py:588} INFO - Filling up the DagBag from /opt/airflow/dags/olist_pipeline.py
[2026-07-22T09:40:11.653+0000] {processor.py:925} INFO - DAG(s) 'olist_gcp_data_engineering_pipeline' retrieved from /opt/airflow/dags/olist_pipeline.py
[2026-07-22T09:40:11.671+0000] {logging_mixin.py:190} INFO - [2026-07-22T09:40:11.671+0000] {dag.py:3239} INFO - Sync 1 DAGs
[2026-07-22T09:40:11.679+0000] {logging_mixin.py:190} INFO - [2026-07-22T09:40:11.679+0000] {dag.py:4180} INFO - Setting next_dagrun for olist_gcp_data_engineering_pipeline to None, run_after=None
[2026-07-22T09:40:11.691+0000] {processor.py:208} INFO - Processing /opt/airflow/dags/olist_pipeline.py took 0.930 seconds
[2026-07-22T09:40:42.075+0000] {processor.py:186} INFO - Started process (PID=2368) to work on /opt/airflow/dags/olist_pipeline.py
[2026-07-22T09:40:42.077+0000] {processor.py:914} INFO - Processing file /opt/airflow/dags/olist_pipeline.py for tasks to queue
[2026-07-22T09:40:42.080+0000] {logging_mixin.py:190} INFO - [2026-07-22T09:40:42.079+0000] {dagbag.py:588} INFO - Filling up the DagBag from /opt/airflow/dags/olist_pipeline.py
[2026-07-22T09:40:42.874+0000] {processor.py:925} INFO - DAG(s) 'olist_gcp_data_engineering_pipeline' retrieved from /opt/airflow/dags/olist_pipeline.py
[2026-07-22T09:40:42.945+0000] {logging_mixin.py:190} INFO - [2026-07-22T09:40:42.944+0000] {dag.py:3239} INFO - Sync 1 DAGs
[2026-07-22T09:40:42.952+0000] {logging_mixin.py:190} INFO - [2026-07-22T09:40:42.951+0000] {dag.py:4180} INFO - Setting next_dagrun for olist_gcp_data_engineering_pipeline to None, run_after=None
[2026-07-22T09:40:42.962+0000] {processor.py:208} INFO - Processing /opt/airflow/dags/olist_pipeline.py took 0.896 seconds
[2026-07-22T09:41:13.337+0000] {processor.py:186} INFO - Started process (PID=2380) to work on /opt/airflow/dags/olist_pipeline.py
[2026-07-22T09:41:13.338+0000] {processor.py:914} INFO - Processing file /opt/airflow/dags/olist_pipeline.py for tasks to queue
[2026-07-22T09:41:13.340+0000] {logging_mixin.py:190} INFO - [2026-07-22T09:41:13.339+0000] {dagbag.py:588} INFO - Filling up the DagBag from /opt/airflow/dags/olist_pipeline.py
[2026-07-22T09:41:14.294+0000] {processor.py:925} INFO - DAG(s) 'olist_gcp_data_engineering_pipeline' retrieved from /opt/airflow/dags/olist_pipeline.py
[2026-07-22T09:41:14.319+0000] {logging_mixin.py:190} INFO - [2026-07-22T09:41:14.319+0000] {dag.py:3239} INFO - Sync 1 DAGs
[2026-07-22T09:41:14.329+0000] {logging_mixin.py:190} INFO - [2026-07-22T09:41:14.329+0000] {dag.py:4180} INFO - Setting next_dagrun for olist_gcp_data_engineering_pipeline to None, run_after=None
[2026-07-22T09:41:14.340+0000] {processor.py:208} INFO - Processing /opt/airflow/dags/olist_pipeline.py took 1.010 seconds
[2026-07-22T09:41:44.691+0000] {processor.py:186} INFO - Started process (PID=2392) to work on /opt/airflow/dags/olist_pipeline.py
[2026-07-22T09:41:44.692+0000] {processor.py:914} INFO - Processing file /opt/airflow/dags/olist_pipeline.py for tasks to queue
[2026-07-22T09:41:44.694+0000] {logging_mixin.py:190} INFO - [2026-07-22T09:41:44.694+0000] {dagbag.py:588} INFO - Filling up the DagBag from /opt/airflow/dags/olist_pipeline.py
[2026-07-22T09:41:45.514+0000] {processor.py:925} INFO - DAG(s) 'olist_gcp_data_engineering_pipeline' retrieved from /opt/airflow/dags/olist_pipeline.py
[2026-07-22T09:41:45.533+0000] {logging_mixin.py:190} INFO - [2026-07-22T09:41:45.533+0000] {dag.py:3239} INFO - Sync 1 DAGs
[2026-07-22T09:41:45.542+0000] {logging_mixin.py:190} INFO - [2026-07-22T09:41:45.542+0000] {dag.py:4180} INFO - Setting next_dagrun for olist_gcp_data_engineering_pipeline to None, run_after=None
[2026-07-22T09:41:45.552+0000] {processor.py:208} INFO - Processing /opt/airflow/dags/olist_pipeline.py took 0.867 seconds
[2026-07-22T09:41:50.758+0000] {processor.py:186} INFO - Started process (PID=2398) to work on /opt/airflow/dags/olist_pipeline.py
[2026-07-22T09:41:50.759+0000] {processor.py:914} INFO - Processing file /opt/airflow/dags/olist_pipeline.py for tasks to queue
[2026-07-22T09:41:50.761+0000] {logging_mixin.py:190} INFO - [2026-07-22T09:41:50.760+0000] {dagbag.py:588} INFO - Filling up the DagBag from /opt/airflow/dags/olist_pipeline.py
[2026-07-22T09:41:51.649+0000] {processor.py:925} INFO - DAG(s) 'olist_gcp_data_engineering_pipeline' retrieved from /opt/airflow/dags/olist_pipeline.py
[2026-07-22T09:41:51.723+0000] {logging_mixin.py:190} INFO - [2026-07-22T09:41:51.723+0000] {dag.py:3239} INFO - Sync 1 DAGs
[2026-07-22T09:41:51.731+0000] {logging_mixin.py:190} INFO - [2026-07-22T09:41:51.731+0000] {dag.py:4180} INFO - Setting next_dagrun for olist_gcp_data_engineering_pipeline to None, run_after=None
[2026-07-22T09:41:51.742+0000] {processor.py:208} INFO - Processing /opt/airflow/dags/olist_pipeline.py took 0.990 seconds
[2026-07-22T09:42:22.052+0000] {processor.py:186} INFO - Started process (PID=2410) to work on /opt/airflow/dags/olist_pipeline.py
[2026-07-22T09:42:22.053+0000] {processor.py:914} INFO - Processing file /opt/airflow/dags/olist_pipeline.py for tasks to queue
[2026-07-22T09:42:22.055+0000] {logging_mixin.py:190} INFO - [2026-07-22T09:42:22.054+0000] {dagbag.py:588} INFO - Filling up the DagBag from /opt/airflow/dags/olist_pipeline.py
[2026-07-22T09:42:22.821+0000] {processor.py:925} INFO - DAG(s) 'olist_gcp_data_engineering_pipeline' retrieved from /opt/airflow/dags/olist_pipeline.py
[2026-07-22T09:42:22.841+0000] {logging_mixin.py:190} INFO - [2026-07-22T09:42:22.840+0000] {dag.py:3239} INFO - Sync 1 DAGs
[2026-07-22T09:42:22.848+0000] {logging_mixin.py:190} INFO - [2026-07-22T09:42:22.848+0000] {dag.py:4180} INFO - Setting next_dagrun for olist_gcp_data_engineering_pipeline to None, run_after=None
[2026-07-22T09:42:22.857+0000] {processor.py:208} INFO - Processing /opt/airflow/dags/olist_pipeline.py took 0.810 seconds
[2026-07-22T09:42:53.205+0000] {processor.py:186} INFO - Started process (PID=2429) to work on /opt/airflow/dags/olist_pipeline.py
[2026-07-22T09:42:53.206+0000] {processor.py:914} INFO - Processing file /opt/airflow/dags/olist_pipeline.py for tasks to queue
[2026-07-22T09:42:53.208+0000] {logging_mixin.py:190} INFO - [2026-07-22T09:42:53.208+0000] {dagbag.py:588} INFO - Filling up the DagBag from /opt/airflow/dags/olist_pipeline.py
[2026-07-22T09:42:54.072+0000] {processor.py:925} INFO - DAG(s) 'olist_gcp_data_engineering_pipeline' retrieved from /opt/airflow/dags/olist_pipeline.py
[2026-07-22T09:42:54.095+0000] {logging_mixin.py:190} INFO - [2026-07-22T09:42:54.095+0000] {dag.py:3239} INFO - Sync 1 DAGs
[2026-07-22T09:42:54.103+0000] {logging_mixin.py:190} INFO - [2026-07-22T09:42:54.103+0000] {dag.py:4180} INFO - Setting next_dagrun for olist_gcp_data_engineering_pipeline to None, run_after=None
[2026-07-22T09:42:54.113+0000] {processor.py:208} INFO - Processing /opt/airflow/dags/olist_pipeline.py took 0.916 seconds
[2026-07-22T09:43:24.462+0000] {processor.py:186} INFO - Started process (PID=2441) to work on /opt/airflow/dags/olist_pipeline.py
[2026-07-22T09:43:24.463+0000] {processor.py:914} INFO - Processing file /opt/airflow/dags/olist_pipeline.py for tasks to queue
[2026-07-22T09:43:24.466+0000] {logging_mixin.py:190} INFO - [2026-07-22T09:43:24.465+0000] {dagbag.py:588} INFO - Filling up the DagBag from /opt/airflow/dags/olist_pipeline.py
[2026-07-22T09:43:25.362+0000] {processor.py:925} INFO - DAG(s) 'olist_gcp_data_engineering_pipeline' retrieved from /opt/airflow/dags/olist_pipeline.py
[2026-07-22T09:43:25.386+0000] {logging_mixin.py:190} INFO - [2026-07-22T09:43:25.385+0000] {dag.py:3239} INFO - Sync 1 DAGs
[2026-07-22T09:43:25.399+0000] {logging_mixin.py:190} INFO - [2026-07-22T09:43:25.398+0000] {dag.py:4180} INFO - Setting next_dagrun for olist_gcp_data_engineering_pipeline to None, run_after=None
[2026-07-22T09:43:25.409+0000] {processor.py:208} INFO - Processing /opt/airflow/dags/olist_pipeline.py took 0.955 seconds
[2026-07-22T09:43:55.713+0000] {processor.py:186} INFO - Started process (PID=2453) to work on /opt/airflow/dags/olist_pipeline.py
[2026-07-22T09:43:55.714+0000] {processor.py:914} INFO - Processing file /opt/airflow/dags/olist_pipeline.py for tasks to queue
[2026-07-22T09:43:55.716+0000] {logging_mixin.py:190} INFO - [2026-07-22T09:43:55.716+0000] {dagbag.py:588} INFO - Filling up the DagBag from /opt/airflow/dags/olist_pipeline.py
[2026-07-22T09:43:56.657+0000] {processor.py:925} INFO - DAG(s) 'olist_gcp_data_engineering_pipeline' retrieved from /opt/airflow/dags/olist_pipeline.py
[2026-07-22T09:43:56.680+0000] {logging_mixin.py:190} INFO - [2026-07-22T09:43:56.680+0000] {dag.py:3239} INFO - Sync 1 DAGs
[2026-07-22T09:43:56.688+0000] {logging_mixin.py:190} INFO - [2026-07-22T09:43:56.688+0000] {dag.py:4180} INFO - Setting next_dagrun for olist_gcp_data_engineering_pipeline to None, run_after=None
[2026-07-22T09:43:56.698+0000] {processor.py:208} INFO - Processing /opt/airflow/dags/olist_pipeline.py took 0.991 seconds
[2026-07-22T09:44:27.024+0000] {processor.py:186} INFO - Started process (PID=2465) to work on /opt/airflow/dags/olist_pipeline.py
[2026-07-22T09:44:27.025+0000] {processor.py:914} INFO - Processing file /opt/airflow/dags/olist_pipeline.py for tasks to queue
[2026-07-22T09:44:27.027+0000] {logging_mixin.py:190} INFO - [2026-07-22T09:44:27.027+0000] {dagbag.py:588} INFO - Filling up the DagBag from /opt/airflow/dags/olist_pipeline.py
[2026-07-22T09:44:27.895+0000] {processor.py:925} INFO - DAG(s) 'olist_gcp_data_engineering_pipeline' retrieved from /opt/airflow/dags/olist_pipeline.py
[2026-07-22T09:44:27.912+0000] {logging_mixin.py:190} INFO - [2026-07-22T09:44:27.912+0000] {dag.py:3239} INFO - Sync 1 DAGs
[2026-07-22T09:44:27.919+0000] {logging_mixin.py:190} INFO - [2026-07-22T09:44:27.919+0000] {dag.py:4180} INFO - Setting next_dagrun for olist_gcp_data_engineering_pipeline to None, run_after=None
[2026-07-22T09:44:27.928+0000] {processor.py:208} INFO - Processing /opt/airflow/dags/olist_pipeline.py took 0.911 seconds
[2026-07-22T09:44:58.224+0000] {processor.py:186} INFO - Started process (PID=2477) to work on /opt/airflow/dags/olist_pipeline.py
[2026-07-22T09:44:58.225+0000] {processor.py:914} INFO - Processing file /opt/airflow/dags/olist_pipeline.py for tasks to queue
[2026-07-22T09:44:58.227+0000] {logging_mixin.py:190} INFO - [2026-07-22T09:44:58.226+0000] {dagbag.py:588} INFO - Filling up the DagBag from /opt/airflow/dags/olist_pipeline.py
[2026-07-22T09:44:59.009+0000] {processor.py:925} INFO - DAG(s) 'olist_gcp_data_engineering_pipeline' retrieved from /opt/airflow/dags/olist_pipeline.py
[2026-07-22T09:44:59.031+0000] {logging_mixin.py:190} INFO - [2026-07-22T09:44:59.030+0000] {dag.py:3239} INFO - Sync 1 DAGs
[2026-07-22T09:44:59.039+0000] {logging_mixin.py:190} INFO - [2026-07-22T09:44:59.039+0000] {dag.py:4180} INFO - Setting next_dagrun for olist_gcp_data_engineering_pipeline to None, run_after=None
[2026-07-22T09:44:59.049+0000] {processor.py:208} INFO - Processing /opt/airflow/dags/olist_pipeline.py took 0.832 seconds
[2026-07-22T09:45:29.401+0000] {processor.py:186} INFO - Started process (PID=2489) to work on /opt/airflow/dags/olist_pipeline.py
[2026-07-22T09:45:29.401+0000] {processor.py:914} INFO - Processing file /opt/airflow/dags/olist_pipeline.py for tasks to queue
[2026-07-22T09:45:29.403+0000] {logging_mixin.py:190} INFO - [2026-07-22T09:45:29.403+0000] {dagbag.py:588} INFO - Filling up the DagBag from /opt/airflow/dags/olist_pipeline.py
[2026-07-22T09:45:30.173+0000] {processor.py:925} INFO - DAG(s) 'olist_gcp_data_engineering_pipeline' retrieved from /opt/airflow/dags/olist_pipeline.py
[2026-07-22T09:45:30.192+0000] {logging_mixin.py:190} INFO - [2026-07-22T09:45:30.192+0000] {dag.py:3239} INFO - Sync 1 DAGs
[2026-07-22T09:45:30.200+0000] {logging_mixin.py:190} INFO - [2026-07-22T09:45:30.199+0000] {dag.py:4180} INFO - Setting next_dagrun for olist_gcp_data_engineering_pipeline to None, run_after=None
[2026-07-22T09:45:30.209+0000] {processor.py:208} INFO - Processing /opt/airflow/dags/olist_pipeline.py took 0.815 seconds
[2026-07-22T09:46:00.356+0000] {processor.py:186} INFO - Started process (PID=2501) to work on /opt/airflow/dags/olist_pipeline.py
[2026-07-22T09:46:00.357+0000] {processor.py:914} INFO - Processing file /opt/airflow/dags/olist_pipeline.py for tasks to queue
[2026-07-22T09:46:00.359+0000] {logging_mixin.py:190} INFO - [2026-07-22T09:46:00.358+0000] {dagbag.py:588} INFO - Filling up the DagBag from /opt/airflow/dags/olist_pipeline.py
[2026-07-22T09:46:01.135+0000] {processor.py:925} INFO - DAG(s) 'olist_gcp_data_engineering_pipeline' retrieved from /opt/airflow/dags/olist_pipeline.py
[2026-07-22T09:46:01.154+0000] {logging_mixin.py:190} INFO - [2026-07-22T09:46:01.154+0000] {dag.py:3239} INFO - Sync 1 DAGs
[2026-07-22T09:46:01.161+0000] {logging_mixin.py:190} INFO - [2026-07-22T09:46:01.161+0000] {dag.py:4180} INFO - Setting next_dagrun for olist_gcp_data_engineering_pipeline to None, run_after=None
[2026-07-22T09:46:01.171+0000] {processor.py:208} INFO - Processing /opt/airflow/dags/olist_pipeline.py took 0.823 seconds
[2026-07-22T09:46:31.535+0000] {processor.py:186} INFO - Started process (PID=2513) to work on /opt/airflow/dags/olist_pipeline.py
[2026-07-22T09:46:31.536+0000] {processor.py:914} INFO - Processing file /opt/airflow/dags/olist_pipeline.py for tasks to queue
[2026-07-22T09:46:31.538+0000] {logging_mixin.py:190} INFO - [2026-07-22T09:46:31.538+0000] {dagbag.py:588} INFO - Filling up the DagBag from /opt/airflow/dags/olist_pipeline.py
[2026-07-22T09:46:32.319+0000] {processor.py:925} INFO - DAG(s) 'olist_gcp_data_engineering_pipeline' retrieved from /opt/airflow/dags/olist_pipeline.py
[2026-07-22T09:46:32.338+0000] {logging_mixin.py:190} INFO - [2026-07-22T09:46:32.338+0000] {dag.py:3239} INFO - Sync 1 DAGs
[2026-07-22T09:46:32.347+0000] {logging_mixin.py:190} INFO - [2026-07-22T09:46:32.346+0000] {dag.py:4180} INFO - Setting next_dagrun for olist_gcp_data_engineering_pipeline to None, run_after=None
[2026-07-22T09:46:32.356+0000] {processor.py:208} INFO - Processing /opt/airflow/dags/olist_pipeline.py took 0.829 seconds
[2026-07-22T09:47:02.691+0000] {processor.py:186} INFO - Started process (PID=2525) to work on /opt/airflow/dags/olist_pipeline.py
[2026-07-22T09:47:02.692+0000] {processor.py:914} INFO - Processing file /opt/airflow/dags/olist_pipeline.py for tasks to queue
[2026-07-22T09:47:02.694+0000] {logging_mixin.py:190} INFO - [2026-07-22T09:47:02.694+0000] {dagbag.py:588} INFO - Filling up the DagBag from /opt/airflow/dags/olist_pipeline.py
[2026-07-22T09:47:03.477+0000] {processor.py:925} INFO - DAG(s) 'olist_gcp_data_engineering_pipeline' retrieved from /opt/airflow/dags/olist_pipeline.py
[2026-07-22T09:47:03.497+0000] {logging_mixin.py:190} INFO - [2026-07-22T09:47:03.497+0000] {dag.py:3239} INFO - Sync 1 DAGs
[2026-07-22T09:47:03.504+0000] {logging_mixin.py:190} INFO - [2026-07-22T09:47:03.504+0000] {dag.py:4180} INFO - Setting next_dagrun for olist_gcp_data_engineering_pipeline to None, run_after=None
[2026-07-22T09:47:03.514+0000] {processor.py:208} INFO - Processing /opt/airflow/dags/olist_pipeline.py took 0.829 seconds
[2026-07-22T09:47:33.878+0000] {processor.py:186} INFO - Started process (PID=2537) to work on /opt/airflow/dags/olist_pipeline.py
[2026-07-22T09:47:33.880+0000] {processor.py:914} INFO - Processing file /opt/airflow/dags/olist_pipeline.py for tasks to queue
[2026-07-22T09:47:33.882+0000] {logging_mixin.py:190} INFO - [2026-07-22T09:47:33.881+0000] {dagbag.py:588} INFO - Filling up the DagBag from /opt/airflow/dags/olist_pipeline.py
[2026-07-22T09:47:34.763+0000] {processor.py:925} INFO - DAG(s) 'olist_gcp_data_engineering_pipeline' retrieved from /opt/airflow/dags/olist_pipeline.py
[2026-07-22T09:47:34.785+0000] {logging_mixin.py:190} INFO - [2026-07-22T09:47:34.785+0000] {dag.py:3239} INFO - Sync 1 DAGs
[2026-07-22T09:47:34.794+0000] {logging_mixin.py:190} INFO - [2026-07-22T09:47:34.794+0000] {dag.py:4180} INFO - Setting next_dagrun for olist_gcp_data_engineering_pipeline to None, run_after=None
[2026-07-22T09:47:34.805+0000] {processor.py:208} INFO - Processing /opt/airflow/dags/olist_pipeline.py took 0.934 seconds
[2026-07-22T09:48:05.133+0000] {processor.py:186} INFO - Started process (PID=2549) to work on /opt/airflow/dags/olist_pipeline.py
[2026-07-22T09:48:05.135+0000] {processor.py:914} INFO - Processing file /opt/airflow/dags/olist_pipeline.py for tasks to queue
[2026-07-22T09:48:05.137+0000] {logging_mixin.py:190} INFO - [2026-07-22T09:48:05.137+0000] {dagbag.py:588} INFO - Filling up the DagBag from /opt/airflow/dags/olist_pipeline.py
[2026-07-22T09:48:05.997+0000] {processor.py:925} INFO - DAG(s) 'olist_gcp_data_engineering_pipeline' retrieved from /opt/airflow/dags/olist_pipeline.py
[2026-07-22T09:48:06.019+0000] {logging_mixin.py:190} INFO - [2026-07-22T09:48:06.018+0000] {dag.py:3239} INFO - Sync 1 DAGs
[2026-07-22T09:48:06.028+0000] {logging_mixin.py:190} INFO - [2026-07-22T09:48:06.027+0000] {dag.py:4180} INFO - Setting next_dagrun for olist_gcp_data_engineering_pipeline to None, run_after=None
[2026-07-22T09:48:06.039+0000] {processor.py:208} INFO - Processing /opt/airflow/dags/olist_pipeline.py took 0.914 seconds
[2026-07-22T09:48:36.411+0000] {processor.py:186} INFO - Started process (PID=2561) to work on /opt/airflow/dags/olist_pipeline.py
[2026-07-22T09:48:36.412+0000] {processor.py:914} INFO - Processing file /opt/airflow/dags/olist_pipeline.py for tasks to queue
[2026-07-22T09:48:36.416+0000] {logging_mixin.py:190} INFO - [2026-07-22T09:48:36.416+0000] {dagbag.py:588} INFO - Filling up the DagBag from /opt/airflow/dags/olist_pipeline.py
[2026-07-22T09:48:37.234+0000] {processor.py:925} INFO - DAG(s) 'olist_gcp_data_engineering_pipeline' retrieved from /opt/airflow/dags/olist_pipeline.py
[2026-07-22T09:48:37.254+0000] {logging_mixin.py:190} INFO - [2026-07-22T09:48:37.254+0000] {dag.py:3239} INFO - Sync 1 DAGs
[2026-07-22T09:48:37.262+0000] {logging_mixin.py:190} INFO - [2026-07-22T09:48:37.262+0000] {dag.py:4180} INFO - Setting next_dagrun for olist_gcp_data_engineering_pipeline to None, run_after=None
[2026-07-22T09:48:37.272+0000] {processor.py:208} INFO - Processing /opt/airflow/dags/olist_pipeline.py took 0.872 seconds
[2026-07-22T09:49:07.383+0000] {processor.py:186} INFO - Started process (PID=2573) to work on /opt/airflow/dags/olist_pipeline.py
[2026-07-22T09:49:07.384+0000] {processor.py:914} INFO - Processing file /opt/airflow/dags/olist_pipeline.py for tasks to queue
[2026-07-22T09:49:07.387+0000] {logging_mixin.py:190} INFO - [2026-07-22T09:49:07.386+0000] {dagbag.py:588} INFO - Filling up the DagBag from /opt/airflow/dags/olist_pipeline.py
[2026-07-22T09:49:08.284+0000] {processor.py:925} INFO - DAG(s) 'olist_gcp_data_engineering_pipeline' retrieved from /opt/airflow/dags/olist_pipeline.py
[2026-07-22T09:49:08.306+0000] {logging_mixin.py:190} INFO - [2026-07-22T09:49:08.306+0000] {dag.py:3239} INFO - Sync 1 DAGs
[2026-07-22T09:49:08.315+0000] {logging_mixin.py:190} INFO - [2026-07-22T09:49:08.315+0000] {dag.py:4180} INFO - Setting next_dagrun for olist_gcp_data_engineering_pipeline to None, run_after=None
[2026-07-22T09:49:08.325+0000] {processor.py:208} INFO - Processing /opt/airflow/dags/olist_pipeline.py took 0.952 seconds
[2026-07-22T09:49:38.703+0000] {processor.py:186} INFO - Started process (PID=2585) to work on /opt/airflow/dags/olist_pipeline.py
[2026-07-22T09:49:38.704+0000] {processor.py:914} INFO - Processing file /opt/airflow/dags/olist_pipeline.py for tasks to queue
[2026-07-22T09:49:38.706+0000] {logging_mixin.py:190} INFO - [2026-07-22T09:49:38.706+0000] {dagbag.py:588} INFO - Filling up the DagBag from /opt/airflow/dags/olist_pipeline.py
[2026-07-22T09:49:39.594+0000] {processor.py:925} INFO - DAG(s) 'olist_gcp_data_engineering_pipeline' retrieved from /opt/airflow/dags/olist_pipeline.py
[2026-07-22T09:49:39.615+0000] {logging_mixin.py:190} INFO - [2026-07-22T09:49:39.615+0000] {dag.py:3239} INFO - Sync 1 DAGs
[2026-07-22T09:49:39.623+0000] {logging_mixin.py:190} INFO - [2026-07-22T09:49:39.623+0000] {dag.py:4180} INFO - Setting next_dagrun for olist_gcp_data_engineering_pipeline to None, run_after=None
[2026-07-22T09:49:39.633+0000] {processor.py:208} INFO - Processing /opt/airflow/dags/olist_pipeline.py took 0.940 seconds
[2026-07-22T09:50:10.042+0000] {processor.py:186} INFO - Started process (PID=2597) to work on /opt/airflow/dags/olist_pipeline.py
[2026-07-22T09:50:10.044+0000] {processor.py:914} INFO - Processing file /opt/airflow/dags/olist_pipeline.py for tasks to queue
[2026-07-22T09:50:10.046+0000] {logging_mixin.py:190} INFO - [2026-07-22T09:50:10.046+0000] {dagbag.py:588} INFO - Filling up the DagBag from /opt/airflow/dags/olist_pipeline.py
[2026-07-22T09:50:10.838+0000] {processor.py:925} INFO - DAG(s) 'olist_gcp_data_engineering_pipeline' retrieved from /opt/airflow/dags/olist_pipeline.py
[2026-07-22T09:50:10.860+0000] {logging_mixin.py:190} INFO - [2026-07-22T09:50:10.860+0000] {dag.py:3239} INFO - Sync 1 DAGs
[2026-07-22T09:50:10.868+0000] {logging_mixin.py:190} INFO - [2026-07-22T09:50:10.867+0000] {dag.py:4180} INFO - Setting next_dagrun for olist_gcp_data_engineering_pipeline to None, run_after=None
[2026-07-22T09:50:10.877+0000] {processor.py:208} INFO - Processing /opt/airflow/dags/olist_pipeline.py took 0.843 seconds
[2026-07-22T09:50:41.249+0000] {processor.py:186} INFO - Started process (PID=2609) to work on /opt/airflow/dags/olist_pipeline.py
[2026-07-22T09:50:41.250+0000] {processor.py:914} INFO - Processing file /opt/airflow/dags/olist_pipeline.py for tasks to queue
[2026-07-22T09:50:41.252+0000] {logging_mixin.py:190} INFO - [2026-07-22T09:50:41.252+0000] {dagbag.py:588} INFO - Filling up the DagBag from /opt/airflow/dags/olist_pipeline.py
[2026-07-22T09:50:42.102+0000] {processor.py:925} INFO - DAG(s) 'olist_gcp_data_engineering_pipeline' retrieved from /opt/airflow/dags/olist_pipeline.py
[2026-07-22T09:50:42.120+0000] {logging_mixin.py:190} INFO - [2026-07-22T09:50:42.120+0000] {dag.py:3239} INFO - Sync 1 DAGs
[2026-07-22T09:50:42.127+0000] {logging_mixin.py:190} INFO - [2026-07-22T09:50:42.127+0000] {dag.py:4180} INFO - Setting next_dagrun for olist_gcp_data_engineering_pipeline to None, run_after=None
[2026-07-22T09:50:42.137+0000] {processor.py:208} INFO - Processing /opt/airflow/dags/olist_pipeline.py took 0.894 seconds
[2026-07-22T09:51:12.528+0000] {processor.py:186} INFO - Started process (PID=2621) to work on /opt/airflow/dags/olist_pipeline.py
[2026-07-22T09:51:12.529+0000] {processor.py:914} INFO - Processing file /opt/airflow/dags/olist_pipeline.py for tasks to queue
[2026-07-22T09:51:12.531+0000] {logging_mixin.py:190} INFO - [2026-07-22T09:51:12.531+0000] {dagbag.py:588} INFO - Filling up the DagBag from /opt/airflow/dags/olist_pipeline.py
[2026-07-22T09:51:13.462+0000] {processor.py:925} INFO - DAG(s) 'olist_gcp_data_engineering_pipeline' retrieved from /opt/airflow/dags/olist_pipeline.py
[2026-07-22T09:51:13.482+0000] {logging_mixin.py:190} INFO - [2026-07-22T09:51:13.482+0000] {dag.py:3239} INFO - Sync 1 DAGs
[2026-07-22T09:51:13.490+0000] {logging_mixin.py:190} INFO - [2026-07-22T09:51:13.490+0000] {dag.py:4180} INFO - Setting next_dagrun for olist_gcp_data_engineering_pipeline to None, run_after=None
[2026-07-22T09:51:13.501+0000] {processor.py:208} INFO - Processing /opt/airflow/dags/olist_pipeline.py took 0.981 seconds
[2026-07-22T09:51:43.887+0000] {processor.py:186} INFO - Started process (PID=2633) to work on /opt/airflow/dags/olist_pipeline.py
[2026-07-22T09:51:43.888+0000] {processor.py:914} INFO - Processing file /opt/airflow/dags/olist_pipeline.py for tasks to queue
[2026-07-22T09:51:43.890+0000] {logging_mixin.py:190} INFO - [2026-07-22T09:51:43.890+0000] {dagbag.py:588} INFO - Filling up the DagBag from /opt/airflow/dags/olist_pipeline.py
[2026-07-22T09:51:44.686+0000] {processor.py:925} INFO - DAG(s) 'olist_gcp_data_engineering_pipeline' retrieved from /opt/airflow/dags/olist_pipeline.py
[2026-07-22T09:51:44.706+0000] {logging_mixin.py:190} INFO - [2026-07-22T09:51:44.706+0000] {dag.py:3239} INFO - Sync 1 DAGs
[2026-07-22T09:51:44.714+0000] {logging_mixin.py:190} INFO - [2026-07-22T09:51:44.714+0000] {dag.py:4180} INFO - Setting next_dagrun for olist_gcp_data_engineering_pipeline to None, run_after=None
[2026-07-22T09:51:44.723+0000] {processor.py:208} INFO - Processing /opt/airflow/dags/olist_pipeline.py took 0.844 seconds
[2026-07-22T09:52:15.132+0000] {processor.py:186} INFO - Started process (PID=2645) to work on /opt/airflow/dags/olist_pipeline.py
[2026-07-22T09:52:15.133+0000] {processor.py:914} INFO - Processing file /opt/airflow/dags/olist_pipeline.py for tasks to queue
[2026-07-22T09:52:15.135+0000] {logging_mixin.py:190} INFO - [2026-07-22T09:52:15.135+0000] {dagbag.py:588} INFO - Filling up the DagBag from /opt/airflow/dags/olist_pipeline.py
[2026-07-22T09:52:16.010+0000] {processor.py:925} INFO - DAG(s) 'olist_gcp_data_engineering_pipeline' retrieved from /opt/airflow/dags/olist_pipeline.py
[2026-07-22T09:52:16.034+0000] {logging_mixin.py:190} INFO - [2026-07-22T09:52:16.033+0000] {dag.py:3239} INFO - Sync 1 DAGs
[2026-07-22T09:52:16.044+0000] {logging_mixin.py:190} INFO - [2026-07-22T09:52:16.044+0000] {dag.py:4180} INFO - Setting next_dagrun for olist_gcp_data_engineering_pipeline to None, run_after=None
[2026-07-22T09:52:16.055+0000] {processor.py:208} INFO - Processing /opt/airflow/dags/olist_pipeline.py took 0.932 seconds
[2026-07-22T09:52:46.448+0000] {processor.py:186} INFO - Started process (PID=2656) to work on /opt/airflow/dags/olist_pipeline.py
[2026-07-22T09:52:46.449+0000] {processor.py:914} INFO - Processing file /opt/airflow/dags/olist_pipeline.py for tasks to queue
[2026-07-22T09:52:46.452+0000] {logging_mixin.py:190} INFO - [2026-07-22T09:52:46.451+0000] {dagbag.py:588} INFO - Filling up the DagBag from /opt/airflow/dags/olist_pipeline.py
[2026-07-22T09:52:47.337+0000] {processor.py:925} INFO - DAG(s) 'olist_gcp_data_engineering_pipeline' retrieved from /opt/airflow/dags/olist_pipeline.py
[2026-07-22T09:52:47.360+0000] {logging_mixin.py:190} INFO - [2026-07-22T09:52:47.360+0000] {dag.py:3239} INFO - Sync 1 DAGs
[2026-07-22T09:52:47.370+0000] {logging_mixin.py:190} INFO - [2026-07-22T09:52:47.370+0000] {dag.py:4180} INFO - Setting next_dagrun for olist_gcp_data_engineering_pipeline to None, run_after=None
[2026-07-22T09:52:47.381+0000] {processor.py:208} INFO - Processing /opt/airflow/dags/olist_pipeline.py took 0.942 seconds
[2026-07-22T09:53:17.750+0000] {processor.py:186} INFO - Started process (PID=2668) to work on /opt/airflow/dags/olist_pipeline.py
[2026-07-22T09:53:17.751+0000] {processor.py:914} INFO - Processing file /opt/airflow/dags/olist_pipeline.py for tasks to queue
[2026-07-22T09:53:17.754+0000] {logging_mixin.py:190} INFO - [2026-07-22T09:53:17.753+0000] {dagbag.py:588} INFO - Filling up the DagBag from /opt/airflow/dags/olist_pipeline.py
[2026-07-22T09:53:18.601+0000] {processor.py:925} INFO - DAG(s) 'olist_gcp_data_engineering_pipeline' retrieved from /opt/airflow/dags/olist_pipeline.py
[2026-07-22T09:53:18.621+0000] {logging_mixin.py:190} INFO - [2026-07-22T09:53:18.621+0000] {dag.py:3239} INFO - Sync 1 DAGs
[2026-07-22T09:53:18.628+0000] {logging_mixin.py:190} INFO - [2026-07-22T09:53:18.628+0000] {dag.py:4180} INFO - Setting next_dagrun for olist_gcp_data_engineering_pipeline to None, run_after=None
[2026-07-22T09:53:18.637+0000] {processor.py:208} INFO - Processing /opt/airflow/dags/olist_pipeline.py took 0.895 seconds
[2026-07-22T09:53:48.961+0000] {processor.py:186} INFO - Started process (PID=2681) to work on /opt/airflow/dags/olist_pipeline.py
[2026-07-22T09:53:48.962+0000] {processor.py:914} INFO - Processing file /opt/airflow/dags/olist_pipeline.py for tasks to queue
[2026-07-22T09:53:48.964+0000] {logging_mixin.py:190} INFO - [2026-07-22T09:53:48.963+0000] {dagbag.py:588} INFO - Filling up the DagBag from /opt/airflow/dags/olist_pipeline.py
[2026-07-22T09:53:49.760+0000] {processor.py:925} INFO - DAG(s) 'olist_gcp_data_engineering_pipeline' retrieved from /opt/airflow/dags/olist_pipeline.py
[2026-07-22T09:53:49.777+0000] {logging_mixin.py:190} INFO - [2026-07-22T09:53:49.777+0000] {dag.py:3239} INFO - Sync 1 DAGs
[2026-07-22T09:53:49.785+0000] {logging_mixin.py:190} INFO - [2026-07-22T09:53:49.785+0000] {dag.py:4180} INFO - Setting next_dagrun for olist_gcp_data_engineering_pipeline to None, run_after=None
[2026-07-22T09:53:49.794+0000] {processor.py:208} INFO - Processing /opt/airflow/dags/olist_pipeline.py took 0.840 seconds
[2026-07-22T09:54:20.103+0000] {processor.py:186} INFO - Started process (PID=2693) to work on /opt/airflow/dags/olist_pipeline.py
[2026-07-22T09:54:20.104+0000] {processor.py:914} INFO - Processing file /opt/airflow/dags/olist_pipeline.py for tasks to queue
[2026-07-22T09:54:20.107+0000] {logging_mixin.py:190} INFO - [2026-07-22T09:54:20.106+0000] {dagbag.py:588} INFO - Filling up the DagBag from /opt/airflow/dags/olist_pipeline.py
[2026-07-22T09:54:21.007+0000] {processor.py:925} INFO - DAG(s) 'olist_gcp_data_engineering_pipeline' retrieved from /opt/airflow/dags/olist_pipeline.py
[2026-07-22T09:54:21.030+0000] {logging_mixin.py:190} INFO - [2026-07-22T09:54:21.030+0000] {dag.py:3239} INFO - Sync 1 DAGs
[2026-07-22T09:54:21.040+0000] {logging_mixin.py:190} INFO - [2026-07-22T09:54:21.040+0000] {dag.py:4180} INFO - Setting next_dagrun for olist_gcp_data_engineering_pipeline to None, run_after=None
[2026-07-22T09:54:21.058+0000] {processor.py:208} INFO - Processing /opt/airflow/dags/olist_pipeline.py took 0.961 seconds
[2026-07-22T09:54:51.439+0000] {processor.py:186} INFO - Started process (PID=2705) to work on /opt/airflow/dags/olist_pipeline.py
[2026-07-22T09:54:51.440+0000] {processor.py:914} INFO - Processing file /opt/airflow/dags/olist_pipeline.py for tasks to queue
[2026-07-22T09:54:51.442+0000] {logging_mixin.py:190} INFO - [2026-07-22T09:54:51.442+0000] {dagbag.py:588} INFO - Filling up the DagBag from /opt/airflow/dags/olist_pipeline.py
[2026-07-22T09:54:52.239+0000] {processor.py:925} INFO - DAG(s) 'olist_gcp_data_engineering_pipeline' retrieved from /opt/airflow/dags/olist_pipeline.py
[2026-07-22T09:54:52.259+0000] {logging_mixin.py:190} INFO - [2026-07-22T09:54:52.259+0000] {dag.py:3239} INFO - Sync 1 DAGs
[2026-07-22T09:54:52.267+0000] {logging_mixin.py:190} INFO - [2026-07-22T09:54:52.267+0000] {dag.py:4180} INFO - Setting next_dagrun for olist_gcp_data_engineering_pipeline to None, run_after=None
[2026-07-22T09:54:52.276+0000] {processor.py:208} INFO - Processing /opt/airflow/dags/olist_pipeline.py took 0.844 seconds
[2026-07-22T09:55:22.657+0000] {processor.py:186} INFO - Started process (PID=2717) to work on /opt/airflow/dags/olist_pipeline.py
[2026-07-22T09:55:22.658+0000] {processor.py:914} INFO - Processing file /opt/airflow/dags/olist_pipeline.py for tasks to queue
[2026-07-22T09:55:22.661+0000] {logging_mixin.py:190} INFO - [2026-07-22T09:55:22.660+0000] {dagbag.py:588} INFO - Filling up the DagBag from /opt/airflow/dags/olist_pipeline.py
[2026-07-22T09:55:23.678+0000] {processor.py:925} INFO - DAG(s) 'olist_gcp_data_engineering_pipeline' retrieved from /opt/airflow/dags/olist_pipeline.py
[2026-07-22T09:55:23.711+0000] {logging_mixin.py:190} INFO - [2026-07-22T09:55:23.711+0000] {dag.py:3239} INFO - Sync 1 DAGs
[2026-07-22T09:55:23.721+0000] {logging_mixin.py:190} INFO - [2026-07-22T09:55:23.720+0000] {dag.py:4180} INFO - Setting next_dagrun for olist_gcp_data_engineering_pipeline to None, run_after=None
[2026-07-22T09:55:23.731+0000] {processor.py:208} INFO - Processing /opt/airflow/dags/olist_pipeline.py took 1.083 seconds
[2026-07-22T09:55:54.024+0000] {processor.py:186} INFO - Started process (PID=2735) to work on /opt/airflow/dags/olist_pipeline.py
[2026-07-22T09:55:54.025+0000] {processor.py:914} INFO - Processing file /opt/airflow/dags/olist_pipeline.py for tasks to queue
[2026-07-22T09:55:54.028+0000] {logging_mixin.py:190} INFO - [2026-07-22T09:55:54.027+0000] {dagbag.py:588} INFO - Filling up the DagBag from /opt/airflow/dags/olist_pipeline.py
[2026-07-22T09:55:54.774+0000] {processor.py:925} INFO - DAG(s) 'olist_gcp_data_engineering_pipeline' retrieved from /opt/airflow/dags/olist_pipeline.py
[2026-07-22T09:55:54.794+0000] {logging_mixin.py:190} INFO - [2026-07-22T09:55:54.794+0000] {dag.py:3239} INFO - Sync 1 DAGs
[2026-07-22T09:55:54.801+0000] {logging_mixin.py:190} INFO - [2026-07-22T09:55:54.801+0000] {dag.py:4180} INFO - Setting next_dagrun for olist_gcp_data_engineering_pipeline to None, run_after=None
[2026-07-22T09:55:54.811+0000] {processor.py:208} INFO - Processing /opt/airflow/dags/olist_pipeline.py took 0.793 seconds
[2026-07-22T09:56:25.182+0000] {processor.py:186} INFO - Started process (PID=2747) to work on /opt/airflow/dags/olist_pipeline.py
[2026-07-22T09:56:25.183+0000] {processor.py:914} INFO - Processing file /opt/airflow/dags/olist_pipeline.py for tasks to queue
[2026-07-22T09:56:25.185+0000] {logging_mixin.py:190} INFO - [2026-07-22T09:56:25.185+0000] {dagbag.py:588} INFO - Filling up the DagBag from /opt/airflow/dags/olist_pipeline.py
[2026-07-22T09:56:26.032+0000] {processor.py:925} INFO - DAG(s) 'olist_gcp_data_engineering_pipeline' retrieved from /opt/airflow/dags/olist_pipeline.py
[2026-07-22T09:56:26.054+0000] {logging_mixin.py:190} INFO - [2026-07-22T09:56:26.054+0000] {dag.py:3239} INFO - Sync 1 DAGs
[2026-07-22T09:56:26.062+0000] {logging_mixin.py:190} INFO - [2026-07-22T09:56:26.062+0000] {dag.py:4180} INFO - Setting next_dagrun for olist_gcp_data_engineering_pipeline to None, run_after=None
[2026-07-22T09:56:26.073+0000] {processor.py:208} INFO - Processing /opt/airflow/dags/olist_pipeline.py took 0.897 seconds
[2026-07-22T09:56:56.405+0000] {processor.py:186} INFO - Started process (PID=2759) to work on /opt/airflow/dags/olist_pipeline.py
[2026-07-22T09:56:56.406+0000] {processor.py:914} INFO - Processing file /opt/airflow/dags/olist_pipeline.py for tasks to queue
[2026-07-22T09:56:56.408+0000] {logging_mixin.py:190} INFO - [2026-07-22T09:56:56.408+0000] {dagbag.py:588} INFO - Filling up the DagBag from /opt/airflow/dags/olist_pipeline.py
[2026-07-22T09:56:57.243+0000] {processor.py:925} INFO - DAG(s) 'olist_gcp_data_engineering_pipeline' retrieved from /opt/airflow/dags/olist_pipeline.py
[2026-07-22T09:56:57.264+0000] {logging_mixin.py:190} INFO - [2026-07-22T09:56:57.263+0000] {dag.py:3239} INFO - Sync 1 DAGs
[2026-07-22T09:56:57.271+0000] {logging_mixin.py:190} INFO - [2026-07-22T09:56:57.271+0000] {dag.py:4180} INFO - Setting next_dagrun for olist_gcp_data_engineering_pipeline to None, run_after=None
[2026-07-22T09:56:57.280+0000] {processor.py:208} INFO - Processing /opt/airflow/dags/olist_pipeline.py took 0.883 seconds
[2026-07-22T09:57:27.646+0000] {processor.py:186} INFO - Started process (PID=2771) to work on /opt/airflow/dags/olist_pipeline.py
[2026-07-22T09:57:27.647+0000] {processor.py:914} INFO - Processing file /opt/airflow/dags/olist_pipeline.py for tasks to queue
[2026-07-22T09:57:27.649+0000] {logging_mixin.py:190} INFO - [2026-07-22T09:57:27.648+0000] {dagbag.py:588} INFO - Filling up the DagBag from /opt/airflow/dags/olist_pipeline.py
[2026-07-22T09:57:28.496+0000] {processor.py:925} INFO - DAG(s) 'olist_gcp_data_engineering_pipeline' retrieved from /opt/airflow/dags/olist_pipeline.py
[2026-07-22T09:57:28.515+0000] {logging_mixin.py:190} INFO - [2026-07-22T09:57:28.514+0000] {dag.py:3239} INFO - Sync 1 DAGs
[2026-07-22T09:57:28.523+0000] {logging_mixin.py:190} INFO - [2026-07-22T09:57:28.523+0000] {dag.py:4180} INFO - Setting next_dagrun for olist_gcp_data_engineering_pipeline to None, run_after=None
[2026-07-22T09:57:28.533+0000] {processor.py:208} INFO - Processing /opt/airflow/dags/olist_pipeline.py took 0.892 seconds
[2026-07-22T09:57:58.941+0000] {processor.py:186} INFO - Started process (PID=2783) to work on /opt/airflow/dags/olist_pipeline.py
[2026-07-22T09:57:58.942+0000] {processor.py:914} INFO - Processing file /opt/airflow/dags/olist_pipeline.py for tasks to queue
[2026-07-22T09:57:58.943+0000] {logging_mixin.py:190} INFO - [2026-07-22T09:57:58.943+0000] {dagbag.py:588} INFO - Filling up the DagBag from /opt/airflow/dags/olist_pipeline.py
[2026-07-22T09:57:59.730+0000] {processor.py:925} INFO - DAG(s) 'olist_gcp_data_engineering_pipeline' retrieved from /opt/airflow/dags/olist_pipeline.py
[2026-07-22T09:57:59.750+0000] {logging_mixin.py:190} INFO - [2026-07-22T09:57:59.750+0000] {dag.py:3239} INFO - Sync 1 DAGs
[2026-07-22T09:57:59.758+0000] {logging_mixin.py:190} INFO - [2026-07-22T09:57:59.758+0000] {dag.py:4180} INFO - Setting next_dagrun for olist_gcp_data_engineering_pipeline to None, run_after=None
[2026-07-22T09:57:59.768+0000] {processor.py:208} INFO - Processing /opt/airflow/dags/olist_pipeline.py took 0.832 seconds
[2026-07-22T09:58:30.138+0000] {processor.py:186} INFO - Started process (PID=2795) to work on /opt/airflow/dags/olist_pipeline.py
[2026-07-22T09:58:30.140+0000] {processor.py:914} INFO - Processing file /opt/airflow/dags/olist_pipeline.py for tasks to queue
[2026-07-22T09:58:30.142+0000] {logging_mixin.py:190} INFO - [2026-07-22T09:58:30.142+0000] {dagbag.py:588} INFO - Filling up the DagBag from /opt/airflow/dags/olist_pipeline.py
[2026-07-22T09:58:30.948+0000] {processor.py:925} INFO - DAG(s) 'olist_gcp_data_engineering_pipeline' retrieved from /opt/airflow/dags/olist_pipeline.py
[2026-07-22T09:58:30.971+0000] {logging_mixin.py:190} INFO - [2026-07-22T09:58:30.971+0000] {dag.py:3239} INFO - Sync 1 DAGs
[2026-07-22T09:58:30.980+0000] {logging_mixin.py:190} INFO - [2026-07-22T09:58:30.980+0000] {dag.py:4180} INFO - Setting next_dagrun for olist_gcp_data_engineering_pipeline to None, run_after=None
[2026-07-22T09:58:30.991+0000] {processor.py:208} INFO - Processing /opt/airflow/dags/olist_pipeline.py took 0.860 seconds
[2026-07-22T09:59:01.349+0000] {processor.py:186} INFO - Started process (PID=2807) to work on /opt/airflow/dags/olist_pipeline.py
[2026-07-22T09:59:01.350+0000] {processor.py:914} INFO - Processing file /opt/airflow/dags/olist_pipeline.py for tasks to queue
[2026-07-22T09:59:01.352+0000] {logging_mixin.py:190} INFO - [2026-07-22T09:59:01.352+0000] {dagbag.py:588} INFO - Filling up the DagBag from /opt/airflow/dags/olist_pipeline.py
[2026-07-22T09:59:02.125+0000] {processor.py:925} INFO - DAG(s) 'olist_gcp_data_engineering_pipeline' retrieved from /opt/airflow/dags/olist_pipeline.py
[2026-07-22T09:59:02.142+0000] {logging_mixin.py:190} INFO - [2026-07-22T09:59:02.141+0000] {dag.py:3239} INFO - Sync 1 DAGs
[2026-07-22T09:59:02.149+0000] {logging_mixin.py:190} INFO - [2026-07-22T09:59:02.148+0000] {dag.py:4180} INFO - Setting next_dagrun for olist_gcp_data_engineering_pipeline to None, run_after=None
[2026-07-22T09:59:02.158+0000] {processor.py:208} INFO - Processing /opt/airflow/dags/olist_pipeline.py took 0.817 seconds
[2026-07-22T09:59:32.539+0000] {processor.py:186} INFO - Started process (PID=2819) to work on /opt/airflow/dags/olist_pipeline.py
[2026-07-22T09:59:32.540+0000] {processor.py:914} INFO - Processing file /opt/airflow/dags/olist_pipeline.py for tasks to queue
[2026-07-22T09:59:32.542+0000] {logging_mixin.py:190} INFO - [2026-07-22T09:59:32.542+0000] {dagbag.py:588} INFO - Filling up the DagBag from /opt/airflow/dags/olist_pipeline.py
[2026-07-22T09:59:33.326+0000] {processor.py:925} INFO - DAG(s) 'olist_gcp_data_engineering_pipeline' retrieved from /opt/airflow/dags/olist_pipeline.py
[2026-07-22T09:59:33.344+0000] {logging_mixin.py:190} INFO - [2026-07-22T09:59:33.344+0000] {dag.py:3239} INFO - Sync 1 DAGs
[2026-07-22T09:59:33.352+0000] {logging_mixin.py:190} INFO - [2026-07-22T09:59:33.352+0000] {dag.py:4180} INFO - Setting next_dagrun for olist_gcp_data_engineering_pipeline to None, run_after=None
[2026-07-22T09:59:33.362+0000] {processor.py:208} INFO - Processing /opt/airflow/dags/olist_pipeline.py took 0.829 seconds
[2026-07-22T10:00:03.461+0000] {processor.py:186} INFO - Started process (PID=2830) to work on /opt/airflow/dags/olist_pipeline.py
[2026-07-22T10:00:03.461+0000] {processor.py:914} INFO - Processing file /opt/airflow/dags/olist_pipeline.py for tasks to queue
[2026-07-22T10:00:03.463+0000] {logging_mixin.py:190} INFO - [2026-07-22T10:00:03.463+0000] {dagbag.py:588} INFO - Filling up the DagBag from /opt/airflow/dags/olist_pipeline.py
[2026-07-22T10:00:04.230+0000] {processor.py:925} INFO - DAG(s) 'olist_gcp_data_engineering_pipeline' retrieved from /opt/airflow/dags/olist_pipeline.py
[2026-07-22T10:00:04.246+0000] {logging_mixin.py:190} INFO - [2026-07-22T10:00:04.246+0000] {dag.py:3239} INFO - Sync 1 DAGs
[2026-07-22T10:00:04.253+0000] {logging_mixin.py:190} INFO - [2026-07-22T10:00:04.253+0000] {dag.py:4180} INFO - Setting next_dagrun for olist_gcp_data_engineering_pipeline to None, run_after=None
[2026-07-22T10:00:04.263+0000] {processor.py:208} INFO - Processing /opt/airflow/dags/olist_pipeline.py took 0.808 seconds
[2026-07-22T10:00:34.562+0000] {processor.py:186} INFO - Started process (PID=2842) to work on /opt/airflow/dags/olist_pipeline.py
[2026-07-22T10:00:34.563+0000] {processor.py:914} INFO - Processing file /opt/airflow/dags/olist_pipeline.py for tasks to queue
[2026-07-22T10:00:34.565+0000] {logging_mixin.py:190} INFO - [2026-07-22T10:00:34.565+0000] {dagbag.py:588} INFO - Filling up the DagBag from /opt/airflow/dags/olist_pipeline.py
[2026-07-22T10:00:35.329+0000] {processor.py:925} INFO - DAG(s) 'olist_gcp_data_engineering_pipeline' retrieved from /opt/airflow/dags/olist_pipeline.py
[2026-07-22T10:00:35.346+0000] {logging_mixin.py:190} INFO - [2026-07-22T10:00:35.346+0000] {dag.py:3239} INFO - Sync 1 DAGs
[2026-07-22T10:00:35.354+0000] {logging_mixin.py:190} INFO - [2026-07-22T10:00:35.354+0000] {dag.py:4180} INFO - Setting next_dagrun for olist_gcp_data_engineering_pipeline to None, run_after=None
[2026-07-22T10:00:35.363+0000] {processor.py:208} INFO - Processing /opt/airflow/dags/olist_pipeline.py took 0.807 seconds
[2026-07-22T10:01:05.623+0000] {processor.py:186} INFO - Started process (PID=2854) to work on /opt/airflow/dags/olist_pipeline.py
[2026-07-22T10:01:05.624+0000] {processor.py:914} INFO - Processing file /opt/airflow/dags/olist_pipeline.py for tasks to queue
[2026-07-22T10:01:05.626+0000] {logging_mixin.py:190} INFO - [2026-07-22T10:01:05.626+0000] {dagbag.py:588} INFO - Filling up the DagBag from /opt/airflow/dags/olist_pipeline.py
[2026-07-22T10:01:06.369+0000] {processor.py:925} INFO - DAG(s) 'olist_gcp_data_engineering_pipeline' retrieved from /opt/airflow/dags/olist_pipeline.py
[2026-07-22T10:01:06.386+0000] {logging_mixin.py:190} INFO - [2026-07-22T10:01:06.386+0000] {dag.py:3239} INFO - Sync 1 DAGs
[2026-07-22T10:01:06.393+0000] {logging_mixin.py:190} INFO - [2026-07-22T10:01:06.393+0000] {dag.py:4180} INFO - Setting next_dagrun for olist_gcp_data_engineering_pipeline to None, run_after=None
[2026-07-22T10:01:06.402+0000] {processor.py:208} INFO - Processing /opt/airflow/dags/olist_pipeline.py took 0.785 seconds
[2026-07-22T10:01:36.683+0000] {processor.py:186} INFO - Started process (PID=2866) to work on /opt/airflow/dags/olist_pipeline.py
[2026-07-22T10:01:36.684+0000] {processor.py:914} INFO - Processing file /opt/airflow/dags/olist_pipeline.py for tasks to queue
[2026-07-22T10:01:36.686+0000] {logging_mixin.py:190} INFO - [2026-07-22T10:01:36.685+0000] {dagbag.py:588} INFO - Filling up the DagBag from /opt/airflow/dags/olist_pipeline.py
[2026-07-22T10:01:37.440+0000] {processor.py:925} INFO - DAG(s) 'olist_gcp_data_engineering_pipeline' retrieved from /opt/airflow/dags/olist_pipeline.py
[2026-07-22T10:01:37.459+0000] {logging_mixin.py:190} INFO - [2026-07-22T10:01:37.459+0000] {dag.py:3239} INFO - Sync 1 DAGs
[2026-07-22T10:01:37.466+0000] {logging_mixin.py:190} INFO - [2026-07-22T10:01:37.466+0000] {dag.py:4180} INFO - Setting next_dagrun for olist_gcp_data_engineering_pipeline to None, run_after=None
[2026-07-22T10:01:37.475+0000] {processor.py:208} INFO - Processing /opt/airflow/dags/olist_pipeline.py took 0.799 seconds
[2026-07-22T10:02:07.852+0000] {processor.py:186} INFO - Started process (PID=2878) to work on /opt/airflow/dags/olist_pipeline.py
[2026-07-22T10:02:07.853+0000] {processor.py:914} INFO - Processing file /opt/airflow/dags/olist_pipeline.py for tasks to queue
[2026-07-22T10:02:07.855+0000] {logging_mixin.py:190} INFO - [2026-07-22T10:02:07.854+0000] {dagbag.py:588} INFO - Filling up the DagBag from /opt/airflow/dags/olist_pipeline.py
[2026-07-22T10:02:08.625+0000] {processor.py:925} INFO - DAG(s) 'olist_gcp_data_engineering_pipeline' retrieved from /opt/airflow/dags/olist_pipeline.py
[2026-07-22T10:02:08.644+0000] {logging_mixin.py:190} INFO - [2026-07-22T10:02:08.644+0000] {dag.py:3239} INFO - Sync 1 DAGs
[2026-07-22T10:02:08.651+0000] {logging_mixin.py:190} INFO - [2026-07-22T10:02:08.651+0000] {dag.py:4180} INFO - Setting next_dagrun for olist_gcp_data_engineering_pipeline to None, run_after=None
[2026-07-22T10:02:08.661+0000] {processor.py:208} INFO - Processing /opt/airflow/dags/olist_pipeline.py took 0.814 seconds
[2026-07-22T10:02:39.019+0000] {processor.py:186} INFO - Started process (PID=2890) to work on /opt/airflow/dags/olist_pipeline.py
[2026-07-22T10:02:39.020+0000] {processor.py:914} INFO - Processing file /opt/airflow/dags/olist_pipeline.py for tasks to queue
[2026-07-22T10:02:39.022+0000] {logging_mixin.py:190} INFO - [2026-07-22T10:02:39.021+0000] {dagbag.py:588} INFO - Filling up the DagBag from /opt/airflow/dags/olist_pipeline.py
[2026-07-22T10:02:39.794+0000] {processor.py:925} INFO - DAG(s) 'olist_gcp_data_engineering_pipeline' retrieved from /opt/airflow/dags/olist_pipeline.py
[2026-07-22T10:02:39.813+0000] {logging_mixin.py:190} INFO - [2026-07-22T10:02:39.813+0000] {dag.py:3239} INFO - Sync 1 DAGs
[2026-07-22T10:02:39.820+0000] {logging_mixin.py:190} INFO - [2026-07-22T10:02:39.820+0000] {dag.py:4180} INFO - Setting next_dagrun for olist_gcp_data_engineering_pipeline to None, run_after=None
[2026-07-22T10:02:39.829+0000] {processor.py:208} INFO - Processing /opt/airflow/dags/olist_pipeline.py took 0.817 seconds
[2026-07-22T10:03:10.180+0000] {processor.py:186} INFO - Started process (PID=2902) to work on /opt/airflow/dags/olist_pipeline.py
[2026-07-22T10:03:10.181+0000] {processor.py:914} INFO - Processing file /opt/airflow/dags/olist_pipeline.py for tasks to queue
[2026-07-22T10:03:10.183+0000] {logging_mixin.py:190} INFO - [2026-07-22T10:03:10.183+0000] {dagbag.py:588} INFO - Filling up the DagBag from /opt/airflow/dags/olist_pipeline.py
[2026-07-22T10:03:10.958+0000] {processor.py:925} INFO - DAG(s) 'olist_gcp_data_engineering_pipeline' retrieved from /opt/airflow/dags/olist_pipeline.py
[2026-07-22T10:03:10.978+0000] {logging_mixin.py:190} INFO - [2026-07-22T10:03:10.978+0000] {dag.py:3239} INFO - Sync 1 DAGs
[2026-07-22T10:03:10.986+0000] {logging_mixin.py:190} INFO - [2026-07-22T10:03:10.986+0000] {dag.py:4180} INFO - Setting next_dagrun for olist_gcp_data_engineering_pipeline to None, run_after=None
[2026-07-22T10:03:10.995+0000] {processor.py:208} INFO - Processing /opt/airflow/dags/olist_pipeline.py took 0.822 seconds
[2026-07-22T10:03:41.339+0000] {processor.py:186} INFO - Started process (PID=2915) to work on /opt/airflow/dags/olist_pipeline.py
[2026-07-22T10:03:41.340+0000] {processor.py:914} INFO - Processing file /opt/airflow/dags/olist_pipeline.py for tasks to queue
[2026-07-22T10:03:41.342+0000] {logging_mixin.py:190} INFO - [2026-07-22T10:03:41.342+0000] {dagbag.py:588} INFO - Filling up the DagBag from /opt/airflow/dags/olist_pipeline.py
[2026-07-22T10:03:42.123+0000] {processor.py:925} INFO - DAG(s) 'olist_gcp_data_engineering_pipeline' retrieved from /opt/airflow/dags/olist_pipeline.py
[2026-07-22T10:03:42.141+0000] {logging_mixin.py:190} INFO - [2026-07-22T10:03:42.141+0000] {dag.py:3239} INFO - Sync 1 DAGs
[2026-07-22T10:03:42.149+0000] {logging_mixin.py:190} INFO - [2026-07-22T10:03:42.149+0000] {dag.py:4180} INFO - Setting next_dagrun for olist_gcp_data_engineering_pipeline to None, run_after=None
[2026-07-22T10:03:42.158+0000] {processor.py:208} INFO - Processing /opt/airflow/dags/olist_pipeline.py took 0.824 seconds
[2026-07-22T10:04:12.509+0000] {processor.py:186} INFO - Started process (PID=2927) to work on /opt/airflow/dags/olist_pipeline.py
[2026-07-22T10:04:12.510+0000] {processor.py:914} INFO - Processing file /opt/airflow/dags/olist_pipeline.py for tasks to queue
[2026-07-22T10:04:12.512+0000] {logging_mixin.py:190} INFO - [2026-07-22T10:04:12.512+0000] {dagbag.py:588} INFO - Filling up the DagBag from /opt/airflow/dags/olist_pipeline.py
[2026-07-22T10:04:13.305+0000] {processor.py:925} INFO - DAG(s) 'olist_gcp_data_engineering_pipeline' retrieved from /opt/airflow/dags/olist_pipeline.py
[2026-07-22T10:04:13.324+0000] {logging_mixin.py:190} INFO - [2026-07-22T10:04:13.324+0000] {dag.py:3239} INFO - Sync 1 DAGs
[2026-07-22T10:04:13.331+0000] {logging_mixin.py:190} INFO - [2026-07-22T10:04:13.331+0000] {dag.py:4180} INFO - Setting next_dagrun for olist_gcp_data_engineering_pipeline to None, run_after=None
[2026-07-22T10:04:13.340+0000] {processor.py:208} INFO - Processing /opt/airflow/dags/olist_pipeline.py took 0.838 seconds
[2026-07-22T10:04:43.721+0000] {processor.py:186} INFO - Started process (PID=2939) to work on /opt/airflow/dags/olist_pipeline.py
[2026-07-22T10:04:43.722+0000] {processor.py:914} INFO - Processing file /opt/airflow/dags/olist_pipeline.py for tasks to queue
[2026-07-22T10:04:43.724+0000] {logging_mixin.py:190} INFO - [2026-07-22T10:04:43.724+0000] {dagbag.py:588} INFO - Filling up the DagBag from /opt/airflow/dags/olist_pipeline.py
[2026-07-22T10:04:44.524+0000] {processor.py:925} INFO - DAG(s) 'olist_gcp_data_engineering_pipeline' retrieved from /opt/airflow/dags/olist_pipeline.py
[2026-07-22T10:04:44.544+0000] {logging_mixin.py:190} INFO - [2026-07-22T10:04:44.544+0000] {dag.py:3239} INFO - Sync 1 DAGs
[2026-07-22T10:04:44.551+0000] {logging_mixin.py:190} INFO - [2026-07-22T10:04:44.551+0000] {dag.py:4180} INFO - Setting next_dagrun for olist_gcp_data_engineering_pipeline to None, run_after=None
[2026-07-22T10:04:44.560+0000] {processor.py:208} INFO - Processing /opt/airflow/dags/olist_pipeline.py took 0.846 seconds
[2026-07-22T10:05:14.857+0000] {processor.py:186} INFO - Started process (PID=2951) to work on /opt/airflow/dags/olist_pipeline.py
[2026-07-22T10:05:14.858+0000] {processor.py:914} INFO - Processing file /opt/airflow/dags/olist_pipeline.py for tasks to queue
[2026-07-22T10:05:14.859+0000] {logging_mixin.py:190} INFO - [2026-07-22T10:05:14.859+0000] {dagbag.py:588} INFO - Filling up the DagBag from /opt/airflow/dags/olist_pipeline.py
[2026-07-22T10:05:15.632+0000] {processor.py:925} INFO - DAG(s) 'olist_gcp_data_engineering_pipeline' retrieved from /opt/airflow/dags/olist_pipeline.py
[2026-07-22T10:05:15.651+0000] {logging_mixin.py:190} INFO - [2026-07-22T10:05:15.650+0000] {dag.py:3239} INFO - Sync 1 DAGs
[2026-07-22T10:05:15.658+0000] {logging_mixin.py:190} INFO - [2026-07-22T10:05:15.658+0000] {dag.py:4180} INFO - Setting next_dagrun for olist_gcp_data_engineering_pipeline to None, run_after=None
[2026-07-22T10:05:15.667+0000] {processor.py:208} INFO - Processing /opt/airflow/dags/olist_pipeline.py took 0.816 seconds
[2026-07-22T10:05:45.978+0000] {processor.py:186} INFO - Started process (PID=2963) to work on /opt/airflow/dags/olist_pipeline.py
[2026-07-22T10:05:45.979+0000] {processor.py:914} INFO - Processing file /opt/airflow/dags/olist_pipeline.py for tasks to queue
[2026-07-22T10:05:45.981+0000] {logging_mixin.py:190} INFO - [2026-07-22T10:05:45.980+0000] {dagbag.py:588} INFO - Filling up the DagBag from /opt/airflow/dags/olist_pipeline.py
[2026-07-22T10:05:46.729+0000] {processor.py:925} INFO - DAG(s) 'olist_gcp_data_engineering_pipeline' retrieved from /opt/airflow/dags/olist_pipeline.py
[2026-07-22T10:05:46.747+0000] {logging_mixin.py:190} INFO - [2026-07-22T10:05:46.747+0000] {dag.py:3239} INFO - Sync 1 DAGs
[2026-07-22T10:05:46.754+0000] {logging_mixin.py:190} INFO - [2026-07-22T10:05:46.754+0000] {dag.py:4180} INFO - Setting next_dagrun for olist_gcp_data_engineering_pipeline to None, run_after=None
[2026-07-22T10:05:46.764+0000] {processor.py:208} INFO - Processing /opt/airflow/dags/olist_pipeline.py took 0.792 seconds
[2026-07-22T10:06:17.142+0000] {processor.py:186} INFO - Started process (PID=2976) to work on /opt/airflow/dags/olist_pipeline.py
[2026-07-22T10:06:17.143+0000] {processor.py:914} INFO - Processing file /opt/airflow/dags/olist_pipeline.py for tasks to queue
[2026-07-22T10:06:17.145+0000] {logging_mixin.py:190} INFO - [2026-07-22T10:06:17.144+0000] {dagbag.py:588} INFO - Filling up the DagBag from /opt/airflow/dags/olist_pipeline.py
[2026-07-22T10:06:17.920+0000] {processor.py:925} INFO - DAG(s) 'olist_gcp_data_engineering_pipeline' retrieved from /opt/airflow/dags/olist_pipeline.py
[2026-07-22T10:06:17.937+0000] {logging_mixin.py:190} INFO - [2026-07-22T10:06:17.937+0000] {dag.py:3239} INFO - Sync 1 DAGs
[2026-07-22T10:06:17.945+0000] {logging_mixin.py:190} INFO - [2026-07-22T10:06:17.944+0000] {dag.py:4180} INFO - Setting next_dagrun for olist_gcp_data_engineering_pipeline to None, run_after=None
[2026-07-22T10:06:17.954+0000] {processor.py:208} INFO - Processing /opt/airflow/dags/olist_pipeline.py took 0.818 seconds
[2026-07-22T10:06:48.309+0000] {processor.py:186} INFO - Started process (PID=2988) to work on /opt/airflow/dags/olist_pipeline.py
[2026-07-22T10:06:48.310+0000] {processor.py:914} INFO - Processing file /opt/airflow/dags/olist_pipeline.py for tasks to queue
[2026-07-22T10:06:48.312+0000] {logging_mixin.py:190} INFO - [2026-07-22T10:06:48.311+0000] {dagbag.py:588} INFO - Filling up the DagBag from /opt/airflow/dags/olist_pipeline.py
[2026-07-22T10:06:49.144+0000] {processor.py:925} INFO - DAG(s) 'olist_gcp_data_engineering_pipeline' retrieved from /opt/airflow/dags/olist_pipeline.py
[2026-07-22T10:06:49.164+0000] {logging_mixin.py:190} INFO - [2026-07-22T10:06:49.164+0000] {dag.py:3239} INFO - Sync 1 DAGs
[2026-07-22T10:06:49.172+0000] {logging_mixin.py:190} INFO - [2026-07-22T10:06:49.172+0000] {dag.py:4180} INFO - Setting next_dagrun for olist_gcp_data_engineering_pipeline to None, run_after=None
[2026-07-22T10:06:49.181+0000] {processor.py:208} INFO - Processing /opt/airflow/dags/olist_pipeline.py took 0.878 seconds
[2026-07-22T10:07:19.590+0000] {processor.py:186} INFO - Started process (PID=3000) to work on /opt/airflow/dags/olist_pipeline.py
[2026-07-22T10:07:19.591+0000] {processor.py:914} INFO - Processing file /opt/airflow/dags/olist_pipeline.py for tasks to queue
[2026-07-22T10:07:19.593+0000] {logging_mixin.py:190} INFO - [2026-07-22T10:07:19.593+0000] {dagbag.py:588} INFO - Filling up the DagBag from /opt/airflow/dags/olist_pipeline.py
[2026-07-22T10:07:20.502+0000] {processor.py:925} INFO - DAG(s) 'olist_gcp_data_engineering_pipeline' retrieved from /opt/airflow/dags/olist_pipeline.py
[2026-07-22T10:07:20.521+0000] {logging_mixin.py:190} INFO - [2026-07-22T10:07:20.521+0000] {dag.py:3239} INFO - Sync 1 DAGs
[2026-07-22T10:07:20.529+0000] {logging_mixin.py:190} INFO - [2026-07-22T10:07:20.529+0000] {dag.py:4180} INFO - Setting next_dagrun for olist_gcp_data_engineering_pipeline to None, run_after=None
[2026-07-22T10:07:20.538+0000] {processor.py:208} INFO - Processing /opt/airflow/dags/olist_pipeline.py took 0.955 seconds
[2026-07-22T10:07:50.934+0000] {processor.py:186} INFO - Started process (PID=3012) to work on /opt/airflow/dags/olist_pipeline.py
[2026-07-22T10:07:50.935+0000] {processor.py:914} INFO - Processing file /opt/airflow/dags/olist_pipeline.py for tasks to queue
[2026-07-22T10:07:50.939+0000] {logging_mixin.py:190} INFO - [2026-07-22T10:07:50.938+0000] {dagbag.py:588} INFO - Filling up the DagBag from /opt/airflow/dags/olist_pipeline.py
[2026-07-22T10:07:51.837+0000] {processor.py:925} INFO - DAG(s) 'olist_gcp_data_engineering_pipeline' retrieved from /opt/airflow/dags/olist_pipeline.py
[2026-07-22T10:07:51.857+0000] {logging_mixin.py:190} INFO - [2026-07-22T10:07:51.857+0000] {dag.py:3239} INFO - Sync 1 DAGs
[2026-07-22T10:07:51.865+0000] {logging_mixin.py:190} INFO - [2026-07-22T10:07:51.865+0000] {dag.py:4180} INFO - Setting next_dagrun for olist_gcp_data_engineering_pipeline to None, run_after=None
[2026-07-22T10:07:51.874+0000] {processor.py:208} INFO - Processing /opt/airflow/dags/olist_pipeline.py took 0.949 seconds
[2026-07-22T10:08:22.145+0000] {processor.py:186} INFO - Started process (PID=3056) to work on /opt/airflow/dags/olist_pipeline.py
[2026-07-22T10:08:22.147+0000] {processor.py:914} INFO - Processing file /opt/airflow/dags/olist_pipeline.py for tasks to queue
[2026-07-22T10:08:22.148+0000] {logging_mixin.py:190} INFO - [2026-07-22T10:08:22.148+0000] {dagbag.py:588} INFO - Filling up the DagBag from /opt/airflow/dags/olist_pipeline.py
[2026-07-22T10:08:22.939+0000] {processor.py:925} INFO - DAG(s) 'olist_gcp_data_engineering_pipeline' retrieved from /opt/airflow/dags/olist_pipeline.py
[2026-07-22T10:08:22.956+0000] {logging_mixin.py:190} INFO - [2026-07-22T10:08:22.956+0000] {dag.py:3239} INFO - Sync 1 DAGs
[2026-07-22T10:08:22.964+0000] {logging_mixin.py:190} INFO - [2026-07-22T10:08:22.963+0000] {dag.py:4180} INFO - Setting next_dagrun for olist_gcp_data_engineering_pipeline to None, run_after=None
[2026-07-22T10:08:22.973+0000] {processor.py:208} INFO - Processing /opt/airflow/dags/olist_pipeline.py took 0.831 seconds
[2026-07-22T10:08:53.303+0000] {processor.py:186} INFO - Started process (PID=3077) to work on /opt/airflow/dags/olist_pipeline.py
[2026-07-22T10:08:53.304+0000] {processor.py:914} INFO - Processing file /opt/airflow/dags/olist_pipeline.py for tasks to queue
[2026-07-22T10:08:53.305+0000] {logging_mixin.py:190} INFO - [2026-07-22T10:08:53.305+0000] {dagbag.py:588} INFO - Filling up the DagBag from /opt/airflow/dags/olist_pipeline.py
[2026-07-22T10:08:54.125+0000] {processor.py:925} INFO - DAG(s) 'olist_gcp_data_engineering_pipeline' retrieved from /opt/airflow/dags/olist_pipeline.py
[2026-07-22T10:08:54.144+0000] {logging_mixin.py:190} INFO - [2026-07-22T10:08:54.144+0000] {dag.py:3239} INFO - Sync 1 DAGs
[2026-07-22T10:08:54.153+0000] {logging_mixin.py:190} INFO - [2026-07-22T10:08:54.153+0000] {dag.py:4180} INFO - Setting next_dagrun for olist_gcp_data_engineering_pipeline to None, run_after=None
[2026-07-22T10:08:54.163+0000] {processor.py:208} INFO - Processing /opt/airflow/dags/olist_pipeline.py took 0.865 seconds
[2026-07-22T10:09:24.400+0000] {processor.py:186} INFO - Started process (PID=3147) to work on /opt/airflow/dags/olist_pipeline.py
[2026-07-22T10:09:24.401+0000] {processor.py:914} INFO - Processing file /opt/airflow/dags/olist_pipeline.py for tasks to queue
[2026-07-22T10:09:24.402+0000] {logging_mixin.py:190} INFO - [2026-07-22T10:09:24.402+0000] {dagbag.py:588} INFO - Filling up the DagBag from /opt/airflow/dags/olist_pipeline.py
[2026-07-22T10:09:25.366+0000] {processor.py:925} INFO - DAG(s) 'olist_gcp_data_engineering_pipeline' retrieved from /opt/airflow/dags/olist_pipeline.py
[2026-07-22T10:09:25.385+0000] {logging_mixin.py:190} INFO - [2026-07-22T10:09:25.385+0000] {dag.py:3239} INFO - Sync 1 DAGs
[2026-07-22T10:09:25.393+0000] {logging_mixin.py:190} INFO - [2026-07-22T10:09:25.393+0000] {dag.py:4180} INFO - Setting next_dagrun for olist_gcp_data_engineering_pipeline to None, run_after=None
[2026-07-22T10:09:25.403+0000] {processor.py:208} INFO - Processing /opt/airflow/dags/olist_pipeline.py took 1.009 seconds
[2026-07-22T10:09:55.648+0000] {processor.py:186} INFO - Started process (PID=3222) to work on /opt/airflow/dags/olist_pipeline.py
[2026-07-22T10:09:55.649+0000] {processor.py:914} INFO - Processing file /opt/airflow/dags/olist_pipeline.py for tasks to queue
[2026-07-22T10:09:55.650+0000] {logging_mixin.py:190} INFO - [2026-07-22T10:09:55.650+0000] {dagbag.py:588} INFO - Filling up the DagBag from /opt/airflow/dags/olist_pipeline.py
[2026-07-22T10:09:56.409+0000] {processor.py:925} INFO - DAG(s) 'olist_gcp_data_engineering_pipeline' retrieved from /opt/airflow/dags/olist_pipeline.py
[2026-07-22T10:09:56.434+0000] {logging_mixin.py:190} INFO - [2026-07-22T10:09:56.433+0000] {dag.py:3239} INFO - Sync 1 DAGs
[2026-07-22T10:09:56.443+0000] {logging_mixin.py:190} INFO - [2026-07-22T10:09:56.443+0000] {dag.py:4180} INFO - Setting next_dagrun for olist_gcp_data_engineering_pipeline to None, run_after=None
[2026-07-22T10:09:56.453+0000] {processor.py:208} INFO - Processing /opt/airflow/dags/olist_pipeline.py took 0.811 seconds
[2026-07-22T10:10:26.795+0000] {processor.py:186} INFO - Started process (PID=3240) to work on /opt/airflow/dags/olist_pipeline.py
[2026-07-22T10:10:26.796+0000] {processor.py:914} INFO - Processing file /opt/airflow/dags/olist_pipeline.py for tasks to queue
[2026-07-22T10:10:26.799+0000] {logging_mixin.py:190} INFO - [2026-07-22T10:10:26.798+0000] {dagbag.py:588} INFO - Filling up the DagBag from /opt/airflow/dags/olist_pipeline.py
[2026-07-22T10:10:27.662+0000] {processor.py:925} INFO - DAG(s) 'olist_gcp_data_engineering_pipeline' retrieved from /opt/airflow/dags/olist_pipeline.py
[2026-07-22T10:10:27.680+0000] {logging_mixin.py:190} INFO - [2026-07-22T10:10:27.680+0000] {dag.py:3239} INFO - Sync 1 DAGs
[2026-07-22T10:10:27.688+0000] {logging_mixin.py:190} INFO - [2026-07-22T10:10:27.688+0000] {dag.py:4180} INFO - Setting next_dagrun for olist_gcp_data_engineering_pipeline to None, run_after=None
[2026-07-22T10:10:27.697+0000] {processor.py:208} INFO - Processing /opt/airflow/dags/olist_pipeline.py took 0.911 seconds
[2026-07-22T10:10:58.033+0000] {processor.py:186} INFO - Started process (PID=3252) to work on /opt/airflow/dags/olist_pipeline.py
[2026-07-22T10:10:58.034+0000] {processor.py:914} INFO - Processing file /opt/airflow/dags/olist_pipeline.py for tasks to queue
[2026-07-22T10:10:58.036+0000] {logging_mixin.py:190} INFO - [2026-07-22T10:10:58.036+0000] {dagbag.py:588} INFO - Filling up the DagBag from /opt/airflow/dags/olist_pipeline.py
[2026-07-22T10:10:58.951+0000] {processor.py:925} INFO - DAG(s) 'olist_gcp_data_engineering_pipeline' retrieved from /opt/airflow/dags/olist_pipeline.py
[2026-07-22T10:10:58.975+0000] {logging_mixin.py:190} INFO - [2026-07-22T10:10:58.975+0000] {dag.py:3239} INFO - Sync 1 DAGs
[2026-07-22T10:10:58.985+0000] {logging_mixin.py:190} INFO - [2026-07-22T10:10:58.985+0000] {dag.py:4180} INFO - Setting next_dagrun for olist_gcp_data_engineering_pipeline to None, run_after=None
[2026-07-22T10:10:58.996+0000] {processor.py:208} INFO - Processing /opt/airflow/dags/olist_pipeline.py took 0.972 seconds
[2026-07-22T10:11:29.344+0000] {processor.py:186} INFO - Started process (PID=3264) to work on /opt/airflow/dags/olist_pipeline.py
[2026-07-22T10:11:29.345+0000] {processor.py:914} INFO - Processing file /opt/airflow/dags/olist_pipeline.py for tasks to queue
[2026-07-22T10:11:29.347+0000] {logging_mixin.py:190} INFO - [2026-07-22T10:11:29.347+0000] {dagbag.py:588} INFO - Filling up the DagBag from /opt/airflow/dags/olist_pipeline.py
[2026-07-22T10:11:30.221+0000] {processor.py:925} INFO - DAG(s) 'olist_gcp_data_engineering_pipeline' retrieved from /opt/airflow/dags/olist_pipeline.py
[2026-07-22T10:11:30.242+0000] {logging_mixin.py:190} INFO - [2026-07-22T10:11:30.241+0000] {dag.py:3239} INFO - Sync 1 DAGs
[2026-07-22T10:11:30.250+0000] {logging_mixin.py:190} INFO - [2026-07-22T10:11:30.250+0000] {dag.py:4180} INFO - Setting next_dagrun for olist_gcp_data_engineering_pipeline to None, run_after=None
[2026-07-22T10:11:30.260+0000] {processor.py:208} INFO - Processing /opt/airflow/dags/olist_pipeline.py took 0.923 seconds
[2026-07-22T10:12:00.636+0000] {processor.py:186} INFO - Started process (PID=3276) to work on /opt/airflow/dags/olist_pipeline.py
[2026-07-22T10:12:00.637+0000] {processor.py:914} INFO - Processing file /opt/airflow/dags/olist_pipeline.py for tasks to queue
[2026-07-22T10:12:00.639+0000] {logging_mixin.py:190} INFO - [2026-07-22T10:12:00.639+0000] {dagbag.py:588} INFO - Filling up the DagBag from /opt/airflow/dags/olist_pipeline.py
[2026-07-22T10:12:01.446+0000] {processor.py:925} INFO - DAG(s) 'olist_gcp_data_engineering_pipeline' retrieved from /opt/airflow/dags/olist_pipeline.py
[2026-07-22T10:12:01.466+0000] {logging_mixin.py:190} INFO - [2026-07-22T10:12:01.466+0000] {dag.py:3239} INFO - Sync 1 DAGs
[2026-07-22T10:12:01.474+0000] {logging_mixin.py:190} INFO - [2026-07-22T10:12:01.474+0000] {dag.py:4180} INFO - Setting next_dagrun for olist_gcp_data_engineering_pipeline to None, run_after=None
[2026-07-22T10:12:01.484+0000] {processor.py:208} INFO - Processing /opt/airflow/dags/olist_pipeline.py took 0.856 seconds
[2026-07-22T10:12:31.857+0000] {processor.py:186} INFO - Started process (PID=3288) to work on /opt/airflow/dags/olist_pipeline.py
[2026-07-22T10:12:31.858+0000] {processor.py:914} INFO - Processing file /opt/airflow/dags/olist_pipeline.py for tasks to queue
[2026-07-22T10:12:31.860+0000] {logging_mixin.py:190} INFO - [2026-07-22T10:12:31.860+0000] {dagbag.py:588} INFO - Filling up the DagBag from /opt/airflow/dags/olist_pipeline.py
[2026-07-22T10:12:32.677+0000] {processor.py:925} INFO - DAG(s) 'olist_gcp_data_engineering_pipeline' retrieved from /opt/airflow/dags/olist_pipeline.py
[2026-07-22T10:12:32.699+0000] {logging_mixin.py:190} INFO - [2026-07-22T10:12:32.698+0000] {dag.py:3239} INFO - Sync 1 DAGs
[2026-07-22T10:12:32.706+0000] {logging_mixin.py:190} INFO - [2026-07-22T10:12:32.706+0000] {dag.py:4180} INFO - Setting next_dagrun for olist_gcp_data_engineering_pipeline to None, run_after=None
[2026-07-22T10:12:32.716+0000] {processor.py:208} INFO - Processing /opt/airflow/dags/olist_pipeline.py took 0.866 seconds
[2026-07-22T10:13:03.135+0000] {processor.py:186} INFO - Started process (PID=3300) to work on /opt/airflow/dags/olist_pipeline.py
[2026-07-22T10:13:03.137+0000] {processor.py:914} INFO - Processing file /opt/airflow/dags/olist_pipeline.py for tasks to queue
[2026-07-22T10:13:03.140+0000] {logging_mixin.py:190} INFO - [2026-07-22T10:13:03.140+0000] {dagbag.py:588} INFO - Filling up the DagBag from /opt/airflow/dags/olist_pipeline.py
[2026-07-22T10:13:04.083+0000] {processor.py:925} INFO - DAG(s) 'olist_gcp_data_engineering_pipeline' retrieved from /opt/airflow/dags/olist_pipeline.py
[2026-07-22T10:13:04.105+0000] {logging_mixin.py:190} INFO - [2026-07-22T10:13:04.105+0000] {dag.py:3239} INFO - Sync 1 DAGs
[2026-07-22T10:13:04.114+0000] {logging_mixin.py:190} INFO - [2026-07-22T10:13:04.114+0000] {dag.py:4180} INFO - Setting next_dagrun for olist_gcp_data_engineering_pipeline to None, run_after=None
[2026-07-22T10:13:04.124+0000] {processor.py:208} INFO - Processing /opt/airflow/dags/olist_pipeline.py took 1.003 seconds
[2026-07-22T10:13:34.460+0000] {processor.py:186} INFO - Started process (PID=3312) to work on /opt/airflow/dags/olist_pipeline.py
[2026-07-22T10:13:34.461+0000] {processor.py:914} INFO - Processing file /opt/airflow/dags/olist_pipeline.py for tasks to queue
[2026-07-22T10:13:34.463+0000] {logging_mixin.py:190} INFO - [2026-07-22T10:13:34.462+0000] {dagbag.py:588} INFO - Filling up the DagBag from /opt/airflow/dags/olist_pipeline.py
[2026-07-22T10:13:35.236+0000] {processor.py:925} INFO - DAG(s) 'olist_gcp_data_engineering_pipeline' retrieved from /opt/airflow/dags/olist_pipeline.py
[2026-07-22T10:13:35.257+0000] {logging_mixin.py:190} INFO - [2026-07-22T10:13:35.257+0000] {dag.py:3239} INFO - Sync 1 DAGs
[2026-07-22T10:13:35.265+0000] {logging_mixin.py:190} INFO - [2026-07-22T10:13:35.265+0000] {dag.py:4180} INFO - Setting next_dagrun for olist_gcp_data_engineering_pipeline to None, run_after=None
[2026-07-22T10:13:35.276+0000] {processor.py:208} INFO - Processing /opt/airflow/dags/olist_pipeline.py took 0.822 seconds
[2026-07-22T10:14:05.620+0000] {processor.py:186} INFO - Started process (PID=3324) to work on /opt/airflow/dags/olist_pipeline.py
[2026-07-22T10:14:05.622+0000] {processor.py:914} INFO - Processing file /opt/airflow/dags/olist_pipeline.py for tasks to queue
[2026-07-22T10:14:05.624+0000] {logging_mixin.py:190} INFO - [2026-07-22T10:14:05.624+0000] {dagbag.py:588} INFO - Filling up the DagBag from /opt/airflow/dags/olist_pipeline.py
[2026-07-22T10:14:06.418+0000] {processor.py:925} INFO - DAG(s) 'olist_gcp_data_engineering_pipeline' retrieved from /opt/airflow/dags/olist_pipeline.py
[2026-07-22T10:14:06.441+0000] {logging_mixin.py:190} INFO - [2026-07-22T10:14:06.441+0000] {dag.py:3239} INFO - Sync 1 DAGs
[2026-07-22T10:14:06.449+0000] {logging_mixin.py:190} INFO - [2026-07-22T10:14:06.448+0000] {dag.py:4180} INFO - Setting next_dagrun for olist_gcp_data_engineering_pipeline to None, run_after=None
[2026-07-22T10:14:06.459+0000] {processor.py:208} INFO - Processing /opt/airflow/dags/olist_pipeline.py took 0.845 seconds
[2026-07-22T10:14:36.823+0000] {processor.py:186} INFO - Started process (PID=3336) to work on /opt/airflow/dags/olist_pipeline.py
[2026-07-22T10:14:36.824+0000] {processor.py:914} INFO - Processing file /opt/airflow/dags/olist_pipeline.py for tasks to queue
[2026-07-22T10:14:36.826+0000] {logging_mixin.py:190} INFO - [2026-07-22T10:14:36.826+0000] {dagbag.py:588} INFO - Filling up the DagBag from /opt/airflow/dags/olist_pipeline.py
[2026-07-22T10:14:37.630+0000] {processor.py:925} INFO - DAG(s) 'olist_gcp_data_engineering_pipeline' retrieved from /opt/airflow/dags/olist_pipeline.py
[2026-07-22T10:14:37.650+0000] {logging_mixin.py:190} INFO - [2026-07-22T10:14:37.650+0000] {dag.py:3239} INFO - Sync 1 DAGs
[2026-07-22T10:14:37.658+0000] {logging_mixin.py:190} INFO - [2026-07-22T10:14:37.658+0000] {dag.py:4180} INFO - Setting next_dagrun for olist_gcp_data_engineering_pipeline to None, run_after=None
[2026-07-22T10:14:37.668+0000] {processor.py:208} INFO - Processing /opt/airflow/dags/olist_pipeline.py took 0.851 seconds
[2026-07-22T10:15:08.003+0000] {processor.py:186} INFO - Started process (PID=3348) to work on /opt/airflow/dags/olist_pipeline.py
[2026-07-22T10:15:08.004+0000] {processor.py:914} INFO - Processing file /opt/airflow/dags/olist_pipeline.py for tasks to queue
[2026-07-22T10:15:08.006+0000] {logging_mixin.py:190} INFO - [2026-07-22T10:15:08.006+0000] {dagbag.py:588} INFO - Filling up the DagBag from /opt/airflow/dags/olist_pipeline.py
[2026-07-22T10:15:08.879+0000] {processor.py:925} INFO - DAG(s) 'olist_gcp_data_engineering_pipeline' retrieved from /opt/airflow/dags/olist_pipeline.py
[2026-07-22T10:15:08.901+0000] {logging_mixin.py:190} INFO - [2026-07-22T10:15:08.901+0000] {dag.py:3239} INFO - Sync 1 DAGs
[2026-07-22T10:15:08.910+0000] {logging_mixin.py:190} INFO - [2026-07-22T10:15:08.910+0000] {dag.py:4180} INFO - Setting next_dagrun for olist_gcp_data_engineering_pipeline to None, run_after=None
[2026-07-22T10:15:08.920+0000] {processor.py:208} INFO - Processing /opt/airflow/dags/olist_pipeline.py took 0.924 seconds
[2026-07-22T10:15:39.257+0000] {processor.py:186} INFO - Started process (PID=3360) to work on /opt/airflow/dags/olist_pipeline.py
[2026-07-22T10:15:39.258+0000] {processor.py:914} INFO - Processing file /opt/airflow/dags/olist_pipeline.py for tasks to queue
[2026-07-22T10:15:39.260+0000] {logging_mixin.py:190} INFO - [2026-07-22T10:15:39.260+0000] {dagbag.py:588} INFO - Filling up the DagBag from /opt/airflow/dags/olist_pipeline.py
[2026-07-22T10:15:40.077+0000] {processor.py:925} INFO - DAG(s) 'olist_gcp_data_engineering_pipeline' retrieved from /opt/airflow/dags/olist_pipeline.py
[2026-07-22T10:15:40.097+0000] {logging_mixin.py:190} INFO - [2026-07-22T10:15:40.097+0000] {dag.py:3239} INFO - Sync 1 DAGs
[2026-07-22T10:15:40.106+0000] {logging_mixin.py:190} INFO - [2026-07-22T10:15:40.105+0000] {dag.py:4180} INFO - Setting next_dagrun for olist_gcp_data_engineering_pipeline to None, run_after=None
[2026-07-22T10:15:40.116+0000] {processor.py:208} INFO - Processing /opt/airflow/dags/olist_pipeline.py took 0.866 seconds
[2026-07-22T10:16:10.489+0000] {processor.py:186} INFO - Started process (PID=3372) to work on /opt/airflow/dags/olist_pipeline.py
[2026-07-22T10:16:10.491+0000] {processor.py:914} INFO - Processing file /opt/airflow/dags/olist_pipeline.py for tasks to queue
[2026-07-22T10:16:10.494+0000] {logging_mixin.py:190} INFO - [2026-07-22T10:16:10.494+0000] {dagbag.py:588} INFO - Filling up the DagBag from /opt/airflow/dags/olist_pipeline.py
[2026-07-22T10:16:11.498+0000] {processor.py:925} INFO - DAG(s) 'olist_gcp_data_engineering_pipeline' retrieved from /opt/airflow/dags/olist_pipeline.py
[2026-07-22T10:16:11.522+0000] {logging_mixin.py:190} INFO - [2026-07-22T10:16:11.522+0000] {dag.py:3239} INFO - Sync 1 DAGs
[2026-07-22T10:16:11.530+0000] {logging_mixin.py:190} INFO - [2026-07-22T10:16:11.530+0000] {dag.py:4180} INFO - Setting next_dagrun for olist_gcp_data_engineering_pipeline to None, run_after=None
[2026-07-22T10:16:11.540+0000] {processor.py:208} INFO - Processing /opt/airflow/dags/olist_pipeline.py took 1.065 seconds
[2026-07-22T10:16:41.831+0000] {processor.py:186} INFO - Started process (PID=3384) to work on /opt/airflow/dags/olist_pipeline.py
[2026-07-22T10:16:41.831+0000] {processor.py:914} INFO - Processing file /opt/airflow/dags/olist_pipeline.py for tasks to queue
[2026-07-22T10:16:41.834+0000] {logging_mixin.py:190} INFO - [2026-07-22T10:16:41.833+0000] {dagbag.py:588} INFO - Filling up the DagBag from /opt/airflow/dags/olist_pipeline.py
[2026-07-22T10:16:42.729+0000] {processor.py:925} INFO - DAG(s) 'olist_gcp_data_engineering_pipeline' retrieved from /opt/airflow/dags/olist_pipeline.py
[2026-07-22T10:16:42.754+0000] {logging_mixin.py:190} INFO - [2026-07-22T10:16:42.754+0000] {dag.py:3239} INFO - Sync 1 DAGs
[2026-07-22T10:16:42.764+0000] {logging_mixin.py:190} INFO - [2026-07-22T10:16:42.764+0000] {dag.py:4180} INFO - Setting next_dagrun for olist_gcp_data_engineering_pipeline to None, run_after=None
[2026-07-22T10:16:42.777+0000] {processor.py:208} INFO - Processing /opt/airflow/dags/olist_pipeline.py took 0.953 seconds
[2026-07-22T10:17:13.168+0000] {processor.py:186} INFO - Started process (PID=3397) to work on /opt/airflow/dags/olist_pipeline.py
[2026-07-22T10:17:13.169+0000] {processor.py:914} INFO - Processing file /opt/airflow/dags/olist_pipeline.py for tasks to queue
[2026-07-22T10:17:13.171+0000] {logging_mixin.py:190} INFO - [2026-07-22T10:17:13.170+0000] {dagbag.py:588} INFO - Filling up the DagBag from /opt/airflow/dags/olist_pipeline.py
[2026-07-22T10:17:13.924+0000] {processor.py:925} INFO - DAG(s) 'olist_gcp_data_engineering_pipeline' retrieved from /opt/airflow/dags/olist_pipeline.py
[2026-07-22T10:17:13.942+0000] {logging_mixin.py:190} INFO - [2026-07-22T10:17:13.942+0000] {dag.py:3239} INFO - Sync 1 DAGs
[2026-07-22T10:17:13.951+0000] {logging_mixin.py:190} INFO - [2026-07-22T10:17:13.951+0000] {dag.py:4180} INFO - Setting next_dagrun for olist_gcp_data_engineering_pipeline to None, run_after=None
[2026-07-22T10:17:13.961+0000] {processor.py:208} INFO - Processing /opt/airflow/dags/olist_pipeline.py took 0.799 seconds
[2026-07-22T10:17:44.325+0000] {processor.py:186} INFO - Started process (PID=3409) to work on /opt/airflow/dags/olist_pipeline.py
[2026-07-22T10:17:44.326+0000] {processor.py:914} INFO - Processing file /opt/airflow/dags/olist_pipeline.py for tasks to queue
[2026-07-22T10:17:44.328+0000] {logging_mixin.py:190} INFO - [2026-07-22T10:17:44.328+0000] {dagbag.py:588} INFO - Filling up the DagBag from /opt/airflow/dags/olist_pipeline.py
[2026-07-22T10:17:45.102+0000] {processor.py:925} INFO - DAG(s) 'olist_gcp_data_engineering_pipeline' retrieved from /opt/airflow/dags/olist_pipeline.py
[2026-07-22T10:17:45.121+0000] {logging_mixin.py:190} INFO - [2026-07-22T10:17:45.121+0000] {dag.py:3239} INFO - Sync 1 DAGs
[2026-07-22T10:17:45.130+0000] {logging_mixin.py:190} INFO - [2026-07-22T10:17:45.129+0000] {dag.py:4180} INFO - Setting next_dagrun for olist_gcp_data_engineering_pipeline to None, run_after=None
[2026-07-22T10:17:45.139+0000] {processor.py:208} INFO - Processing /opt/airflow/dags/olist_pipeline.py took 0.820 seconds
[2026-07-22T10:18:15.510+0000] {processor.py:186} INFO - Started process (PID=3422) to work on /opt/airflow/dags/olist_pipeline.py
[2026-07-22T10:18:15.511+0000] {processor.py:914} INFO - Processing file /opt/airflow/dags/olist_pipeline.py for tasks to queue
[2026-07-22T10:18:15.513+0000] {logging_mixin.py:190} INFO - [2026-07-22T10:18:15.513+0000] {dagbag.py:588} INFO - Filling up the DagBag from /opt/airflow/dags/olist_pipeline.py
[2026-07-22T10:18:16.265+0000] {processor.py:925} INFO - DAG(s) 'olist_gcp_data_engineering_pipeline' retrieved from /opt/airflow/dags/olist_pipeline.py
[2026-07-22T10:18:16.283+0000] {logging_mixin.py:190} INFO - [2026-07-22T10:18:16.283+0000] {dag.py:3239} INFO - Sync 1 DAGs
[2026-07-22T10:18:16.290+0000] {logging_mixin.py:190} INFO - [2026-07-22T10:18:16.290+0000] {dag.py:4180} INFO - Setting next_dagrun for olist_gcp_data_engineering_pipeline to None, run_after=None
[2026-07-22T10:18:16.299+0000] {processor.py:208} INFO - Processing /opt/airflow/dags/olist_pipeline.py took 0.796 seconds
[2026-07-22T10:18:46.644+0000] {processor.py:186} INFO - Started process (PID=3434) to work on /opt/airflow/dags/olist_pipeline.py
[2026-07-22T10:18:46.645+0000] {processor.py:914} INFO - Processing file /opt/airflow/dags/olist_pipeline.py for tasks to queue
[2026-07-22T10:18:46.647+0000] {logging_mixin.py:190} INFO - [2026-07-22T10:18:46.647+0000] {dagbag.py:588} INFO - Filling up the DagBag from /opt/airflow/dags/olist_pipeline.py
[2026-07-22T10:18:47.428+0000] {processor.py:925} INFO - DAG(s) 'olist_gcp_data_engineering_pipeline' retrieved from /opt/airflow/dags/olist_pipeline.py
[2026-07-22T10:18:47.447+0000] {logging_mixin.py:190} INFO - [2026-07-22T10:18:47.447+0000] {dag.py:3239} INFO - Sync 1 DAGs
[2026-07-22T10:18:47.454+0000] {logging_mixin.py:190} INFO - [2026-07-22T10:18:47.454+0000] {dag.py:4180} INFO - Setting next_dagrun for olist_gcp_data_engineering_pipeline to None, run_after=None
[2026-07-22T10:18:47.463+0000] {processor.py:208} INFO - Processing /opt/airflow/dags/olist_pipeline.py took 0.825 seconds
[2026-07-22T10:19:17.819+0000] {processor.py:186} INFO - Started process (PID=3446) to work on /opt/airflow/dags/olist_pipeline.py
[2026-07-22T10:19:17.821+0000] {processor.py:914} INFO - Processing file /opt/airflow/dags/olist_pipeline.py for tasks to queue
[2026-07-22T10:19:17.823+0000] {logging_mixin.py:190} INFO - [2026-07-22T10:19:17.822+0000] {dagbag.py:588} INFO - Filling up the DagBag from /opt/airflow/dags/olist_pipeline.py
[2026-07-22T10:19:18.598+0000] {processor.py:925} INFO - DAG(s) 'olist_gcp_data_engineering_pipeline' retrieved from /opt/airflow/dags/olist_pipeline.py
[2026-07-22T10:19:18.617+0000] {logging_mixin.py:190} INFO - [2026-07-22T10:19:18.616+0000] {dag.py:3239} INFO - Sync 1 DAGs
[2026-07-22T10:19:18.624+0000] {logging_mixin.py:190} INFO - [2026-07-22T10:19:18.624+0000] {dag.py:4180} INFO - Setting next_dagrun for olist_gcp_data_engineering_pipeline to None, run_after=None
[2026-07-22T10:19:18.633+0000] {processor.py:208} INFO - Processing /opt/airflow/dags/olist_pipeline.py took 0.821 seconds
[2026-07-22T10:19:48.849+0000] {processor.py:186} INFO - Started process (PID=3458) to work on /opt/airflow/dags/olist_pipeline.py
[2026-07-22T10:19:48.850+0000] {processor.py:914} INFO - Processing file /opt/airflow/dags/olist_pipeline.py for tasks to queue
[2026-07-22T10:19:48.852+0000] {logging_mixin.py:190} INFO - [2026-07-22T10:19:48.851+0000] {dagbag.py:588} INFO - Filling up the DagBag from /opt/airflow/dags/olist_pipeline.py
[2026-07-22T10:19:49.711+0000] {processor.py:925} INFO - DAG(s) 'olist_gcp_data_engineering_pipeline' retrieved from /opt/airflow/dags/olist_pipeline.py
[2026-07-22T10:19:49.729+0000] {logging_mixin.py:190} INFO - [2026-07-22T10:19:49.729+0000] {dag.py:3239} INFO - Sync 1 DAGs
[2026-07-22T10:19:49.738+0000] {logging_mixin.py:190} INFO - [2026-07-22T10:19:49.738+0000] {dag.py:4180} INFO - Setting next_dagrun for olist_gcp_data_engineering_pipeline to None, run_after=None
[2026-07-22T10:19:49.749+0000] {processor.py:208} INFO - Processing /opt/airflow/dags/olist_pipeline.py took 0.906 seconds
[2026-07-22T10:20:20.156+0000] {processor.py:186} INFO - Started process (PID=3470) to work on /opt/airflow/dags/olist_pipeline.py
[2026-07-22T10:20:20.157+0000] {processor.py:914} INFO - Processing file /opt/airflow/dags/olist_pipeline.py for tasks to queue
[2026-07-22T10:20:20.159+0000] {logging_mixin.py:190} INFO - [2026-07-22T10:20:20.159+0000] {dagbag.py:588} INFO - Filling up the DagBag from /opt/airflow/dags/olist_pipeline.py
[2026-07-22T10:20:20.948+0000] {processor.py:925} INFO - DAG(s) 'olist_gcp_data_engineering_pipeline' retrieved from /opt/airflow/dags/olist_pipeline.py
[2026-07-22T10:20:20.969+0000] {logging_mixin.py:190} INFO - [2026-07-22T10:20:20.969+0000] {dag.py:3239} INFO - Sync 1 DAGs
[2026-07-22T10:20:20.978+0000] {logging_mixin.py:190} INFO - [2026-07-22T10:20:20.978+0000] {dag.py:4180} INFO - Setting next_dagrun for olist_gcp_data_engineering_pipeline to None, run_after=None
[2026-07-22T10:20:20.989+0000] {processor.py:208} INFO - Processing /opt/airflow/dags/olist_pipeline.py took 0.840 seconds
[2026-07-22T10:20:51.420+0000] {processor.py:186} INFO - Started process (PID=3482) to work on /opt/airflow/dags/olist_pipeline.py
[2026-07-22T10:20:51.422+0000] {processor.py:914} INFO - Processing file /opt/airflow/dags/olist_pipeline.py for tasks to queue
[2026-07-22T10:20:51.425+0000] {logging_mixin.py:190} INFO - [2026-07-22T10:20:51.424+0000] {dagbag.py:588} INFO - Filling up the DagBag from /opt/airflow/dags/olist_pipeline.py
[2026-07-22T10:20:52.201+0000] {processor.py:925} INFO - DAG(s) 'olist_gcp_data_engineering_pipeline' retrieved from /opt/airflow/dags/olist_pipeline.py
[2026-07-22T10:20:52.221+0000] {logging_mixin.py:190} INFO - [2026-07-22T10:20:52.221+0000] {dag.py:3239} INFO - Sync 1 DAGs
[2026-07-22T10:20:52.227+0000] {logging_mixin.py:190} INFO - [2026-07-22T10:20:52.227+0000] {dag.py:4180} INFO - Setting next_dagrun for olist_gcp_data_engineering_pipeline to None, run_after=None
[2026-07-22T10:20:52.234+0000] {processor.py:208} INFO - Processing /opt/airflow/dags/olist_pipeline.py took 0.829 seconds
[2026-07-22T10:21:22.750+0000] {processor.py:186} INFO - Started process (PID=3494) to work on /opt/airflow/dags/olist_pipeline.py
[2026-07-22T10:21:22.751+0000] {processor.py:914} INFO - Processing file /opt/airflow/dags/olist_pipeline.py for tasks to queue
[2026-07-22T10:21:22.753+0000] {logging_mixin.py:190} INFO - [2026-07-22T10:21:22.752+0000] {dagbag.py:588} INFO - Filling up the DagBag from /opt/airflow/dags/olist_pipeline.py
[2026-07-22T10:21:23.241+0000] {processor.py:925} INFO - DAG(s) 'olist_gcp_data_engineering_pipeline' retrieved from /opt/airflow/dags/olist_pipeline.py
[2026-07-22T10:21:23.253+0000] {logging_mixin.py:190} INFO - [2026-07-22T10:21:23.253+0000] {dag.py:3239} INFO - Sync 1 DAGs
[2026-07-22T10:21:23.258+0000] {logging_mixin.py:190} INFO - [2026-07-22T10:21:23.258+0000] {dag.py:4180} INFO - Setting next_dagrun for olist_gcp_data_engineering_pipeline to None, run_after=None
[2026-07-22T10:21:23.264+0000] {processor.py:208} INFO - Processing /opt/airflow/dags/olist_pipeline.py took 0.520 seconds
[2026-07-22T10:21:53.457+0000] {processor.py:186} INFO - Started process (PID=3506) to work on /opt/airflow/dags/olist_pipeline.py
[2026-07-22T10:21:53.458+0000] {processor.py:914} INFO - Processing file /opt/airflow/dags/olist_pipeline.py for tasks to queue
[2026-07-22T10:21:53.462+0000] {logging_mixin.py:190} INFO - [2026-07-22T10:21:53.461+0000] {dagbag.py:588} INFO - Filling up the DagBag from /opt/airflow/dags/olist_pipeline.py
[2026-07-22T10:21:54.328+0000] {processor.py:925} INFO - DAG(s) 'olist_gcp_data_engineering_pipeline' retrieved from /opt/airflow/dags/olist_pipeline.py
[2026-07-22T10:21:54.347+0000] {logging_mixin.py:190} INFO - [2026-07-22T10:21:54.347+0000] {dag.py:3239} INFO - Sync 1 DAGs
[2026-07-22T10:21:54.353+0000] {logging_mixin.py:190} INFO - [2026-07-22T10:21:54.353+0000] {dag.py:4180} INFO - Setting next_dagrun for olist_gcp_data_engineering_pipeline to None, run_after=None
[2026-07-22T10:21:54.359+0000] {processor.py:208} INFO - Processing /opt/airflow/dags/olist_pipeline.py took 0.911 seconds
[2026-07-22T10:37:00.538+0000] {processor.py:186} INFO - Started process (PID=3512) to work on /opt/airflow/dags/olist_pipeline.py
[2026-07-22T10:37:00.539+0000] {processor.py:914} INFO - Processing file /opt/airflow/dags/olist_pipeline.py for tasks to queue
[2026-07-22T10:37:00.541+0000] {logging_mixin.py:190} INFO - [2026-07-22T10:37:00.540+0000] {dagbag.py:588} INFO - Filling up the DagBag from /opt/airflow/dags/olist_pipeline.py
[2026-07-22T10:37:01.017+0000] {processor.py:925} INFO - DAG(s) 'olist_gcp_data_engineering_pipeline' retrieved from /opt/airflow/dags/olist_pipeline.py
[2026-07-22T10:37:01.028+0000] {logging_mixin.py:190} INFO - [2026-07-22T10:37:01.028+0000] {dag.py:3239} INFO - Sync 1 DAGs
[2026-07-22T10:37:01.033+0000] {logging_mixin.py:190} INFO - [2026-07-22T10:37:01.033+0000] {dag.py:4180} INFO - Setting next_dagrun for olist_gcp_data_engineering_pipeline to None, run_after=None
[2026-07-22T10:37:01.039+0000] {processor.py:208} INFO - Processing /opt/airflow/dags/olist_pipeline.py took 0.507 seconds
[2026-07-22T10:37:31.158+0000] {processor.py:186} INFO - Started process (PID=3525) to work on /opt/airflow/dags/olist_pipeline.py
[2026-07-22T10:37:31.159+0000] {processor.py:914} INFO - Processing file /opt/airflow/dags/olist_pipeline.py for tasks to queue
[2026-07-22T10:37:31.162+0000] {logging_mixin.py:190} INFO - [2026-07-22T10:37:31.162+0000] {dagbag.py:588} INFO - Filling up the DagBag from /opt/airflow/dags/olist_pipeline.py
[2026-07-22T10:37:31.859+0000] {processor.py:925} INFO - DAG(s) 'olist_gcp_data_engineering_pipeline' retrieved from /opt/airflow/dags/olist_pipeline.py
[2026-07-22T10:37:31.871+0000] {logging_mixin.py:190} INFO - [2026-07-22T10:37:31.871+0000] {dag.py:3239} INFO - Sync 1 DAGs
[2026-07-22T10:37:31.876+0000] {logging_mixin.py:190} INFO - [2026-07-22T10:37:31.875+0000] {dag.py:4180} INFO - Setting next_dagrun for olist_gcp_data_engineering_pipeline to None, run_after=None
[2026-07-22T10:37:31.882+0000] {processor.py:208} INFO - Processing /opt/airflow/dags/olist_pipeline.py took 0.736 seconds
[2026-07-22T10:38:02.297+0000] {processor.py:186} INFO - Started process (PID=3537) to work on /opt/airflow/dags/olist_pipeline.py
[2026-07-22T10:38:02.298+0000] {processor.py:914} INFO - Processing file /opt/airflow/dags/olist_pipeline.py for tasks to queue
[2026-07-22T10:38:02.299+0000] {logging_mixin.py:190} INFO - [2026-07-22T10:38:02.299+0000] {dagbag.py:588} INFO - Filling up the DagBag from /opt/airflow/dags/olist_pipeline.py
[2026-07-22T10:38:02.878+0000] {processor.py:925} INFO - DAG(s) 'olist_gcp_data_engineering_pipeline' retrieved from /opt/airflow/dags/olist_pipeline.py
[2026-07-22T10:38:02.894+0000] {logging_mixin.py:190} INFO - [2026-07-22T10:38:02.894+0000] {dag.py:3239} INFO - Sync 1 DAGs
[2026-07-22T10:38:02.902+0000] {logging_mixin.py:190} INFO - [2026-07-22T10:38:02.902+0000] {dag.py:4180} INFO - Setting next_dagrun for olist_gcp_data_engineering_pipeline to None, run_after=None
[2026-07-22T10:38:02.909+0000] {processor.py:208} INFO - Processing /opt/airflow/dags/olist_pipeline.py took 0.615 seconds
[2026-07-22T10:38:33.188+0000] {processor.py:186} INFO - Started process (PID=3549) to work on /opt/airflow/dags/olist_pipeline.py
[2026-07-22T10:38:33.189+0000] {processor.py:914} INFO - Processing file /opt/airflow/dags/olist_pipeline.py for tasks to queue
[2026-07-22T10:38:33.192+0000] {logging_mixin.py:190} INFO - [2026-07-22T10:38:33.191+0000] {dagbag.py:588} INFO - Filling up the DagBag from /opt/airflow/dags/olist_pipeline.py
[2026-07-22T10:38:33.817+0000] {processor.py:925} INFO - DAG(s) 'olist_gcp_data_engineering_pipeline' retrieved from /opt/airflow/dags/olist_pipeline.py
[2026-07-22T10:38:33.831+0000] {logging_mixin.py:190} INFO - [2026-07-22T10:38:33.830+0000] {dag.py:3239} INFO - Sync 1 DAGs
[2026-07-22T10:38:33.837+0000] {logging_mixin.py:190} INFO - [2026-07-22T10:38:33.837+0000] {dag.py:4180} INFO - Setting next_dagrun for olist_gcp_data_engineering_pipeline to None, run_after=None
[2026-07-22T10:38:33.843+0000] {processor.py:208} INFO - Processing /opt/airflow/dags/olist_pipeline.py took 0.665 seconds
[2026-07-22T10:39:04.175+0000] {processor.py:186} INFO - Started process (PID=3561) to work on /opt/airflow/dags/olist_pipeline.py
[2026-07-22T10:39:04.177+0000] {processor.py:914} INFO - Processing file /opt/airflow/dags/olist_pipeline.py for tasks to queue
[2026-07-22T10:39:04.180+0000] {logging_mixin.py:190} INFO - [2026-07-22T10:39:04.179+0000] {dagbag.py:588} INFO - Filling up the DagBag from /opt/airflow/dags/olist_pipeline.py
[2026-07-22T10:39:04.772+0000] {processor.py:925} INFO - DAG(s) 'olist_gcp_data_engineering_pipeline' retrieved from /opt/airflow/dags/olist_pipeline.py
[2026-07-22T10:39:04.786+0000] {logging_mixin.py:190} INFO - [2026-07-22T10:39:04.785+0000] {dag.py:3239} INFO - Sync 1 DAGs
[2026-07-22T10:39:04.791+0000] {logging_mixin.py:190} INFO - [2026-07-22T10:39:04.791+0000] {dag.py:4180} INFO - Setting next_dagrun for olist_gcp_data_engineering_pipeline to None, run_after=None
[2026-07-22T10:39:04.797+0000] {processor.py:208} INFO - Processing /opt/airflow/dags/olist_pipeline.py took 0.632 seconds
[2026-07-22T10:39:35.122+0000] {processor.py:186} INFO - Started process (PID=3573) to work on /opt/airflow/dags/olist_pipeline.py
[2026-07-22T10:39:35.124+0000] {processor.py:914} INFO - Processing file /opt/airflow/dags/olist_pipeline.py for tasks to queue
[2026-07-22T10:39:35.125+0000] {logging_mixin.py:190} INFO - [2026-07-22T10:39:35.125+0000] {dagbag.py:588} INFO - Filling up the DagBag from /opt/airflow/dags/olist_pipeline.py
[2026-07-22T10:39:35.591+0000] {processor.py:925} INFO - DAG(s) 'olist_gcp_data_engineering_pipeline' retrieved from /opt/airflow/dags/olist_pipeline.py
[2026-07-22T10:39:35.601+0000] {logging_mixin.py:190} INFO - [2026-07-22T10:39:35.601+0000] {dag.py:3239} INFO - Sync 1 DAGs
[2026-07-22T10:39:35.606+0000] {logging_mixin.py:190} INFO - [2026-07-22T10:39:35.606+0000] {dag.py:4180} INFO - Setting next_dagrun for olist_gcp_data_engineering_pipeline to None, run_after=None
[2026-07-22T10:39:35.611+0000] {processor.py:208} INFO - Processing /opt/airflow/dags/olist_pipeline.py took 0.495 seconds
[2026-07-22T10:40:06.078+0000] {processor.py:186} INFO - Started process (PID=3591) to work on /opt/airflow/dags/olist_pipeline.py
[2026-07-22T10:40:06.079+0000] {processor.py:914} INFO - Processing file /opt/airflow/dags/olist_pipeline.py for tasks to queue
[2026-07-22T10:40:06.081+0000] {logging_mixin.py:190} INFO - [2026-07-22T10:40:06.080+0000] {dagbag.py:588} INFO - Filling up the DagBag from /opt/airflow/dags/olist_pipeline.py
[2026-07-22T10:40:06.541+0000] {processor.py:925} INFO - DAG(s) 'olist_gcp_data_engineering_pipeline' retrieved from /opt/airflow/dags/olist_pipeline.py
[2026-07-22T10:40:06.552+0000] {logging_mixin.py:190} INFO - [2026-07-22T10:40:06.552+0000] {dag.py:3239} INFO - Sync 1 DAGs
[2026-07-22T10:40:06.556+0000] {logging_mixin.py:190} INFO - [2026-07-22T10:40:06.556+0000] {dag.py:4180} INFO - Setting next_dagrun for olist_gcp_data_engineering_pipeline to None, run_after=None
[2026-07-22T10:40:06.561+0000] {processor.py:208} INFO - Processing /opt/airflow/dags/olist_pipeline.py took 0.489 seconds
[2026-07-22T10:40:36.862+0000] {processor.py:186} INFO - Started process (PID=3603) to work on /opt/airflow/dags/olist_pipeline.py
[2026-07-22T10:40:36.863+0000] {processor.py:914} INFO - Processing file /opt/airflow/dags/olist_pipeline.py for tasks to queue
[2026-07-22T10:40:36.865+0000] {logging_mixin.py:190} INFO - [2026-07-22T10:40:36.864+0000] {dagbag.py:588} INFO - Filling up the DagBag from /opt/airflow/dags/olist_pipeline.py
[2026-07-22T10:40:37.354+0000] {processor.py:925} INFO - DAG(s) 'olist_gcp_data_engineering_pipeline' retrieved from /opt/airflow/dags/olist_pipeline.py
[2026-07-22T10:40:37.364+0000] {logging_mixin.py:190} INFO - [2026-07-22T10:40:37.364+0000] {dag.py:3239} INFO - Sync 1 DAGs
[2026-07-22T10:40:37.368+0000] {logging_mixin.py:190} INFO - [2026-07-22T10:40:37.368+0000] {dag.py:4180} INFO - Setting next_dagrun for olist_gcp_data_engineering_pipeline to None, run_after=None
[2026-07-22T10:40:37.375+0000] {processor.py:208} INFO - Processing /opt/airflow/dags/olist_pipeline.py took 0.518 seconds
[2026-07-22T10:56:01.095+0000] {processor.py:186} INFO - Started process (PID=3609) to work on /opt/airflow/dags/olist_pipeline.py
[2026-07-22T10:56:01.095+0000] {processor.py:914} INFO - Processing file /opt/airflow/dags/olist_pipeline.py for tasks to queue
[2026-07-22T10:56:01.097+0000] {logging_mixin.py:190} INFO - [2026-07-22T10:56:01.097+0000] {dagbag.py:588} INFO - Filling up the DagBag from /opt/airflow/dags/olist_pipeline.py
[2026-07-22T10:56:01.719+0000] {processor.py:925} INFO - DAG(s) 'olist_gcp_data_engineering_pipeline' retrieved from /opt/airflow/dags/olist_pipeline.py
[2026-07-22T10:56:01.732+0000] {logging_mixin.py:190} INFO - [2026-07-22T10:56:01.731+0000] {dag.py:3239} INFO - Sync 1 DAGs
[2026-07-22T10:56:01.737+0000] {logging_mixin.py:190} INFO - [2026-07-22T10:56:01.737+0000] {dag.py:4180} INFO - Setting next_dagrun for olist_gcp_data_engineering_pipeline to None, run_after=None
[2026-07-22T10:56:01.745+0000] {processor.py:208} INFO - Processing /opt/airflow/dags/olist_pipeline.py took 0.657 seconds
[2026-07-22T10:56:31.865+0000] {processor.py:186} INFO - Started process (PID=3621) to work on /opt/airflow/dags/olist_pipeline.py
[2026-07-22T10:56:31.866+0000] {processor.py:914} INFO - Processing file /opt/airflow/dags/olist_pipeline.py for tasks to queue
[2026-07-22T10:56:31.868+0000] {logging_mixin.py:190} INFO - [2026-07-22T10:56:31.868+0000] {dagbag.py:588} INFO - Filling up the DagBag from /opt/airflow/dags/olist_pipeline.py
[2026-07-22T10:56:32.342+0000] {processor.py:925} INFO - DAG(s) 'olist_gcp_data_engineering_pipeline' retrieved from /opt/airflow/dags/olist_pipeline.py
[2026-07-22T10:56:32.354+0000] {logging_mixin.py:190} INFO - [2026-07-22T10:56:32.354+0000] {dag.py:3239} INFO - Sync 1 DAGs
[2026-07-22T10:56:32.358+0000] {logging_mixin.py:190} INFO - [2026-07-22T10:56:32.358+0000] {dag.py:4180} INFO - Setting next_dagrun for olist_gcp_data_engineering_pipeline to None, run_after=None
[2026-07-22T10:56:32.365+0000] {processor.py:208} INFO - Processing /opt/airflow/dags/olist_pipeline.py took 0.507 seconds
[2026-07-22T11:12:01.298+0000] {processor.py:186} INFO - Started process (PID=3633) to work on /opt/airflow/dags/olist_pipeline.py
[2026-07-22T11:12:01.299+0000] {processor.py:914} INFO - Processing file /opt/airflow/dags/olist_pipeline.py for tasks to queue
[2026-07-22T11:12:01.301+0000] {logging_mixin.py:190} INFO - [2026-07-22T11:12:01.300+0000] {dagbag.py:588} INFO - Filling up the DagBag from /opt/airflow/dags/olist_pipeline.py
[2026-07-22T11:12:01.759+0000] {processor.py:925} INFO - DAG(s) 'olist_gcp_data_engineering_pipeline' retrieved from /opt/airflow/dags/olist_pipeline.py
[2026-07-22T11:12:01.771+0000] {logging_mixin.py:190} INFO - [2026-07-22T11:12:01.771+0000] {dag.py:3239} INFO - Sync 1 DAGs
[2026-07-22T11:12:01.775+0000] {logging_mixin.py:190} INFO - [2026-07-22T11:12:01.775+0000] {dag.py:4180} INFO - Setting next_dagrun for olist_gcp_data_engineering_pipeline to None, run_after=None
[2026-07-22T11:12:01.781+0000] {processor.py:208} INFO - Processing /opt/airflow/dags/olist_pipeline.py took 0.490 seconds
[2026-07-22T11:27:31.930+0000] {processor.py:186} INFO - Started process (PID=3645) to work on /opt/airflow/dags/olist_pipeline.py
[2026-07-22T11:27:31.930+0000] {processor.py:914} INFO - Processing file /opt/airflow/dags/olist_pipeline.py for tasks to queue
[2026-07-22T11:27:31.932+0000] {logging_mixin.py:190} INFO - [2026-07-22T11:27:31.932+0000] {dagbag.py:588} INFO - Filling up the DagBag from /opt/airflow/dags/olist_pipeline.py
[2026-07-22T11:27:32.444+0000] {processor.py:925} INFO - DAG(s) 'olist_gcp_data_engineering_pipeline' retrieved from /opt/airflow/dags/olist_pipeline.py
[2026-07-22T11:27:32.455+0000] {logging_mixin.py:190} INFO - [2026-07-22T11:27:32.455+0000] {dag.py:3239} INFO - Sync 1 DAGs
[2026-07-22T11:27:32.459+0000] {logging_mixin.py:190} INFO - [2026-07-22T11:27:32.459+0000] {dag.py:4180} INFO - Setting next_dagrun for olist_gcp_data_engineering_pipeline to None, run_after=None
[2026-07-22T11:27:32.465+0000] {processor.py:208} INFO - Processing /opt/airflow/dags/olist_pipeline.py took 0.539 seconds
[2026-07-22T11:28:02.876+0000] {processor.py:186} INFO - Started process (PID=3657) to work on /opt/airflow/dags/olist_pipeline.py
[2026-07-22T11:28:02.877+0000] {processor.py:914} INFO - Processing file /opt/airflow/dags/olist_pipeline.py for tasks to queue
[2026-07-22T11:28:02.879+0000] {logging_mixin.py:190} INFO - [2026-07-22T11:28:02.878+0000] {dagbag.py:588} INFO - Filling up the DagBag from /opt/airflow/dags/olist_pipeline.py
[2026-07-22T11:28:03.360+0000] {processor.py:925} INFO - DAG(s) 'olist_gcp_data_engineering_pipeline' retrieved from /opt/airflow/dags/olist_pipeline.py
[2026-07-22T11:28:03.371+0000] {logging_mixin.py:190} INFO - [2026-07-22T11:28:03.371+0000] {dag.py:3239} INFO - Sync 1 DAGs
[2026-07-22T11:28:03.376+0000] {logging_mixin.py:190} INFO - [2026-07-22T11:28:03.376+0000] {dag.py:4180} INFO - Setting next_dagrun for olist_gcp_data_engineering_pipeline to None, run_after=None
[2026-07-22T11:28:03.382+0000] {processor.py:208} INFO - Processing /opt/airflow/dags/olist_pipeline.py took 0.513 seconds
[2026-07-22T11:43:32.377+0000] {processor.py:186} INFO - Started process (PID=3669) to work on /opt/airflow/dags/olist_pipeline.py
[2026-07-22T11:43:32.378+0000] {processor.py:914} INFO - Processing file /opt/airflow/dags/olist_pipeline.py for tasks to queue
[2026-07-22T11:43:32.379+0000] {logging_mixin.py:190} INFO - [2026-07-22T11:43:32.379+0000] {dagbag.py:588} INFO - Filling up the DagBag from /opt/airflow/dags/olist_pipeline.py
[2026-07-22T11:43:32.869+0000] {processor.py:925} INFO - DAG(s) 'olist_gcp_data_engineering_pipeline' retrieved from /opt/airflow/dags/olist_pipeline.py
[2026-07-22T11:43:32.881+0000] {logging_mixin.py:190} INFO - [2026-07-22T11:43:32.880+0000] {dag.py:3239} INFO - Sync 1 DAGs
[2026-07-22T11:43:32.886+0000] {logging_mixin.py:190} INFO - [2026-07-22T11:43:32.886+0000] {dag.py:4180} INFO - Setting next_dagrun for olist_gcp_data_engineering_pipeline to None, run_after=None
[2026-07-22T11:43:32.892+0000] {processor.py:208} INFO - Processing /opt/airflow/dags/olist_pipeline.py took 0.519 seconds
[2026-07-22T11:44:03.158+0000] {processor.py:186} INFO - Started process (PID=3681) to work on /opt/airflow/dags/olist_pipeline.py
[2026-07-22T11:44:03.159+0000] {processor.py:914} INFO - Processing file /opt/airflow/dags/olist_pipeline.py for tasks to queue
[2026-07-22T11:44:03.161+0000] {logging_mixin.py:190} INFO - [2026-07-22T11:44:03.161+0000] {dagbag.py:588} INFO - Filling up the DagBag from /opt/airflow/dags/olist_pipeline.py
[2026-07-22T11:44:03.623+0000] {processor.py:925} INFO - DAG(s) 'olist_gcp_data_engineering_pipeline' retrieved from /opt/airflow/dags/olist_pipeline.py
[2026-07-22T11:44:03.634+0000] {logging_mixin.py:190} INFO - [2026-07-22T11:44:03.634+0000] {dag.py:3239} INFO - Sync 1 DAGs
[2026-07-22T11:44:03.639+0000] {logging_mixin.py:190} INFO - [2026-07-22T11:44:03.638+0000] {dag.py:4180} INFO - Setting next_dagrun for olist_gcp_data_engineering_pipeline to None, run_after=None
[2026-07-22T11:44:03.645+0000] {processor.py:208} INFO - Processing /opt/airflow/dags/olist_pipeline.py took 0.494 seconds
[2026-07-22T11:44:33.686+0000] {processor.py:186} INFO - Started process (PID=3693) to work on /opt/airflow/dags/olist_pipeline.py
[2026-07-22T11:44:33.687+0000] {processor.py:914} INFO - Processing file /opt/airflow/dags/olist_pipeline.py for tasks to queue
[2026-07-22T11:44:33.691+0000] {logging_mixin.py:190} INFO - [2026-07-22T11:44:33.691+0000] {dagbag.py:588} INFO - Filling up the DagBag from /opt/airflow/dags/olist_pipeline.py
[2026-07-22T11:44:34.228+0000] {processor.py:925} INFO - DAG(s) 'olist_gcp_data_engineering_pipeline' retrieved from /opt/airflow/dags/olist_pipeline.py
[2026-07-22T11:44:34.240+0000] {logging_mixin.py:190} INFO - [2026-07-22T11:44:34.240+0000] {dag.py:3239} INFO - Sync 1 DAGs
[2026-07-22T11:44:34.246+0000] {logging_mixin.py:190} INFO - [2026-07-22T11:44:34.246+0000] {dag.py:4180} INFO - Setting next_dagrun for olist_gcp_data_engineering_pipeline to None, run_after=None
[2026-07-22T11:44:34.252+0000] {processor.py:208} INFO - Processing /opt/airflow/dags/olist_pipeline.py took 0.574 seconds
[2026-07-22T12:00:02.775+0000] {processor.py:186} INFO - Started process (PID=3705) to work on /opt/airflow/dags/olist_pipeline.py
[2026-07-22T12:00:02.776+0000] {processor.py:914} INFO - Processing file /opt/airflow/dags/olist_pipeline.py for tasks to queue
[2026-07-22T12:00:02.777+0000] {logging_mixin.py:190} INFO - [2026-07-22T12:00:02.777+0000] {dagbag.py:588} INFO - Filling up the DagBag from /opt/airflow/dags/olist_pipeline.py
[2026-07-22T12:00:03.265+0000] {processor.py:925} INFO - DAG(s) 'olist_gcp_data_engineering_pipeline' retrieved from /opt/airflow/dags/olist_pipeline.py
[2026-07-22T12:00:03.277+0000] {logging_mixin.py:190} INFO - [2026-07-22T12:00:03.277+0000] {dag.py:3239} INFO - Sync 1 DAGs
[2026-07-22T12:00:03.281+0000] {logging_mixin.py:190} INFO - [2026-07-22T12:00:03.281+0000] {dag.py:4180} INFO - Setting next_dagrun for olist_gcp_data_engineering_pipeline to None, run_after=None
[2026-07-22T12:00:03.288+0000] {processor.py:208} INFO - Processing /opt/airflow/dags/olist_pipeline.py took 0.518 seconds
[2026-07-22T12:03:54.101+0000] {processor.py:186} INFO - Started process (PID=3717) to work on /opt/airflow/dags/olist_pipeline.py
[2026-07-22T12:03:54.103+0000] {processor.py:914} INFO - Processing file /opt/airflow/dags/olist_pipeline.py for tasks to queue
[2026-07-22T12:03:54.106+0000] {logging_mixin.py:190} INFO - [2026-07-22T12:03:54.105+0000] {dagbag.py:588} INFO - Filling up the DagBag from /opt/airflow/dags/olist_pipeline.py
[2026-07-22T12:03:54.968+0000] {processor.py:925} INFO - DAG(s) 'olist_gcp_data_engineering_pipeline' retrieved from /opt/airflow/dags/olist_pipeline.py
[2026-07-22T12:03:54.989+0000] {logging_mixin.py:190} INFO - [2026-07-22T12:03:54.988+0000] {dag.py:3239} INFO - Sync 1 DAGs
[2026-07-22T12:03:54.997+0000] {logging_mixin.py:190} INFO - [2026-07-22T12:03:54.997+0000] {dag.py:4180} INFO - Setting next_dagrun for olist_gcp_data_engineering_pipeline to None, run_after=None
[2026-07-22T12:03:55.007+0000] {processor.py:208} INFO - Processing /opt/airflow/dags/olist_pipeline.py took 0.913 seconds
[2026-07-22T12:21:41.099+0000] {processor.py:186} INFO - Started process (PID=3729) to work on /opt/airflow/dags/olist_pipeline.py
[2026-07-22T12:21:41.100+0000] {processor.py:914} INFO - Processing file /opt/airflow/dags/olist_pipeline.py for tasks to queue
[2026-07-22T12:21:41.102+0000] {logging_mixin.py:190} INFO - [2026-07-22T12:21:41.102+0000] {dagbag.py:588} INFO - Filling up the DagBag from /opt/airflow/dags/olist_pipeline.py
[2026-07-22T12:21:41.882+0000] {processor.py:925} INFO - DAG(s) 'olist_gcp_data_engineering_pipeline' retrieved from /opt/airflow/dags/olist_pipeline.py
[2026-07-22T12:21:41.899+0000] {logging_mixin.py:190} INFO - [2026-07-22T12:21:41.899+0000] {dag.py:3239} INFO - Sync 1 DAGs
[2026-07-22T12:21:41.907+0000] {logging_mixin.py:190} INFO - [2026-07-22T12:21:41.907+0000] {dag.py:4180} INFO - Setting next_dagrun for olist_gcp_data_engineering_pipeline to None, run_after=None
[2026-07-22T12:21:41.917+0000] {processor.py:208} INFO - Processing /opt/airflow/dags/olist_pipeline.py took 0.824 seconds
[2026-07-22T12:56:00.498+0000] {processor.py:186} INFO - Started process (PID=3741) to work on /opt/airflow/dags/olist_pipeline.py
[2026-07-22T12:56:00.499+0000] {processor.py:914} INFO - Processing file /opt/airflow/dags/olist_pipeline.py for tasks to queue
[2026-07-22T12:56:00.503+0000] {logging_mixin.py:190} INFO - [2026-07-22T12:56:00.502+0000] {dagbag.py:588} INFO - Filling up the DagBag from /opt/airflow/dags/olist_pipeline.py
[2026-07-22T12:56:01.945+0000] {processor.py:925} INFO - DAG(s) 'olist_gcp_data_engineering_pipeline' retrieved from /opt/airflow/dags/olist_pipeline.py
[2026-07-22T12:56:02.041+0000] {logging_mixin.py:190} INFO - [2026-07-22T12:56:02.041+0000] {dag.py:3239} INFO - Sync 1 DAGs
[2026-07-22T12:56:02.092+0000] {logging_mixin.py:190} INFO - [2026-07-22T12:56:02.091+0000] {dag.py:4180} INFO - Setting next_dagrun for olist_gcp_data_engineering_pipeline to None, run_after=None
[2026-07-22T12:56:02.138+0000] {processor.py:208} INFO - Processing /opt/airflow/dags/olist_pipeline.py took 1.649 seconds
[2026-07-22T13:11:44.113+0000] {processor.py:186} INFO - Started process (PID=3753) to work on /opt/airflow/dags/olist_pipeline.py
[2026-07-22T13:11:44.115+0000] {processor.py:914} INFO - Processing file /opt/airflow/dags/olist_pipeline.py for tasks to queue
[2026-07-22T13:11:44.119+0000] {logging_mixin.py:190} INFO - [2026-07-22T13:11:44.118+0000] {dagbag.py:588} INFO - Filling up the DagBag from /opt/airflow/dags/olist_pipeline.py
[2026-07-22T13:11:45.166+0000] {processor.py:925} INFO - DAG(s) 'olist_gcp_data_engineering_pipeline' retrieved from /opt/airflow/dags/olist_pipeline.py
[2026-07-22T13:11:45.189+0000] {logging_mixin.py:190} INFO - [2026-07-22T13:11:45.189+0000] {dag.py:3239} INFO - Sync 1 DAGs
[2026-07-22T13:11:45.199+0000] {logging_mixin.py:190} INFO - [2026-07-22T13:11:45.199+0000] {dag.py:4180} INFO - Setting next_dagrun for olist_gcp_data_engineering_pipeline to None, run_after=None
[2026-07-22T13:11:45.210+0000] {processor.py:208} INFO - Processing /opt/airflow/dags/olist_pipeline.py took 1.107 seconds
[2026-07-22T13:12:15.494+0000] {processor.py:186} INFO - Started process (PID=3765) to work on /opt/airflow/dags/olist_pipeline.py
[2026-07-22T13:12:15.495+0000] {processor.py:914} INFO - Processing file /opt/airflow/dags/olist_pipeline.py for tasks to queue
[2026-07-22T13:12:15.497+0000] {logging_mixin.py:190} INFO - [2026-07-22T13:12:15.496+0000] {dagbag.py:588} INFO - Filling up the DagBag from /opt/airflow/dags/olist_pipeline.py
[2026-07-22T13:12:16.285+0000] {processor.py:925} INFO - DAG(s) 'olist_gcp_data_engineering_pipeline' retrieved from /opt/airflow/dags/olist_pipeline.py
[2026-07-22T13:12:16.303+0000] {logging_mixin.py:190} INFO - [2026-07-22T13:12:16.302+0000] {dag.py:3239} INFO - Sync 1 DAGs
[2026-07-22T13:12:16.310+0000] {logging_mixin.py:190} INFO - [2026-07-22T13:12:16.310+0000] {dag.py:4180} INFO - Setting next_dagrun for olist_gcp_data_engineering_pipeline to None, run_after=None
[2026-07-22T13:12:16.319+0000] {processor.py:208} INFO - Processing /opt/airflow/dags/olist_pipeline.py took 0.832 seconds
[2026-07-22T13:12:46.696+0000] {processor.py:186} INFO - Started process (PID=3777) to work on /opt/airflow/dags/olist_pipeline.py
[2026-07-22T13:12:46.697+0000] {processor.py:914} INFO - Processing file /opt/airflow/dags/olist_pipeline.py for tasks to queue
[2026-07-22T13:12:46.700+0000] {logging_mixin.py:190} INFO - [2026-07-22T13:12:46.699+0000] {dagbag.py:588} INFO - Filling up the DagBag from /opt/airflow/dags/olist_pipeline.py
[2026-07-22T13:12:47.462+0000] {processor.py:925} INFO - DAG(s) 'olist_gcp_data_engineering_pipeline' retrieved from /opt/airflow/dags/olist_pipeline.py
[2026-07-22T13:12:47.479+0000] {logging_mixin.py:190} INFO - [2026-07-22T13:12:47.479+0000] {dag.py:3239} INFO - Sync 1 DAGs
[2026-07-22T13:12:47.486+0000] {logging_mixin.py:190} INFO - [2026-07-22T13:12:47.486+0000] {dag.py:4180} INFO - Setting next_dagrun for olist_gcp_data_engineering_pipeline to None, run_after=None
[2026-07-22T13:12:47.495+0000] {processor.py:208} INFO - Processing /opt/airflow/dags/olist_pipeline.py took 0.805 seconds
[2026-07-22T13:13:17.859+0000] {processor.py:186} INFO - Started process (PID=3789) to work on /opt/airflow/dags/olist_pipeline.py
[2026-07-22T13:13:17.859+0000] {processor.py:914} INFO - Processing file /opt/airflow/dags/olist_pipeline.py for tasks to queue
[2026-07-22T13:13:17.860+0000] {logging_mixin.py:190} INFO - [2026-07-22T13:13:17.860+0000] {dagbag.py:588} INFO - Filling up the DagBag from /opt/airflow/dags/olist_pipeline.py
[2026-07-22T13:13:18.607+0000] {processor.py:925} INFO - DAG(s) 'olist_gcp_data_engineering_pipeline' retrieved from /opt/airflow/dags/olist_pipeline.py
[2026-07-22T13:13:18.628+0000] {logging_mixin.py:190} INFO - [2026-07-22T13:13:18.627+0000] {dag.py:3239} INFO - Sync 1 DAGs
[2026-07-22T13:13:18.635+0000] {logging_mixin.py:190} INFO - [2026-07-22T13:13:18.635+0000] {dag.py:4180} INFO - Setting next_dagrun for olist_gcp_data_engineering_pipeline to None, run_after=None
[2026-07-22T13:13:18.646+0000] {processor.py:208} INFO - Processing /opt/airflow/dags/olist_pipeline.py took 0.791 seconds
[2026-07-22T13:13:49.015+0000] {processor.py:186} INFO - Started process (PID=3801) to work on /opt/airflow/dags/olist_pipeline.py
[2026-07-22T13:13:49.016+0000] {processor.py:914} INFO - Processing file /opt/airflow/dags/olist_pipeline.py for tasks to queue
[2026-07-22T13:13:49.018+0000] {logging_mixin.py:190} INFO - [2026-07-22T13:13:49.018+0000] {dagbag.py:588} INFO - Filling up the DagBag from /opt/airflow/dags/olist_pipeline.py
[2026-07-22T13:13:49.770+0000] {processor.py:925} INFO - DAG(s) 'olist_gcp_data_engineering_pipeline' retrieved from /opt/airflow/dags/olist_pipeline.py
[2026-07-22T13:13:49.788+0000] {logging_mixin.py:190} INFO - [2026-07-22T13:13:49.788+0000] {dag.py:3239} INFO - Sync 1 DAGs
[2026-07-22T13:13:49.796+0000] {logging_mixin.py:190} INFO - [2026-07-22T13:13:49.796+0000] {dag.py:4180} INFO - Setting next_dagrun for olist_gcp_data_engineering_pipeline to None, run_after=None
[2026-07-22T13:13:49.805+0000] {processor.py:208} INFO - Processing /opt/airflow/dags/olist_pipeline.py took 0.796 seconds
[2026-07-22T13:14:20.108+0000] {processor.py:186} INFO - Started process (PID=3813) to work on /opt/airflow/dags/olist_pipeline.py
[2026-07-22T13:14:20.109+0000] {processor.py:914} INFO - Processing file /opt/airflow/dags/olist_pipeline.py for tasks to queue
[2026-07-22T13:14:20.111+0000] {logging_mixin.py:190} INFO - [2026-07-22T13:14:20.110+0000] {dagbag.py:588} INFO - Filling up the DagBag from /opt/airflow/dags/olist_pipeline.py
[2026-07-22T13:14:20.881+0000] {processor.py:925} INFO - DAG(s) 'olist_gcp_data_engineering_pipeline' retrieved from /opt/airflow/dags/olist_pipeline.py
[2026-07-22T13:14:20.899+0000] {logging_mixin.py:190} INFO - [2026-07-22T13:14:20.899+0000] {dag.py:3239} INFO - Sync 1 DAGs
[2026-07-22T13:14:20.906+0000] {logging_mixin.py:190} INFO - [2026-07-22T13:14:20.906+0000] {dag.py:4180} INFO - Setting next_dagrun for olist_gcp_data_engineering_pipeline to None, run_after=None
[2026-07-22T13:14:20.915+0000] {processor.py:208} INFO - Processing /opt/airflow/dags/olist_pipeline.py took 0.813 seconds
[2026-07-22T13:14:51.161+0000] {processor.py:186} INFO - Started process (PID=3831) to work on /opt/airflow/dags/olist_pipeline.py
[2026-07-22T13:14:51.162+0000] {processor.py:914} INFO - Processing file /opt/airflow/dags/olist_pipeline.py for tasks to queue
[2026-07-22T13:14:51.164+0000] {logging_mixin.py:190} INFO - [2026-07-22T13:14:51.164+0000] {dagbag.py:588} INFO - Filling up the DagBag from /opt/airflow/dags/olist_pipeline.py
[2026-07-22T13:14:51.928+0000] {processor.py:925} INFO - DAG(s) 'olist_gcp_data_engineering_pipeline' retrieved from /opt/airflow/dags/olist_pipeline.py
[2026-07-22T13:14:51.949+0000] {logging_mixin.py:190} INFO - [2026-07-22T13:14:51.949+0000] {dag.py:3239} INFO - Sync 1 DAGs
[2026-07-22T13:14:51.956+0000] {logging_mixin.py:190} INFO - [2026-07-22T13:14:51.956+0000] {dag.py:4180} INFO - Setting next_dagrun for olist_gcp_data_engineering_pipeline to None, run_after=None
[2026-07-22T13:14:51.966+0000] {processor.py:208} INFO - Processing /opt/airflow/dags/olist_pipeline.py took 0.812 seconds
[2026-07-22T13:15:22.363+0000] {processor.py:186} INFO - Started process (PID=3843) to work on /opt/airflow/dags/olist_pipeline.py
[2026-07-22T13:15:22.364+0000] {processor.py:914} INFO - Processing file /opt/airflow/dags/olist_pipeline.py for tasks to queue
[2026-07-22T13:15:22.366+0000] {logging_mixin.py:190} INFO - [2026-07-22T13:15:22.366+0000] {dagbag.py:588} INFO - Filling up the DagBag from /opt/airflow/dags/olist_pipeline.py
[2026-07-22T13:15:23.133+0000] {processor.py:925} INFO - DAG(s) 'olist_gcp_data_engineering_pipeline' retrieved from /opt/airflow/dags/olist_pipeline.py
[2026-07-22T13:15:23.152+0000] {logging_mixin.py:190} INFO - [2026-07-22T13:15:23.152+0000] {dag.py:3239} INFO - Sync 1 DAGs
[2026-07-22T13:15:23.159+0000] {logging_mixin.py:190} INFO - [2026-07-22T13:15:23.159+0000] {dag.py:4180} INFO - Setting next_dagrun for olist_gcp_data_engineering_pipeline to None, run_after=None
[2026-07-22T13:15:23.168+0000] {processor.py:208} INFO - Processing /opt/airflow/dags/olist_pipeline.py took 0.811 seconds
[2026-07-22T13:15:53.573+0000] {processor.py:186} INFO - Started process (PID=3855) to work on /opt/airflow/dags/olist_pipeline.py
[2026-07-22T13:15:53.574+0000] {processor.py:914} INFO - Processing file /opt/airflow/dags/olist_pipeline.py for tasks to queue
[2026-07-22T13:15:53.576+0000] {logging_mixin.py:190} INFO - [2026-07-22T13:15:53.576+0000] {dagbag.py:588} INFO - Filling up the DagBag from /opt/airflow/dags/olist_pipeline.py
[2026-07-22T13:15:54.329+0000] {processor.py:925} INFO - DAG(s) 'olist_gcp_data_engineering_pipeline' retrieved from /opt/airflow/dags/olist_pipeline.py
[2026-07-22T13:15:54.349+0000] {logging_mixin.py:190} INFO - [2026-07-22T13:15:54.349+0000] {dag.py:3239} INFO - Sync 1 DAGs
[2026-07-22T13:15:54.356+0000] {logging_mixin.py:190} INFO - [2026-07-22T13:15:54.356+0000] {dag.py:4180} INFO - Setting next_dagrun for olist_gcp_data_engineering_pipeline to None, run_after=None
[2026-07-22T13:15:54.365+0000] {processor.py:208} INFO - Processing /opt/airflow/dags/olist_pipeline.py took 0.799 seconds
[2026-07-22T13:16:24.718+0000] {processor.py:186} INFO - Started process (PID=3867) to work on /opt/airflow/dags/olist_pipeline.py
[2026-07-22T13:16:24.720+0000] {processor.py:914} INFO - Processing file /opt/airflow/dags/olist_pipeline.py for tasks to queue
[2026-07-22T13:16:24.723+0000] {logging_mixin.py:190} INFO - [2026-07-22T13:16:24.722+0000] {dagbag.py:588} INFO - Filling up the DagBag from /opt/airflow/dags/olist_pipeline.py
[2026-07-22T13:16:25.619+0000] {processor.py:925} INFO - DAG(s) 'olist_gcp_data_engineering_pipeline' retrieved from /opt/airflow/dags/olist_pipeline.py
[2026-07-22T13:16:25.640+0000] {logging_mixin.py:190} INFO - [2026-07-22T13:16:25.640+0000] {dag.py:3239} INFO - Sync 1 DAGs
[2026-07-22T13:16:25.650+0000] {logging_mixin.py:190} INFO - [2026-07-22T13:16:25.650+0000] {dag.py:4180} INFO - Setting next_dagrun for olist_gcp_data_engineering_pipeline to None, run_after=None
[2026-07-22T13:16:25.660+0000] {processor.py:208} INFO - Processing /opt/airflow/dags/olist_pipeline.py took 0.954 seconds
[2026-07-22T13:16:55.993+0000] {processor.py:186} INFO - Started process (PID=3879) to work on /opt/airflow/dags/olist_pipeline.py
[2026-07-22T13:16:55.994+0000] {processor.py:914} INFO - Processing file /opt/airflow/dags/olist_pipeline.py for tasks to queue
[2026-07-22T13:16:55.996+0000] {logging_mixin.py:190} INFO - [2026-07-22T13:16:55.996+0000] {dagbag.py:588} INFO - Filling up the DagBag from /opt/airflow/dags/olist_pipeline.py
[2026-07-22T13:16:56.792+0000] {processor.py:925} INFO - DAG(s) 'olist_gcp_data_engineering_pipeline' retrieved from /opt/airflow/dags/olist_pipeline.py
[2026-07-22T13:16:56.812+0000] {logging_mixin.py:190} INFO - [2026-07-22T13:16:56.812+0000] {dag.py:3239} INFO - Sync 1 DAGs
[2026-07-22T13:16:56.820+0000] {logging_mixin.py:190} INFO - [2026-07-22T13:16:56.820+0000] {dag.py:4180} INFO - Setting next_dagrun for olist_gcp_data_engineering_pipeline to None, run_after=None
[2026-07-22T13:16:56.830+0000] {processor.py:208} INFO - Processing /opt/airflow/dags/olist_pipeline.py took 0.844 seconds
[2026-07-22T13:17:26.903+0000] {processor.py:186} INFO - Started process (PID=3891) to work on /opt/airflow/dags/olist_pipeline.py
[2026-07-22T13:17:26.904+0000] {processor.py:914} INFO - Processing file /opt/airflow/dags/olist_pipeline.py for tasks to queue
[2026-07-22T13:17:26.906+0000] {logging_mixin.py:190} INFO - [2026-07-22T13:17:26.906+0000] {dagbag.py:588} INFO - Filling up the DagBag from /opt/airflow/dags/olist_pipeline.py
[2026-07-22T13:17:27.814+0000] {processor.py:925} INFO - DAG(s) 'olist_gcp_data_engineering_pipeline' retrieved from /opt/airflow/dags/olist_pipeline.py
[2026-07-22T13:17:27.835+0000] {logging_mixin.py:190} INFO - [2026-07-22T13:17:27.835+0000] {dag.py:3239} INFO - Sync 1 DAGs
[2026-07-22T13:17:27.843+0000] {logging_mixin.py:190} INFO - [2026-07-22T13:17:27.843+0000] {dag.py:4180} INFO - Setting next_dagrun for olist_gcp_data_engineering_pipeline to None, run_after=None
[2026-07-22T13:17:27.854+0000] {processor.py:208} INFO - Processing /opt/airflow/dags/olist_pipeline.py took 0.959 seconds
[2026-07-22T13:17:58.234+0000] {processor.py:186} INFO - Started process (PID=3903) to work on /opt/airflow/dags/olist_pipeline.py
[2026-07-22T13:17:58.235+0000] {processor.py:914} INFO - Processing file /opt/airflow/dags/olist_pipeline.py for tasks to queue
[2026-07-22T13:17:58.237+0000] {logging_mixin.py:190} INFO - [2026-07-22T13:17:58.237+0000] {dagbag.py:588} INFO - Filling up the DagBag from /opt/airflow/dags/olist_pipeline.py
[2026-07-22T13:17:58.996+0000] {processor.py:925} INFO - DAG(s) 'olist_gcp_data_engineering_pipeline' retrieved from /opt/airflow/dags/olist_pipeline.py
[2026-07-22T13:17:59.017+0000] {logging_mixin.py:190} INFO - [2026-07-22T13:17:59.017+0000] {dag.py:3239} INFO - Sync 1 DAGs
[2026-07-22T13:17:59.025+0000] {logging_mixin.py:190} INFO - [2026-07-22T13:17:59.025+0000] {dag.py:4180} INFO - Setting next_dagrun for olist_gcp_data_engineering_pipeline to None, run_after=None
[2026-07-22T13:17:59.035+0000] {processor.py:208} INFO - Processing /opt/airflow/dags/olist_pipeline.py took 0.807 seconds
[2026-07-22T13:18:29.433+0000] {processor.py:186} INFO - Started process (PID=3915) to work on /opt/airflow/dags/olist_pipeline.py
[2026-07-22T13:18:29.434+0000] {processor.py:914} INFO - Processing file /opt/airflow/dags/olist_pipeline.py for tasks to queue
[2026-07-22T13:18:29.436+0000] {logging_mixin.py:190} INFO - [2026-07-22T13:18:29.436+0000] {dagbag.py:588} INFO - Filling up the DagBag from /opt/airflow/dags/olist_pipeline.py
[2026-07-22T13:18:30.196+0000] {processor.py:925} INFO - DAG(s) 'olist_gcp_data_engineering_pipeline' retrieved from /opt/airflow/dags/olist_pipeline.py
[2026-07-22T13:18:30.213+0000] {logging_mixin.py:190} INFO - [2026-07-22T13:18:30.213+0000] {dag.py:3239} INFO - Sync 1 DAGs
[2026-07-22T13:18:30.220+0000] {logging_mixin.py:190} INFO - [2026-07-22T13:18:30.220+0000] {dag.py:4180} INFO - Setting next_dagrun for olist_gcp_data_engineering_pipeline to None, run_after=None
[2026-07-22T13:18:30.229+0000] {processor.py:208} INFO - Processing /opt/airflow/dags/olist_pipeline.py took 0.803 seconds
[2026-07-22T13:19:00.618+0000] {processor.py:186} INFO - Started process (PID=3927) to work on /opt/airflow/dags/olist_pipeline.py
[2026-07-22T13:19:00.619+0000] {processor.py:914} INFO - Processing file /opt/airflow/dags/olist_pipeline.py for tasks to queue
[2026-07-22T13:19:00.622+0000] {logging_mixin.py:190} INFO - [2026-07-22T13:19:00.621+0000] {dagbag.py:588} INFO - Filling up the DagBag from /opt/airflow/dags/olist_pipeline.py
[2026-07-22T13:19:01.405+0000] {processor.py:925} INFO - DAG(s) 'olist_gcp_data_engineering_pipeline' retrieved from /opt/airflow/dags/olist_pipeline.py
[2026-07-22T13:19:01.425+0000] {logging_mixin.py:190} INFO - [2026-07-22T13:19:01.424+0000] {dag.py:3239} INFO - Sync 1 DAGs
[2026-07-22T13:19:01.432+0000] {logging_mixin.py:190} INFO - [2026-07-22T13:19:01.432+0000] {dag.py:4180} INFO - Setting next_dagrun for olist_gcp_data_engineering_pipeline to None, run_after=None
[2026-07-22T13:19:01.443+0000] {processor.py:208} INFO - Processing /opt/airflow/dags/olist_pipeline.py took 0.833 seconds
[2026-07-22T13:19:31.566+0000] {processor.py:186} INFO - Started process (PID=3939) to work on /opt/airflow/dags/olist_pipeline.py
[2026-07-22T13:19:31.568+0000] {processor.py:914} INFO - Processing file /opt/airflow/dags/olist_pipeline.py for tasks to queue
[2026-07-22T13:19:31.570+0000] {logging_mixin.py:190} INFO - [2026-07-22T13:19:31.569+0000] {dagbag.py:588} INFO - Filling up the DagBag from /opt/airflow/dags/olist_pipeline.py
[2026-07-22T13:19:32.337+0000] {processor.py:925} INFO - DAG(s) 'olist_gcp_data_engineering_pipeline' retrieved from /opt/airflow/dags/olist_pipeline.py
[2026-07-22T13:19:32.357+0000] {logging_mixin.py:190} INFO - [2026-07-22T13:19:32.357+0000] {dag.py:3239} INFO - Sync 1 DAGs
[2026-07-22T13:19:32.366+0000] {logging_mixin.py:190} INFO - [2026-07-22T13:19:32.366+0000] {dag.py:4180} INFO - Setting next_dagrun for olist_gcp_data_engineering_pipeline to None, run_after=None
[2026-07-22T13:19:32.377+0000] {processor.py:208} INFO - Processing /opt/airflow/dags/olist_pipeline.py took 0.817 seconds
[2026-07-22T13:20:02.766+0000] {processor.py:186} INFO - Started process (PID=3951) to work on /opt/airflow/dags/olist_pipeline.py
[2026-07-22T13:20:02.768+0000] {processor.py:914} INFO - Processing file /opt/airflow/dags/olist_pipeline.py for tasks to queue
[2026-07-22T13:20:02.772+0000] {logging_mixin.py:190} INFO - [2026-07-22T13:20:02.771+0000] {dagbag.py:588} INFO - Filling up the DagBag from /opt/airflow/dags/olist_pipeline.py
[2026-07-22T13:20:03.801+0000] {processor.py:925} INFO - DAG(s) 'olist_gcp_data_engineering_pipeline' retrieved from /opt/airflow/dags/olist_pipeline.py
[2026-07-22T13:20:03.828+0000] {logging_mixin.py:190} INFO - [2026-07-22T13:20:03.827+0000] {dag.py:3239} INFO - Sync 1 DAGs
[2026-07-22T13:20:03.838+0000] {logging_mixin.py:190} INFO - [2026-07-22T13:20:03.838+0000] {dag.py:4180} INFO - Setting next_dagrun for olist_gcp_data_engineering_pipeline to None, run_after=None
[2026-07-22T13:20:03.849+0000] {processor.py:208} INFO - Processing /opt/airflow/dags/olist_pipeline.py took 1.094 seconds
[2026-07-22T13:20:34.124+0000] {processor.py:186} INFO - Started process (PID=3963) to work on /opt/airflow/dags/olist_pipeline.py
[2026-07-22T13:20:34.125+0000] {processor.py:914} INFO - Processing file /opt/airflow/dags/olist_pipeline.py for tasks to queue
[2026-07-22T13:20:34.129+0000] {logging_mixin.py:190} INFO - [2026-07-22T13:20:34.129+0000] {dagbag.py:588} INFO - Filling up the DagBag from /opt/airflow/dags/olist_pipeline.py
[2026-07-22T13:20:35.116+0000] {processor.py:925} INFO - DAG(s) 'olist_gcp_data_engineering_pipeline' retrieved from /opt/airflow/dags/olist_pipeline.py
[2026-07-22T13:20:35.137+0000] {logging_mixin.py:190} INFO - [2026-07-22T13:20:35.137+0000] {dag.py:3239} INFO - Sync 1 DAGs
[2026-07-22T13:20:35.146+0000] {logging_mixin.py:190} INFO - [2026-07-22T13:20:35.146+0000] {dag.py:4180} INFO - Setting next_dagrun for olist_gcp_data_engineering_pipeline to None, run_after=None
[2026-07-22T13:20:35.156+0000] {processor.py:208} INFO - Processing /opt/airflow/dags/olist_pipeline.py took 1.043 seconds
[2026-07-22T13:21:05.436+0000] {processor.py:186} INFO - Started process (PID=3975) to work on /opt/airflow/dags/olist_pipeline.py
[2026-07-22T13:21:05.437+0000] {processor.py:914} INFO - Processing file /opt/airflow/dags/olist_pipeline.py for tasks to queue
[2026-07-22T13:21:05.439+0000] {logging_mixin.py:190} INFO - [2026-07-22T13:21:05.439+0000] {dagbag.py:588} INFO - Filling up the DagBag from /opt/airflow/dags/olist_pipeline.py
[2026-07-22T13:21:06.263+0000] {processor.py:925} INFO - DAG(s) 'olist_gcp_data_engineering_pipeline' retrieved from /opt/airflow/dags/olist_pipeline.py
[2026-07-22T13:21:06.282+0000] {logging_mixin.py:190} INFO - [2026-07-22T13:21:06.282+0000] {dag.py:3239} INFO - Sync 1 DAGs
[2026-07-22T13:21:06.290+0000] {logging_mixin.py:190} INFO - [2026-07-22T13:21:06.290+0000] {dag.py:4180} INFO - Setting next_dagrun for olist_gcp_data_engineering_pipeline to None, run_after=None
[2026-07-22T13:21:06.299+0000] {processor.py:208} INFO - Processing /opt/airflow/dags/olist_pipeline.py took 0.869 seconds
[2026-07-22T13:21:36.626+0000] {processor.py:186} INFO - Started process (PID=3987) to work on /opt/airflow/dags/olist_pipeline.py
[2026-07-22T13:21:36.627+0000] {processor.py:914} INFO - Processing file /opt/airflow/dags/olist_pipeline.py for tasks to queue
[2026-07-22T13:21:36.629+0000] {logging_mixin.py:190} INFO - [2026-07-22T13:21:36.629+0000] {dagbag.py:588} INFO - Filling up the DagBag from /opt/airflow/dags/olist_pipeline.py
[2026-07-22T13:21:37.385+0000] {processor.py:925} INFO - DAG(s) 'olist_gcp_data_engineering_pipeline' retrieved from /opt/airflow/dags/olist_pipeline.py
[2026-07-22T13:21:37.406+0000] {logging_mixin.py:190} INFO - [2026-07-22T13:21:37.406+0000] {dag.py:3239} INFO - Sync 1 DAGs
[2026-07-22T13:21:37.415+0000] {logging_mixin.py:190} INFO - [2026-07-22T13:21:37.415+0000] {dag.py:4180} INFO - Setting next_dagrun for olist_gcp_data_engineering_pipeline to None, run_after=None
[2026-07-22T13:21:37.426+0000] {processor.py:208} INFO - Processing /opt/airflow/dags/olist_pipeline.py took 0.806 seconds
[2026-07-22T13:22:07.821+0000] {processor.py:186} INFO - Started process (PID=3999) to work on /opt/airflow/dags/olist_pipeline.py
[2026-07-22T13:22:07.822+0000] {processor.py:914} INFO - Processing file /opt/airflow/dags/olist_pipeline.py for tasks to queue
[2026-07-22T13:22:07.824+0000] {logging_mixin.py:190} INFO - [2026-07-22T13:22:07.824+0000] {dagbag.py:588} INFO - Filling up the DagBag from /opt/airflow/dags/olist_pipeline.py
[2026-07-22T13:22:08.598+0000] {processor.py:925} INFO - DAG(s) 'olist_gcp_data_engineering_pipeline' retrieved from /opt/airflow/dags/olist_pipeline.py
[2026-07-22T13:22:08.619+0000] {logging_mixin.py:190} INFO - [2026-07-22T13:22:08.619+0000] {dag.py:3239} INFO - Sync 1 DAGs
[2026-07-22T13:22:08.629+0000] {logging_mixin.py:190} INFO - [2026-07-22T13:22:08.628+0000] {dag.py:4180} INFO - Setting next_dagrun for olist_gcp_data_engineering_pipeline to None, run_after=None
[2026-07-22T13:22:08.639+0000] {processor.py:208} INFO - Processing /opt/airflow/dags/olist_pipeline.py took 0.825 seconds
[2026-07-22T13:22:39.021+0000] {processor.py:186} INFO - Started process (PID=4011) to work on /opt/airflow/dags/olist_pipeline.py
[2026-07-22T13:22:39.023+0000] {processor.py:914} INFO - Processing file /opt/airflow/dags/olist_pipeline.py for tasks to queue
[2026-07-22T13:22:39.026+0000] {logging_mixin.py:190} INFO - [2026-07-22T13:22:39.025+0000] {dagbag.py:588} INFO - Filling up the DagBag from /opt/airflow/dags/olist_pipeline.py
[2026-07-22T13:22:39.819+0000] {processor.py:925} INFO - DAG(s) 'olist_gcp_data_engineering_pipeline' retrieved from /opt/airflow/dags/olist_pipeline.py
[2026-07-22T13:22:39.843+0000] {logging_mixin.py:190} INFO - [2026-07-22T13:22:39.842+0000] {dag.py:3239} INFO - Sync 1 DAGs
[2026-07-22T13:22:39.850+0000] {logging_mixin.py:190} INFO - [2026-07-22T13:22:39.850+0000] {dag.py:4180} INFO - Setting next_dagrun for olist_gcp_data_engineering_pipeline to None, run_after=None
[2026-07-22T13:22:39.860+0000] {processor.py:208} INFO - Processing /opt/airflow/dags/olist_pipeline.py took 0.849 seconds
[2026-07-22T13:23:10.240+0000] {processor.py:186} INFO - Started process (PID=4023) to work on /opt/airflow/dags/olist_pipeline.py
[2026-07-22T13:23:10.241+0000] {processor.py:914} INFO - Processing file /opt/airflow/dags/olist_pipeline.py for tasks to queue
[2026-07-22T13:23:10.243+0000] {logging_mixin.py:190} INFO - [2026-07-22T13:23:10.243+0000] {dagbag.py:588} INFO - Filling up the DagBag from /opt/airflow/dags/olist_pipeline.py
[2026-07-22T13:23:11.350+0000] {processor.py:925} INFO - DAG(s) 'olist_gcp_data_engineering_pipeline' retrieved from /opt/airflow/dags/olist_pipeline.py
[2026-07-22T13:23:11.376+0000] {logging_mixin.py:190} INFO - [2026-07-22T13:23:11.376+0000] {dag.py:3239} INFO - Sync 1 DAGs
[2026-07-22T13:23:11.387+0000] {logging_mixin.py:190} INFO - [2026-07-22T13:23:11.387+0000] {dag.py:4180} INFO - Setting next_dagrun for olist_gcp_data_engineering_pipeline to None, run_after=None
[2026-07-22T13:23:11.398+0000] {processor.py:208} INFO - Processing /opt/airflow/dags/olist_pipeline.py took 1.165 seconds
[2026-07-22T13:23:41.604+0000] {processor.py:186} INFO - Started process (PID=4036) to work on /opt/airflow/dags/olist_pipeline.py
[2026-07-22T13:23:41.606+0000] {processor.py:914} INFO - Processing file /opt/airflow/dags/olist_pipeline.py for tasks to queue
[2026-07-22T13:23:41.608+0000] {logging_mixin.py:190} INFO - [2026-07-22T13:23:41.608+0000] {dagbag.py:588} INFO - Filling up the DagBag from /opt/airflow/dags/olist_pipeline.py
[2026-07-22T13:23:42.469+0000] {processor.py:925} INFO - DAG(s) 'olist_gcp_data_engineering_pipeline' retrieved from /opt/airflow/dags/olist_pipeline.py
[2026-07-22T13:23:42.488+0000] {logging_mixin.py:190} INFO - [2026-07-22T13:23:42.488+0000] {dag.py:3239} INFO - Sync 1 DAGs
[2026-07-22T13:23:42.496+0000] {logging_mixin.py:190} INFO - [2026-07-22T13:23:42.496+0000] {dag.py:4180} INFO - Setting next_dagrun for olist_gcp_data_engineering_pipeline to None, run_after=None
[2026-07-22T13:23:42.505+0000] {processor.py:208} INFO - Processing /opt/airflow/dags/olist_pipeline.py took 0.909 seconds
[2026-07-22T13:24:12.840+0000] {processor.py:186} INFO - Started process (PID=4048) to work on /opt/airflow/dags/olist_pipeline.py
[2026-07-22T13:24:12.841+0000] {processor.py:914} INFO - Processing file /opt/airflow/dags/olist_pipeline.py for tasks to queue
[2026-07-22T13:24:12.844+0000] {logging_mixin.py:190} INFO - [2026-07-22T13:24:12.843+0000] {dagbag.py:588} INFO - Filling up the DagBag from /opt/airflow/dags/olist_pipeline.py
[2026-07-22T13:24:14.003+0000] {processor.py:925} INFO - DAG(s) 'olist_gcp_data_engineering_pipeline' retrieved from /opt/airflow/dags/olist_pipeline.py
[2026-07-22T13:24:14.027+0000] {logging_mixin.py:190} INFO - [2026-07-22T13:24:14.027+0000] {dag.py:3239} INFO - Sync 1 DAGs
[2026-07-22T13:24:14.036+0000] {logging_mixin.py:190} INFO - [2026-07-22T13:24:14.036+0000] {dag.py:4180} INFO - Setting next_dagrun for olist_gcp_data_engineering_pipeline to None, run_after=None
[2026-07-22T13:24:14.045+0000] {processor.py:208} INFO - Processing /opt/airflow/dags/olist_pipeline.py took 1.214 seconds
[2026-07-22T13:24:44.391+0000] {processor.py:186} INFO - Started process (PID=4060) to work on /opt/airflow/dags/olist_pipeline.py
[2026-07-22T13:24:44.391+0000] {processor.py:914} INFO - Processing file /opt/airflow/dags/olist_pipeline.py for tasks to queue
[2026-07-22T13:24:44.394+0000] {logging_mixin.py:190} INFO - [2026-07-22T13:24:44.393+0000] {dagbag.py:588} INFO - Filling up the DagBag from /opt/airflow/dags/olist_pipeline.py
[2026-07-22T13:24:45.147+0000] {processor.py:925} INFO - DAG(s) 'olist_gcp_data_engineering_pipeline' retrieved from /opt/airflow/dags/olist_pipeline.py
[2026-07-22T13:24:45.165+0000] {logging_mixin.py:190} INFO - [2026-07-22T13:24:45.165+0000] {dag.py:3239} INFO - Sync 1 DAGs
[2026-07-22T13:24:45.173+0000] {logging_mixin.py:190} INFO - [2026-07-22T13:24:45.173+0000] {dag.py:4180} INFO - Setting next_dagrun for olist_gcp_data_engineering_pipeline to None, run_after=None
[2026-07-22T13:24:45.184+0000] {processor.py:208} INFO - Processing /opt/airflow/dags/olist_pipeline.py took 0.799 seconds
[2026-07-22T13:25:15.577+0000] {processor.py:186} INFO - Started process (PID=4072) to work on /opt/airflow/dags/olist_pipeline.py
[2026-07-22T13:25:15.578+0000] {processor.py:914} INFO - Processing file /opt/airflow/dags/olist_pipeline.py for tasks to queue
[2026-07-22T13:25:15.579+0000] {logging_mixin.py:190} INFO - [2026-07-22T13:25:15.579+0000] {dagbag.py:588} INFO - Filling up the DagBag from /opt/airflow/dags/olist_pipeline.py
[2026-07-22T13:25:16.346+0000] {processor.py:925} INFO - DAG(s) 'olist_gcp_data_engineering_pipeline' retrieved from /opt/airflow/dags/olist_pipeline.py
[2026-07-22T13:25:16.363+0000] {logging_mixin.py:190} INFO - [2026-07-22T13:25:16.363+0000] {dag.py:3239} INFO - Sync 1 DAGs
[2026-07-22T13:25:16.371+0000] {logging_mixin.py:190} INFO - [2026-07-22T13:25:16.371+0000] {dag.py:4180} INFO - Setting next_dagrun for olist_gcp_data_engineering_pipeline to None, run_after=None
[2026-07-22T13:25:16.380+0000] {processor.py:208} INFO - Processing /opt/airflow/dags/olist_pipeline.py took 0.809 seconds
[2026-07-22T13:25:46.760+0000] {processor.py:186} INFO - Started process (PID=4084) to work on /opt/airflow/dags/olist_pipeline.py
[2026-07-22T13:25:46.761+0000] {processor.py:914} INFO - Processing file /opt/airflow/dags/olist_pipeline.py for tasks to queue
[2026-07-22T13:25:46.763+0000] {logging_mixin.py:190} INFO - [2026-07-22T13:25:46.762+0000] {dagbag.py:588} INFO - Filling up the DagBag from /opt/airflow/dags/olist_pipeline.py
[2026-07-22T13:25:47.513+0000] {processor.py:925} INFO - DAG(s) 'olist_gcp_data_engineering_pipeline' retrieved from /opt/airflow/dags/olist_pipeline.py
[2026-07-22T13:25:47.533+0000] {logging_mixin.py:190} INFO - [2026-07-22T13:25:47.533+0000] {dag.py:3239} INFO - Sync 1 DAGs
[2026-07-22T13:25:47.540+0000] {logging_mixin.py:190} INFO - [2026-07-22T13:25:47.540+0000] {dag.py:4180} INFO - Setting next_dagrun for olist_gcp_data_engineering_pipeline to None, run_after=None
[2026-07-22T13:25:47.549+0000] {processor.py:208} INFO - Processing /opt/airflow/dags/olist_pipeline.py took 0.795 seconds
[2026-07-22T13:26:17.849+0000] {processor.py:186} INFO - Started process (PID=4096) to work on /opt/airflow/dags/olist_pipeline.py
[2026-07-22T13:26:17.850+0000] {processor.py:914} INFO - Processing file /opt/airflow/dags/olist_pipeline.py for tasks to queue
[2026-07-22T13:26:17.852+0000] {logging_mixin.py:190} INFO - [2026-07-22T13:26:17.851+0000] {dagbag.py:588} INFO - Filling up the DagBag from /opt/airflow/dags/olist_pipeline.py
[2026-07-22T13:26:18.608+0000] {processor.py:925} INFO - DAG(s) 'olist_gcp_data_engineering_pipeline' retrieved from /opt/airflow/dags/olist_pipeline.py
[2026-07-22T13:26:18.628+0000] {logging_mixin.py:190} INFO - [2026-07-22T13:26:18.627+0000] {dag.py:3239} INFO - Sync 1 DAGs
[2026-07-22T13:26:18.636+0000] {logging_mixin.py:190} INFO - [2026-07-22T13:26:18.635+0000] {dag.py:4180} INFO - Setting next_dagrun for olist_gcp_data_engineering_pipeline to None, run_after=None
[2026-07-22T13:26:18.646+0000] {processor.py:208} INFO - Processing /opt/airflow/dags/olist_pipeline.py took 0.803 seconds
[2026-07-22T13:26:48.953+0000] {processor.py:186} INFO - Started process (PID=4108) to work on /opt/airflow/dags/olist_pipeline.py
[2026-07-22T13:26:48.954+0000] {processor.py:914} INFO - Processing file /opt/airflow/dags/olist_pipeline.py for tasks to queue
[2026-07-22T13:26:48.955+0000] {logging_mixin.py:190} INFO - [2026-07-22T13:26:48.955+0000] {dagbag.py:588} INFO - Filling up the DagBag from /opt/airflow/dags/olist_pipeline.py
[2026-07-22T13:26:49.695+0000] {processor.py:925} INFO - DAG(s) 'olist_gcp_data_engineering_pipeline' retrieved from /opt/airflow/dags/olist_pipeline.py
[2026-07-22T13:26:49.714+0000] {logging_mixin.py:190} INFO - [2026-07-22T13:26:49.714+0000] {dag.py:3239} INFO - Sync 1 DAGs
[2026-07-22T13:26:49.722+0000] {logging_mixin.py:190} INFO - [2026-07-22T13:26:49.722+0000] {dag.py:4180} INFO - Setting next_dagrun for olist_gcp_data_engineering_pipeline to None, run_after=None
[2026-07-22T13:26:49.731+0000] {processor.py:208} INFO - Processing /opt/airflow/dags/olist_pipeline.py took 0.784 seconds
[2026-07-22T13:27:20.033+0000] {processor.py:186} INFO - Started process (PID=4120) to work on /opt/airflow/dags/olist_pipeline.py
[2026-07-22T13:27:20.034+0000] {processor.py:914} INFO - Processing file /opt/airflow/dags/olist_pipeline.py for tasks to queue
[2026-07-22T13:27:20.036+0000] {logging_mixin.py:190} INFO - [2026-07-22T13:27:20.036+0000] {dagbag.py:588} INFO - Filling up the DagBag from /opt/airflow/dags/olist_pipeline.py
[2026-07-22T13:27:20.808+0000] {processor.py:925} INFO - DAG(s) 'olist_gcp_data_engineering_pipeline' retrieved from /opt/airflow/dags/olist_pipeline.py
[2026-07-22T13:27:20.828+0000] {logging_mixin.py:190} INFO - [2026-07-22T13:27:20.828+0000] {dag.py:3239} INFO - Sync 1 DAGs
[2026-07-22T13:27:20.836+0000] {logging_mixin.py:190} INFO - [2026-07-22T13:27:20.835+0000] {dag.py:4180} INFO - Setting next_dagrun for olist_gcp_data_engineering_pipeline to None, run_after=None
[2026-07-22T13:27:20.846+0000] {processor.py:208} INFO - Processing /opt/airflow/dags/olist_pipeline.py took 0.820 seconds
[2026-07-22T13:27:51.205+0000] {processor.py:186} INFO - Started process (PID=4132) to work on /opt/airflow/dags/olist_pipeline.py
[2026-07-22T13:27:51.206+0000] {processor.py:914} INFO - Processing file /opt/airflow/dags/olist_pipeline.py for tasks to queue
[2026-07-22T13:27:51.208+0000] {logging_mixin.py:190} INFO - [2026-07-22T13:27:51.208+0000] {dagbag.py:588} INFO - Filling up the DagBag from /opt/airflow/dags/olist_pipeline.py
[2026-07-22T13:27:51.975+0000] {processor.py:925} INFO - DAG(s) 'olist_gcp_data_engineering_pipeline' retrieved from /opt/airflow/dags/olist_pipeline.py
[2026-07-22T13:27:51.995+0000] {logging_mixin.py:190} INFO - [2026-07-22T13:27:51.995+0000] {dag.py:3239} INFO - Sync 1 DAGs
[2026-07-22T13:27:52.003+0000] {logging_mixin.py:190} INFO - [2026-07-22T13:27:52.003+0000] {dag.py:4180} INFO - Setting next_dagrun for olist_gcp_data_engineering_pipeline to None, run_after=None
[2026-07-22T13:27:52.013+0000] {processor.py:208} INFO - Processing /opt/airflow/dags/olist_pipeline.py took 0.814 seconds
[2026-07-22T13:28:22.395+0000] {processor.py:186} INFO - Started process (PID=4150) to work on /opt/airflow/dags/olist_pipeline.py
[2026-07-22T13:28:22.397+0000] {processor.py:914} INFO - Processing file /opt/airflow/dags/olist_pipeline.py for tasks to queue
[2026-07-22T13:28:22.399+0000] {logging_mixin.py:190} INFO - [2026-07-22T13:28:22.399+0000] {dagbag.py:588} INFO - Filling up the DagBag from /opt/airflow/dags/olist_pipeline.py
[2026-07-22T13:28:23.173+0000] {processor.py:925} INFO - DAG(s) 'olist_gcp_data_engineering_pipeline' retrieved from /opt/airflow/dags/olist_pipeline.py
[2026-07-22T13:28:23.193+0000] {logging_mixin.py:190} INFO - [2026-07-22T13:28:23.193+0000] {dag.py:3239} INFO - Sync 1 DAGs
[2026-07-22T13:28:23.200+0000] {logging_mixin.py:190} INFO - [2026-07-22T13:28:23.200+0000] {dag.py:4180} INFO - Setting next_dagrun for olist_gcp_data_engineering_pipeline to None, run_after=None
[2026-07-22T13:28:23.209+0000] {processor.py:208} INFO - Processing /opt/airflow/dags/olist_pipeline.py took 0.820 seconds
[2026-07-22T13:28:53.587+0000] {processor.py:186} INFO - Started process (PID=4162) to work on /opt/airflow/dags/olist_pipeline.py
[2026-07-22T13:28:53.588+0000] {processor.py:914} INFO - Processing file /opt/airflow/dags/olist_pipeline.py for tasks to queue
[2026-07-22T13:28:53.589+0000] {logging_mixin.py:190} INFO - [2026-07-22T13:28:53.589+0000] {dagbag.py:588} INFO - Filling up the DagBag from /opt/airflow/dags/olist_pipeline.py
[2026-07-22T13:28:54.356+0000] {processor.py:925} INFO - DAG(s) 'olist_gcp_data_engineering_pipeline' retrieved from /opt/airflow/dags/olist_pipeline.py
[2026-07-22T13:28:54.373+0000] {logging_mixin.py:190} INFO - [2026-07-22T13:28:54.373+0000] {dag.py:3239} INFO - Sync 1 DAGs
[2026-07-22T13:28:54.380+0000] {logging_mixin.py:190} INFO - [2026-07-22T13:28:54.380+0000] {dag.py:4180} INFO - Setting next_dagrun for olist_gcp_data_engineering_pipeline to None, run_after=None
[2026-07-22T13:28:54.389+0000] {processor.py:208} INFO - Processing /opt/airflow/dags/olist_pipeline.py took 0.809 seconds
[2026-07-22T13:29:24.746+0000] {processor.py:186} INFO - Started process (PID=4174) to work on /opt/airflow/dags/olist_pipeline.py
[2026-07-22T13:29:24.748+0000] {processor.py:914} INFO - Processing file /opt/airflow/dags/olist_pipeline.py for tasks to queue
[2026-07-22T13:29:24.750+0000] {logging_mixin.py:190} INFO - [2026-07-22T13:29:24.750+0000] {dagbag.py:588} INFO - Filling up the DagBag from /opt/airflow/dags/olist_pipeline.py
[2026-07-22T13:29:25.519+0000] {processor.py:925} INFO - DAG(s) 'olist_gcp_data_engineering_pipeline' retrieved from /opt/airflow/dags/olist_pipeline.py
[2026-07-22T13:29:25.539+0000] {logging_mixin.py:190} INFO - [2026-07-22T13:29:25.539+0000] {dag.py:3239} INFO - Sync 1 DAGs
[2026-07-22T13:29:25.546+0000] {logging_mixin.py:190} INFO - [2026-07-22T13:29:25.546+0000] {dag.py:4180} INFO - Setting next_dagrun for olist_gcp_data_engineering_pipeline to None, run_after=None
[2026-07-22T13:29:25.555+0000] {processor.py:208} INFO - Processing /opt/airflow/dags/olist_pipeline.py took 0.817 seconds
[2026-07-22T13:29:55.890+0000] {processor.py:186} INFO - Started process (PID=4186) to work on /opt/airflow/dags/olist_pipeline.py
[2026-07-22T13:29:55.891+0000] {processor.py:914} INFO - Processing file /opt/airflow/dags/olist_pipeline.py for tasks to queue
[2026-07-22T13:29:55.893+0000] {logging_mixin.py:190} INFO - [2026-07-22T13:29:55.892+0000] {dagbag.py:588} INFO - Filling up the DagBag from /opt/airflow/dags/olist_pipeline.py
[2026-07-22T13:29:56.637+0000] {processor.py:925} INFO - DAG(s) 'olist_gcp_data_engineering_pipeline' retrieved from /opt/airflow/dags/olist_pipeline.py
[2026-07-22T13:29:56.655+0000] {logging_mixin.py:190} INFO - [2026-07-22T13:29:56.654+0000] {dag.py:3239} INFO - Sync 1 DAGs
[2026-07-22T13:29:56.662+0000] {logging_mixin.py:190} INFO - [2026-07-22T13:29:56.662+0000] {dag.py:4180} INFO - Setting next_dagrun for olist_gcp_data_engineering_pipeline to None, run_after=None
[2026-07-22T13:29:56.672+0000] {processor.py:208} INFO - Processing /opt/airflow/dags/olist_pipeline.py took 0.786 seconds
[2026-07-22T13:30:26.905+0000] {processor.py:186} INFO - Started process (PID=4198) to work on /opt/airflow/dags/olist_pipeline.py
[2026-07-22T13:30:26.906+0000] {processor.py:914} INFO - Processing file /opt/airflow/dags/olist_pipeline.py for tasks to queue
[2026-07-22T13:30:26.908+0000] {logging_mixin.py:190} INFO - [2026-07-22T13:30:26.908+0000] {dagbag.py:588} INFO - Filling up the DagBag from /opt/airflow/dags/olist_pipeline.py
[2026-07-22T13:30:27.660+0000] {processor.py:925} INFO - DAG(s) 'olist_gcp_data_engineering_pipeline' retrieved from /opt/airflow/dags/olist_pipeline.py
[2026-07-22T13:30:27.677+0000] {logging_mixin.py:190} INFO - [2026-07-22T13:30:27.677+0000] {dag.py:3239} INFO - Sync 1 DAGs
[2026-07-22T13:30:27.685+0000] {logging_mixin.py:190} INFO - [2026-07-22T13:30:27.685+0000] {dag.py:4180} INFO - Setting next_dagrun for olist_gcp_data_engineering_pipeline to None, run_after=None
[2026-07-22T13:30:27.694+0000] {processor.py:208} INFO - Processing /opt/airflow/dags/olist_pipeline.py took 0.796 seconds
[2026-07-22T13:30:58.049+0000] {processor.py:186} INFO - Started process (PID=4210) to work on /opt/airflow/dags/olist_pipeline.py
[2026-07-22T13:30:58.050+0000] {processor.py:914} INFO - Processing file /opt/airflow/dags/olist_pipeline.py for tasks to queue
[2026-07-22T13:30:58.053+0000] {logging_mixin.py:190} INFO - [2026-07-22T13:30:58.052+0000] {dagbag.py:588} INFO - Filling up the DagBag from /opt/airflow/dags/olist_pipeline.py
[2026-07-22T13:30:58.944+0000] {processor.py:925} INFO - DAG(s) 'olist_gcp_data_engineering_pipeline' retrieved from /opt/airflow/dags/olist_pipeline.py
[2026-07-22T13:30:58.963+0000] {logging_mixin.py:190} INFO - [2026-07-22T13:30:58.963+0000] {dag.py:3239} INFO - Sync 1 DAGs
[2026-07-22T13:30:58.971+0000] {logging_mixin.py:190} INFO - [2026-07-22T13:30:58.971+0000] {dag.py:4180} INFO - Setting next_dagrun for olist_gcp_data_engineering_pipeline to None, run_after=None
[2026-07-22T13:30:58.980+0000] {processor.py:208} INFO - Processing /opt/airflow/dags/olist_pipeline.py took 0.939 seconds
[2026-07-22T13:31:29.388+0000] {processor.py:186} INFO - Started process (PID=4222) to work on /opt/airflow/dags/olist_pipeline.py
[2026-07-22T13:31:29.389+0000] {processor.py:914} INFO - Processing file /opt/airflow/dags/olist_pipeline.py for tasks to queue
[2026-07-22T13:31:29.390+0000] {logging_mixin.py:190} INFO - [2026-07-22T13:31:29.390+0000] {dagbag.py:588} INFO - Filling up the DagBag from /opt/airflow/dags/olist_pipeline.py
[2026-07-22T13:31:30.206+0000] {processor.py:925} INFO - DAG(s) 'olist_gcp_data_engineering_pipeline' retrieved from /opt/airflow/dags/olist_pipeline.py
[2026-07-22T13:31:30.231+0000] {logging_mixin.py:190} INFO - [2026-07-22T13:31:30.230+0000] {dag.py:3239} INFO - Sync 1 DAGs
[2026-07-22T13:31:30.240+0000] {logging_mixin.py:190} INFO - [2026-07-22T13:31:30.240+0000] {dag.py:4180} INFO - Setting next_dagrun for olist_gcp_data_engineering_pipeline to None, run_after=None
[2026-07-22T13:31:30.251+0000] {processor.py:208} INFO - Processing /opt/airflow/dags/olist_pipeline.py took 0.870 seconds
[2026-07-22T13:32:00.717+0000] {processor.py:186} INFO - Started process (PID=4234) to work on /opt/airflow/dags/olist_pipeline.py
[2026-07-22T13:32:00.718+0000] {processor.py:914} INFO - Processing file /opt/airflow/dags/olist_pipeline.py for tasks to queue
[2026-07-22T13:32:00.719+0000] {logging_mixin.py:190} INFO - [2026-07-22T13:32:00.719+0000] {dagbag.py:588} INFO - Filling up the DagBag from /opt/airflow/dags/olist_pipeline.py
[2026-07-22T13:32:01.472+0000] {processor.py:925} INFO - DAG(s) 'olist_gcp_data_engineering_pipeline' retrieved from /opt/airflow/dags/olist_pipeline.py
[2026-07-22T13:32:01.489+0000] {logging_mixin.py:190} INFO - [2026-07-22T13:32:01.489+0000] {dag.py:3239} INFO - Sync 1 DAGs
[2026-07-22T13:32:01.496+0000] {logging_mixin.py:190} INFO - [2026-07-22T13:32:01.496+0000] {dag.py:4180} INFO - Setting next_dagrun for olist_gcp_data_engineering_pipeline to None, run_after=None
[2026-07-22T13:32:01.505+0000] {processor.py:208} INFO - Processing /opt/airflow/dags/olist_pipeline.py took 0.795 seconds
[2026-07-22T13:32:31.841+0000] {processor.py:186} INFO - Started process (PID=4246) to work on /opt/airflow/dags/olist_pipeline.py
[2026-07-22T13:32:31.842+0000] {processor.py:914} INFO - Processing file /opt/airflow/dags/olist_pipeline.py for tasks to queue
[2026-07-22T13:32:31.844+0000] {logging_mixin.py:190} INFO - [2026-07-22T13:32:31.844+0000] {dagbag.py:588} INFO - Filling up the DagBag from /opt/airflow/dags/olist_pipeline.py
[2026-07-22T13:32:32.594+0000] {processor.py:925} INFO - DAG(s) 'olist_gcp_data_engineering_pipeline' retrieved from /opt/airflow/dags/olist_pipeline.py
[2026-07-22T13:32:32.611+0000] {logging_mixin.py:190} INFO - [2026-07-22T13:32:32.610+0000] {dag.py:3239} INFO - Sync 1 DAGs
[2026-07-22T13:32:32.618+0000] {logging_mixin.py:190} INFO - [2026-07-22T13:32:32.617+0000] {dag.py:4180} INFO - Setting next_dagrun for olist_gcp_data_engineering_pipeline to None, run_after=None
[2026-07-22T13:32:32.627+0000] {processor.py:208} INFO - Processing /opt/airflow/dags/olist_pipeline.py took 0.792 seconds
[2026-07-22T13:33:02.754+0000] {processor.py:186} INFO - Started process (PID=4258) to work on /opt/airflow/dags/olist_pipeline.py
[2026-07-22T13:33:02.755+0000] {processor.py:914} INFO - Processing file /opt/airflow/dags/olist_pipeline.py for tasks to queue
[2026-07-22T13:33:02.757+0000] {logging_mixin.py:190} INFO - [2026-07-22T13:33:02.757+0000] {dagbag.py:588} INFO - Filling up the DagBag from /opt/airflow/dags/olist_pipeline.py
[2026-07-22T13:33:03.509+0000] {processor.py:925} INFO - DAG(s) 'olist_gcp_data_engineering_pipeline' retrieved from /opt/airflow/dags/olist_pipeline.py
[2026-07-22T13:33:03.528+0000] {logging_mixin.py:190} INFO - [2026-07-22T13:33:03.528+0000] {dag.py:3239} INFO - Sync 1 DAGs
[2026-07-22T13:33:03.536+0000] {logging_mixin.py:190} INFO - [2026-07-22T13:33:03.536+0000] {dag.py:4180} INFO - Setting next_dagrun for olist_gcp_data_engineering_pipeline to None, run_after=None
[2026-07-22T13:33:03.546+0000] {processor.py:208} INFO - Processing /opt/airflow/dags/olist_pipeline.py took 0.799 seconds
[2026-07-22T13:33:33.895+0000] {processor.py:186} INFO - Started process (PID=4270) to work on /opt/airflow/dags/olist_pipeline.py
[2026-07-22T13:33:33.896+0000] {processor.py:914} INFO - Processing file /opt/airflow/dags/olist_pipeline.py for tasks to queue
[2026-07-22T13:33:33.898+0000] {logging_mixin.py:190} INFO - [2026-07-22T13:33:33.897+0000] {dagbag.py:588} INFO - Filling up the DagBag from /opt/airflow/dags/olist_pipeline.py
[2026-07-22T13:33:34.663+0000] {processor.py:925} INFO - DAG(s) 'olist_gcp_data_engineering_pipeline' retrieved from /opt/airflow/dags/olist_pipeline.py
[2026-07-22T13:33:34.683+0000] {logging_mixin.py:190} INFO - [2026-07-22T13:33:34.682+0000] {dag.py:3239} INFO - Sync 1 DAGs
[2026-07-22T13:33:34.691+0000] {logging_mixin.py:190} INFO - [2026-07-22T13:33:34.691+0000] {dag.py:4180} INFO - Setting next_dagrun for olist_gcp_data_engineering_pipeline to None, run_after=None
[2026-07-22T13:33:34.700+0000] {processor.py:208} INFO - Processing /opt/airflow/dags/olist_pipeline.py took 0.812 seconds
[2026-07-22T13:34:05.067+0000] {processor.py:186} INFO - Started process (PID=4282) to work on /opt/airflow/dags/olist_pipeline.py
[2026-07-22T13:34:05.067+0000] {processor.py:914} INFO - Processing file /opt/airflow/dags/olist_pipeline.py for tasks to queue
[2026-07-22T13:34:05.069+0000] {logging_mixin.py:190} INFO - [2026-07-22T13:34:05.069+0000] {dagbag.py:588} INFO - Filling up the DagBag from /opt/airflow/dags/olist_pipeline.py
[2026-07-22T13:34:05.824+0000] {processor.py:925} INFO - DAG(s) 'olist_gcp_data_engineering_pipeline' retrieved from /opt/airflow/dags/olist_pipeline.py
[2026-07-22T13:34:05.844+0000] {logging_mixin.py:190} INFO - [2026-07-22T13:34:05.844+0000] {dag.py:3239} INFO - Sync 1 DAGs
[2026-07-22T13:34:05.851+0000] {logging_mixin.py:190} INFO - [2026-07-22T13:34:05.851+0000] {dag.py:4180} INFO - Setting next_dagrun for olist_gcp_data_engineering_pipeline to None, run_after=None
[2026-07-22T13:34:05.860+0000] {processor.py:208} INFO - Processing /opt/airflow/dags/olist_pipeline.py took 0.800 seconds
[2026-07-22T13:34:36.177+0000] {processor.py:186} INFO - Started process (PID=4294) to work on /opt/airflow/dags/olist_pipeline.py
[2026-07-22T13:34:36.178+0000] {processor.py:914} INFO - Processing file /opt/airflow/dags/olist_pipeline.py for tasks to queue
[2026-07-22T13:34:36.180+0000] {logging_mixin.py:190} INFO - [2026-07-22T13:34:36.180+0000] {dagbag.py:588} INFO - Filling up the DagBag from /opt/airflow/dags/olist_pipeline.py
[2026-07-22T13:34:36.934+0000] {processor.py:925} INFO - DAG(s) 'olist_gcp_data_engineering_pipeline' retrieved from /opt/airflow/dags/olist_pipeline.py
[2026-07-22T13:34:36.954+0000] {logging_mixin.py:190} INFO - [2026-07-22T13:34:36.954+0000] {dag.py:3239} INFO - Sync 1 DAGs
[2026-07-22T13:34:36.961+0000] {logging_mixin.py:190} INFO - [2026-07-22T13:34:36.961+0000] {dag.py:4180} INFO - Setting next_dagrun for olist_gcp_data_engineering_pipeline to None, run_after=None
[2026-07-22T13:34:36.970+0000] {processor.py:208} INFO - Processing /opt/airflow/dags/olist_pipeline.py took 0.799 seconds
[2026-07-22T13:35:07.184+0000] {processor.py:186} INFO - Started process (PID=4306) to work on /opt/airflow/dags/olist_pipeline.py
[2026-07-22T13:35:07.185+0000] {processor.py:914} INFO - Processing file /opt/airflow/dags/olist_pipeline.py for tasks to queue
[2026-07-22T13:35:07.187+0000] {logging_mixin.py:190} INFO - [2026-07-22T13:35:07.187+0000] {dagbag.py:588} INFO - Filling up the DagBag from /opt/airflow/dags/olist_pipeline.py
[2026-07-22T13:35:07.959+0000] {processor.py:925} INFO - DAG(s) 'olist_gcp_data_engineering_pipeline' retrieved from /opt/airflow/dags/olist_pipeline.py
[2026-07-22T13:35:07.978+0000] {logging_mixin.py:190} INFO - [2026-07-22T13:35:07.978+0000] {dag.py:3239} INFO - Sync 1 DAGs
[2026-07-22T13:35:07.986+0000] {logging_mixin.py:190} INFO - [2026-07-22T13:35:07.986+0000] {dag.py:4180} INFO - Setting next_dagrun for olist_gcp_data_engineering_pipeline to None, run_after=None
[2026-07-22T13:35:07.997+0000] {processor.py:208} INFO - Processing /opt/airflow/dags/olist_pipeline.py took 0.819 seconds
[2026-07-22T13:35:38.368+0000] {processor.py:186} INFO - Started process (PID=4318) to work on /opt/airflow/dags/olist_pipeline.py
[2026-07-22T13:35:38.369+0000] {processor.py:914} INFO - Processing file /opt/airflow/dags/olist_pipeline.py for tasks to queue
[2026-07-22T13:35:38.371+0000] {logging_mixin.py:190} INFO - [2026-07-22T13:35:38.371+0000] {dagbag.py:588} INFO - Filling up the DagBag from /opt/airflow/dags/olist_pipeline.py
[2026-07-22T13:35:39.175+0000] {processor.py:925} INFO - DAG(s) 'olist_gcp_data_engineering_pipeline' retrieved from /opt/airflow/dags/olist_pipeline.py
[2026-07-22T13:35:39.192+0000] {logging_mixin.py:190} INFO - [2026-07-22T13:35:39.192+0000] {dag.py:3239} INFO - Sync 1 DAGs
[2026-07-22T13:35:39.199+0000] {logging_mixin.py:190} INFO - [2026-07-22T13:35:39.199+0000] {dag.py:4180} INFO - Setting next_dagrun for olist_gcp_data_engineering_pipeline to None, run_after=None
[2026-07-22T13:35:39.208+0000] {processor.py:208} INFO - Processing /opt/airflow/dags/olist_pipeline.py took 0.847 seconds
[2026-07-22T13:36:09.567+0000] {processor.py:186} INFO - Started process (PID=4330) to work on /opt/airflow/dags/olist_pipeline.py
[2026-07-22T13:36:09.568+0000] {processor.py:914} INFO - Processing file /opt/airflow/dags/olist_pipeline.py for tasks to queue
[2026-07-22T13:36:09.570+0000] {logging_mixin.py:190} INFO - [2026-07-22T13:36:09.570+0000] {dagbag.py:588} INFO - Filling up the DagBag from /opt/airflow/dags/olist_pipeline.py
[2026-07-22T13:36:10.331+0000] {processor.py:925} INFO - DAG(s) 'olist_gcp_data_engineering_pipeline' retrieved from /opt/airflow/dags/olist_pipeline.py
[2026-07-22T13:36:10.350+0000] {logging_mixin.py:190} INFO - [2026-07-22T13:36:10.350+0000] {dag.py:3239} INFO - Sync 1 DAGs
[2026-07-22T13:36:10.358+0000] {logging_mixin.py:190} INFO - [2026-07-22T13:36:10.358+0000] {dag.py:4180} INFO - Setting next_dagrun for olist_gcp_data_engineering_pipeline to None, run_after=None
[2026-07-22T13:36:10.367+0000] {processor.py:208} INFO - Processing /opt/airflow/dags/olist_pipeline.py took 0.807 seconds
[2026-07-22T13:36:40.685+0000] {processor.py:186} INFO - Started process (PID=4342) to work on /opt/airflow/dags/olist_pipeline.py
[2026-07-22T13:36:40.686+0000] {processor.py:914} INFO - Processing file /opt/airflow/dags/olist_pipeline.py for tasks to queue
[2026-07-22T13:36:40.688+0000] {logging_mixin.py:190} INFO - [2026-07-22T13:36:40.688+0000] {dagbag.py:588} INFO - Filling up the DagBag from /opt/airflow/dags/olist_pipeline.py
[2026-07-22T13:36:41.451+0000] {processor.py:925} INFO - DAG(s) 'olist_gcp_data_engineering_pipeline' retrieved from /opt/airflow/dags/olist_pipeline.py
[2026-07-22T13:36:41.470+0000] {logging_mixin.py:190} INFO - [2026-07-22T13:36:41.470+0000] {dag.py:3239} INFO - Sync 1 DAGs
[2026-07-22T13:36:41.477+0000] {logging_mixin.py:190} INFO - [2026-07-22T13:36:41.477+0000] {dag.py:4180} INFO - Setting next_dagrun for olist_gcp_data_engineering_pipeline to None, run_after=None
[2026-07-22T13:36:41.487+0000] {processor.py:208} INFO - Processing /opt/airflow/dags/olist_pipeline.py took 0.808 seconds
[2026-07-22T13:37:11.714+0000] {processor.py:186} INFO - Started process (PID=4354) to work on /opt/airflow/dags/olist_pipeline.py
[2026-07-22T13:37:11.715+0000] {processor.py:914} INFO - Processing file /opt/airflow/dags/olist_pipeline.py for tasks to queue
[2026-07-22T13:37:11.717+0000] {logging_mixin.py:190} INFO - [2026-07-22T13:37:11.717+0000] {dagbag.py:588} INFO - Filling up the DagBag from /opt/airflow/dags/olist_pipeline.py
[2026-07-22T13:37:12.482+0000] {processor.py:925} INFO - DAG(s) 'olist_gcp_data_engineering_pipeline' retrieved from /opt/airflow/dags/olist_pipeline.py
[2026-07-22T13:37:12.503+0000] {logging_mixin.py:190} INFO - [2026-07-22T13:37:12.503+0000] {dag.py:3239} INFO - Sync 1 DAGs
[2026-07-22T13:37:12.510+0000] {logging_mixin.py:190} INFO - [2026-07-22T13:37:12.510+0000] {dag.py:4180} INFO - Setting next_dagrun for olist_gcp_data_engineering_pipeline to None, run_after=None
[2026-07-22T13:37:12.519+0000] {processor.py:208} INFO - Processing /opt/airflow/dags/olist_pipeline.py took 0.811 seconds
[2026-07-22T13:37:42.979+0000] {processor.py:186} INFO - Started process (PID=4366) to work on /opt/airflow/dags/olist_pipeline.py
[2026-07-22T13:37:42.980+0000] {processor.py:914} INFO - Processing file /opt/airflow/dags/olist_pipeline.py for tasks to queue
[2026-07-22T13:37:42.983+0000] {logging_mixin.py:190} INFO - [2026-07-22T13:37:42.982+0000] {dagbag.py:588} INFO - Filling up the DagBag from /opt/airflow/dags/olist_pipeline.py
[2026-07-22T13:37:43.794+0000] {processor.py:925} INFO - DAG(s) 'olist_gcp_data_engineering_pipeline' retrieved from /opt/airflow/dags/olist_pipeline.py
[2026-07-22T13:37:43.814+0000] {logging_mixin.py:190} INFO - [2026-07-22T13:37:43.814+0000] {dag.py:3239} INFO - Sync 1 DAGs
[2026-07-22T13:37:43.823+0000] {logging_mixin.py:190} INFO - [2026-07-22T13:37:43.822+0000] {dag.py:4180} INFO - Setting next_dagrun for olist_gcp_data_engineering_pipeline to None, run_after=None
[2026-07-22T13:37:43.833+0000] {processor.py:208} INFO - Processing /opt/airflow/dags/olist_pipeline.py took 0.860 seconds
[2026-07-22T13:38:14.185+0000] {processor.py:186} INFO - Started process (PID=4378) to work on /opt/airflow/dags/olist_pipeline.py
[2026-07-22T13:38:14.186+0000] {processor.py:914} INFO - Processing file /opt/airflow/dags/olist_pipeline.py for tasks to queue
[2026-07-22T13:38:14.188+0000] {logging_mixin.py:190} INFO - [2026-07-22T13:38:14.188+0000] {dagbag.py:588} INFO - Filling up the DagBag from /opt/airflow/dags/olist_pipeline.py
[2026-07-22T13:38:14.940+0000] {processor.py:925} INFO - DAG(s) 'olist_gcp_data_engineering_pipeline' retrieved from /opt/airflow/dags/olist_pipeline.py
[2026-07-22T13:38:14.960+0000] {logging_mixin.py:190} INFO - [2026-07-22T13:38:14.960+0000] {dag.py:3239} INFO - Sync 1 DAGs
[2026-07-22T13:38:14.968+0000] {logging_mixin.py:190} INFO - [2026-07-22T13:38:14.968+0000] {dag.py:4180} INFO - Setting next_dagrun for olist_gcp_data_engineering_pipeline to None, run_after=None
[2026-07-22T13:38:14.978+0000] {processor.py:208} INFO - Processing /opt/airflow/dags/olist_pipeline.py took 0.799 seconds
[2026-07-22T13:38:45.346+0000] {processor.py:186} INFO - Started process (PID=4390) to work on /opt/airflow/dags/olist_pipeline.py
[2026-07-22T13:38:45.347+0000] {processor.py:914} INFO - Processing file /opt/airflow/dags/olist_pipeline.py for tasks to queue
[2026-07-22T13:38:45.349+0000] {logging_mixin.py:190} INFO - [2026-07-22T13:38:45.349+0000] {dagbag.py:588} INFO - Filling up the DagBag from /opt/airflow/dags/olist_pipeline.py
[2026-07-22T13:38:46.141+0000] {processor.py:925} INFO - DAG(s) 'olist_gcp_data_engineering_pipeline' retrieved from /opt/airflow/dags/olist_pipeline.py
[2026-07-22T13:38:46.164+0000] {logging_mixin.py:190} INFO - [2026-07-22T13:38:46.163+0000] {dag.py:3239} INFO - Sync 1 DAGs
[2026-07-22T13:38:46.171+0000] {logging_mixin.py:190} INFO - [2026-07-22T13:38:46.171+0000] {dag.py:4180} INFO - Setting next_dagrun for olist_gcp_data_engineering_pipeline to None, run_after=None
[2026-07-22T13:38:46.181+0000] {processor.py:208} INFO - Processing /opt/airflow/dags/olist_pipeline.py took 0.843 seconds
[2026-07-22T13:39:16.570+0000] {processor.py:186} INFO - Started process (PID=4402) to work on /opt/airflow/dags/olist_pipeline.py
[2026-07-22T13:39:16.571+0000] {processor.py:914} INFO - Processing file /opt/airflow/dags/olist_pipeline.py for tasks to queue
[2026-07-22T13:39:16.573+0000] {logging_mixin.py:190} INFO - [2026-07-22T13:39:16.573+0000] {dagbag.py:588} INFO - Filling up the DagBag from /opt/airflow/dags/olist_pipeline.py
[2026-07-22T13:39:17.322+0000] {processor.py:925} INFO - DAG(s) 'olist_gcp_data_engineering_pipeline' retrieved from /opt/airflow/dags/olist_pipeline.py
[2026-07-22T13:39:17.342+0000] {logging_mixin.py:190} INFO - [2026-07-22T13:39:17.341+0000] {dag.py:3239} INFO - Sync 1 DAGs
[2026-07-22T13:39:17.349+0000] {logging_mixin.py:190} INFO - [2026-07-22T13:39:17.349+0000] {dag.py:4180} INFO - Setting next_dagrun for olist_gcp_data_engineering_pipeline to None, run_after=None
[2026-07-22T13:39:17.359+0000] {processor.py:208} INFO - Processing /opt/airflow/dags/olist_pipeline.py took 0.795 seconds
[2026-07-22T13:39:47.684+0000] {processor.py:186} INFO - Started process (PID=4414) to work on /opt/airflow/dags/olist_pipeline.py
[2026-07-22T13:39:47.685+0000] {processor.py:914} INFO - Processing file /opt/airflow/dags/olist_pipeline.py for tasks to queue
[2026-07-22T13:39:47.687+0000] {logging_mixin.py:190} INFO - [2026-07-22T13:39:47.687+0000] {dagbag.py:588} INFO - Filling up the DagBag from /opt/airflow/dags/olist_pipeline.py
[2026-07-22T13:39:48.454+0000] {processor.py:925} INFO - DAG(s) 'olist_gcp_data_engineering_pipeline' retrieved from /opt/airflow/dags/olist_pipeline.py
[2026-07-22T13:39:48.472+0000] {logging_mixin.py:190} INFO - [2026-07-22T13:39:48.471+0000] {dag.py:3239} INFO - Sync 1 DAGs
[2026-07-22T13:39:48.479+0000] {logging_mixin.py:190} INFO - [2026-07-22T13:39:48.479+0000] {dag.py:4180} INFO - Setting next_dagrun for olist_gcp_data_engineering_pipeline to None, run_after=None
[2026-07-22T13:39:48.488+0000] {processor.py:208} INFO - Processing /opt/airflow/dags/olist_pipeline.py took 0.812 seconds
[2026-07-22T13:40:18.688+0000] {processor.py:186} INFO - Started process (PID=4426) to work on /opt/airflow/dags/olist_pipeline.py
[2026-07-22T13:40:18.689+0000] {processor.py:914} INFO - Processing file /opt/airflow/dags/olist_pipeline.py for tasks to queue
[2026-07-22T13:40:18.691+0000] {logging_mixin.py:190} INFO - [2026-07-22T13:40:18.691+0000] {dagbag.py:588} INFO - Filling up the DagBag from /opt/airflow/dags/olist_pipeline.py
[2026-07-22T13:40:19.458+0000] {processor.py:925} INFO - DAG(s) 'olist_gcp_data_engineering_pipeline' retrieved from /opt/airflow/dags/olist_pipeline.py
[2026-07-22T13:40:19.478+0000] {logging_mixin.py:190} INFO - [2026-07-22T13:40:19.477+0000] {dag.py:3239} INFO - Sync 1 DAGs
[2026-07-22T13:40:19.485+0000] {logging_mixin.py:190} INFO - [2026-07-22T13:40:19.485+0000] {dag.py:4180} INFO - Setting next_dagrun for olist_gcp_data_engineering_pipeline to None, run_after=None
[2026-07-22T13:40:19.494+0000] {processor.py:208} INFO - Processing /opt/airflow/dags/olist_pipeline.py took 0.812 seconds
[2026-07-22T13:40:49.863+0000] {processor.py:186} INFO - Started process (PID=4438) to work on /opt/airflow/dags/olist_pipeline.py
[2026-07-22T13:40:49.863+0000] {processor.py:914} INFO - Processing file /opt/airflow/dags/olist_pipeline.py for tasks to queue
[2026-07-22T13:40:49.865+0000] {logging_mixin.py:190} INFO - [2026-07-22T13:40:49.865+0000] {dagbag.py:588} INFO - Filling up the DagBag from /opt/airflow/dags/olist_pipeline.py
[2026-07-22T13:40:50.620+0000] {processor.py:925} INFO - DAG(s) 'olist_gcp_data_engineering_pipeline' retrieved from /opt/airflow/dags/olist_pipeline.py
[2026-07-22T13:40:50.639+0000] {logging_mixin.py:190} INFO - [2026-07-22T13:40:50.639+0000] {dag.py:3239} INFO - Sync 1 DAGs
[2026-07-22T13:40:50.646+0000] {logging_mixin.py:190} INFO - [2026-07-22T13:40:50.646+0000] {dag.py:4180} INFO - Setting next_dagrun for olist_gcp_data_engineering_pipeline to None, run_after=None
[2026-07-22T13:40:50.656+0000] {processor.py:208} INFO - Processing /opt/airflow/dags/olist_pipeline.py took 0.800 seconds
[2026-07-22T13:41:21.034+0000] {processor.py:186} INFO - Started process (PID=4450) to work on /opt/airflow/dags/olist_pipeline.py
[2026-07-22T13:41:21.035+0000] {processor.py:914} INFO - Processing file /opt/airflow/dags/olist_pipeline.py for tasks to queue
[2026-07-22T13:41:21.039+0000] {logging_mixin.py:190} INFO - [2026-07-22T13:41:21.038+0000] {dagbag.py:588} INFO - Filling up the DagBag from /opt/airflow/dags/olist_pipeline.py
[2026-07-22T13:41:21.837+0000] {processor.py:925} INFO - DAG(s) 'olist_gcp_data_engineering_pipeline' retrieved from /opt/airflow/dags/olist_pipeline.py
[2026-07-22T13:41:21.856+0000] {logging_mixin.py:190} INFO - [2026-07-22T13:41:21.856+0000] {dag.py:3239} INFO - Sync 1 DAGs
[2026-07-22T13:41:21.864+0000] {logging_mixin.py:190} INFO - [2026-07-22T13:41:21.863+0000] {dag.py:4180} INFO - Setting next_dagrun for olist_gcp_data_engineering_pipeline to None, run_after=None
[2026-07-22T13:41:21.873+0000] {processor.py:208} INFO - Processing /opt/airflow/dags/olist_pipeline.py took 0.849 seconds
[2026-07-22T13:41:52.223+0000] {processor.py:186} INFO - Started process (PID=4462) to work on /opt/airflow/dags/olist_pipeline.py
[2026-07-22T13:41:52.223+0000] {processor.py:914} INFO - Processing file /opt/airflow/dags/olist_pipeline.py for tasks to queue
[2026-07-22T13:41:52.225+0000] {logging_mixin.py:190} INFO - [2026-07-22T13:41:52.225+0000] {dagbag.py:588} INFO - Filling up the DagBag from /opt/airflow/dags/olist_pipeline.py
[2026-07-22T13:41:52.984+0000] {processor.py:925} INFO - DAG(s) 'olist_gcp_data_engineering_pipeline' retrieved from /opt/airflow/dags/olist_pipeline.py
[2026-07-22T13:41:53.003+0000] {logging_mixin.py:190} INFO - [2026-07-22T13:41:53.003+0000] {dag.py:3239} INFO - Sync 1 DAGs
[2026-07-22T13:41:53.011+0000] {logging_mixin.py:190} INFO - [2026-07-22T13:41:53.011+0000] {dag.py:4180} INFO - Setting next_dagrun for olist_gcp_data_engineering_pipeline to None, run_after=None
[2026-07-22T13:41:53.020+0000] {processor.py:208} INFO - Processing /opt/airflow/dags/olist_pipeline.py took 0.804 seconds
[2026-07-22T13:42:23.185+0000] {processor.py:186} INFO - Started process (PID=4474) to work on /opt/airflow/dags/olist_pipeline.py
[2026-07-22T13:42:23.186+0000] {processor.py:914} INFO - Processing file /opt/airflow/dags/olist_pipeline.py for tasks to queue
[2026-07-22T13:42:23.187+0000] {logging_mixin.py:190} INFO - [2026-07-22T13:42:23.187+0000] {dagbag.py:588} INFO - Filling up the DagBag from /opt/airflow/dags/olist_pipeline.py
[2026-07-22T13:42:24.578+0000] {processor.py:925} INFO - DAG(s) 'olist_gcp_data_engineering_pipeline' retrieved from /opt/airflow/dags/olist_pipeline.py
[2026-07-22T13:42:24.647+0000] {logging_mixin.py:190} INFO - [2026-07-22T13:42:24.647+0000] {dag.py:3239} INFO - Sync 1 DAGs
[2026-07-22T13:42:24.677+0000] {logging_mixin.py:190} INFO - [2026-07-22T13:42:24.676+0000] {dag.py:4180} INFO - Setting next_dagrun for olist_gcp_data_engineering_pipeline to None, run_after=None
[2026-07-22T13:42:24.698+0000] {processor.py:208} INFO - Processing /opt/airflow/dags/olist_pipeline.py took 1.520 seconds
[2026-07-22T14:02:23.030+0000] {processor.py:186} INFO - Started process (PID=4487) to work on /opt/airflow/dags/olist_pipeline.py
[2026-07-22T14:02:23.030+0000] {processor.py:914} INFO - Processing file /opt/airflow/dags/olist_pipeline.py for tasks to queue
[2026-07-22T14:02:23.032+0000] {logging_mixin.py:190} INFO - [2026-07-22T14:02:23.032+0000] {dagbag.py:588} INFO - Filling up the DagBag from /opt/airflow/dags/olist_pipeline.py
[2026-07-22T14:02:24.198+0000] {processor.py:925} INFO - DAG(s) 'olist_gcp_data_engineering_pipeline' retrieved from /opt/airflow/dags/olist_pipeline.py
[2026-07-22T14:02:24.219+0000] {logging_mixin.py:190} INFO - [2026-07-22T14:02:24.219+0000] {dag.py:3239} INFO - Sync 1 DAGs
[2026-07-22T14:02:24.228+0000] {logging_mixin.py:190} INFO - [2026-07-22T14:02:24.227+0000] {dag.py:4180} INFO - Setting next_dagrun for olist_gcp_data_engineering_pipeline to None, run_after=None
[2026-07-22T14:02:24.238+0000] {processor.py:208} INFO - Processing /opt/airflow/dags/olist_pipeline.py took 1.214 seconds
[2026-07-22T15:59:37.116+0000] {processor.py:186} INFO - Started process (PID=4499) to work on /opt/airflow/dags/olist_pipeline.py
[2026-07-22T15:59:37.117+0000] {processor.py:914} INFO - Processing file /opt/airflow/dags/olist_pipeline.py for tasks to queue
[2026-07-22T15:59:37.127+0000] {logging_mixin.py:190} INFO - [2026-07-22T15:59:37.127+0000] {dagbag.py:588} INFO - Filling up the DagBag from /opt/airflow/dags/olist_pipeline.py
[2026-07-22T15:59:38.071+0000] {processor.py:925} INFO - DAG(s) 'olist_gcp_data_engineering_pipeline' retrieved from /opt/airflow/dags/olist_pipeline.py
[2026-07-22T15:59:38.092+0000] {logging_mixin.py:190} INFO - [2026-07-22T15:59:38.092+0000] {dag.py:3239} INFO - Sync 1 DAGs
[2026-07-22T15:59:38.102+0000] {logging_mixin.py:190} INFO - [2026-07-22T15:59:38.101+0000] {dag.py:4180} INFO - Setting next_dagrun for olist_gcp_data_engineering_pipeline to None, run_after=None
[2026-07-22T15:59:38.112+0000] {processor.py:208} INFO - Processing /opt/airflow/dags/olist_pipeline.py took 1.006 seconds
[2026-07-22T16:44:40.092+0000] {processor.py:186} INFO - Started process (PID=4511) to work on /opt/airflow/dags/olist_pipeline.py
[2026-07-22T16:44:40.093+0000] {processor.py:914} INFO - Processing file /opt/airflow/dags/olist_pipeline.py for tasks to queue
[2026-07-22T16:44:40.096+0000] {logging_mixin.py:190} INFO - [2026-07-22T16:44:40.096+0000] {dagbag.py:588} INFO - Filling up the DagBag from /opt/airflow/dags/olist_pipeline.py
[2026-07-22T16:44:41.179+0000] {processor.py:925} INFO - DAG(s) 'olist_gcp_data_engineering_pipeline' retrieved from /opt/airflow/dags/olist_pipeline.py
[2026-07-22T16:44:41.200+0000] {logging_mixin.py:190} INFO - [2026-07-22T16:44:41.199+0000] {dag.py:3239} INFO - Sync 1 DAGs
[2026-07-22T16:44:41.208+0000] {logging_mixin.py:190} INFO - [2026-07-22T16:44:41.208+0000] {dag.py:4180} INFO - Setting next_dagrun for olist_gcp_data_engineering_pipeline to None, run_after=None
[2026-07-22T16:44:41.218+0000] {processor.py:208} INFO - Processing /opt/airflow/dags/olist_pipeline.py took 1.134 seconds
[2026-07-22T17:01:49.286+0000] {processor.py:186} INFO - Started process (PID=4523) to work on /opt/airflow/dags/olist_pipeline.py
[2026-07-22T17:01:49.287+0000] {processor.py:914} INFO - Processing file /opt/airflow/dags/olist_pipeline.py for tasks to queue
[2026-07-22T17:01:49.289+0000] {logging_mixin.py:190} INFO - [2026-07-22T17:01:49.288+0000] {dagbag.py:588} INFO - Filling up the DagBag from /opt/airflow/dags/olist_pipeline.py
[2026-07-22T17:01:50.063+0000] {processor.py:925} INFO - DAG(s) 'olist_gcp_data_engineering_pipeline' retrieved from /opt/airflow/dags/olist_pipeline.py
[2026-07-22T17:01:50.083+0000] {logging_mixin.py:190} INFO - [2026-07-22T17:01:50.083+0000] {dag.py:3239} INFO - Sync 1 DAGs
[2026-07-22T17:01:50.092+0000] {logging_mixin.py:190} INFO - [2026-07-22T17:01:50.092+0000] {dag.py:4180} INFO - Setting next_dagrun for olist_gcp_data_engineering_pipeline to None, run_after=None
[2026-07-22T17:01:50.103+0000] {processor.py:208} INFO - Processing /opt/airflow/dags/olist_pipeline.py took 0.823 seconds
[2026-07-22T17:21:30.550+0000] {processor.py:186} INFO - Started process (PID=4535) to work on /opt/airflow/dags/olist_pipeline.py
[2026-07-22T17:21:30.551+0000] {processor.py:914} INFO - Processing file /opt/airflow/dags/olist_pipeline.py for tasks to queue
[2026-07-22T17:21:30.552+0000] {logging_mixin.py:190} INFO - [2026-07-22T17:21:30.552+0000] {dagbag.py:588} INFO - Filling up the DagBag from /opt/airflow/dags/olist_pipeline.py
[2026-07-22T17:21:31.309+0000] {processor.py:925} INFO - DAG(s) 'olist_gcp_data_engineering_pipeline' retrieved from /opt/airflow/dags/olist_pipeline.py
[2026-07-22T17:21:31.328+0000] {logging_mixin.py:190} INFO - [2026-07-22T17:21:31.328+0000] {dag.py:3239} INFO - Sync 1 DAGs
[2026-07-22T17:21:31.338+0000] {logging_mixin.py:190} INFO - [2026-07-22T17:21:31.337+0000] {dag.py:4180} INFO - Setting next_dagrun for olist_gcp_data_engineering_pipeline to None, run_after=None
[2026-07-22T17:21:31.348+0000] {processor.py:208} INFO - Processing /opt/airflow/dags/olist_pipeline.py took 0.802 seconds
[2026-07-22T17:23:15.081+0000] {processor.py:186} INFO - Started process (PID=4546) to work on /opt/airflow/dags/olist_pipeline.py
[2026-07-22T17:23:15.082+0000] {processor.py:914} INFO - Processing file /opt/airflow/dags/olist_pipeline.py for tasks to queue
[2026-07-22T17:23:15.084+0000] {logging_mixin.py:190} INFO - [2026-07-22T17:23:15.084+0000] {dagbag.py:588} INFO - Filling up the DagBag from /opt/airflow/dags/olist_pipeline.py
[2026-07-22T17:23:15.860+0000] {processor.py:925} INFO - DAG(s) 'olist_gcp_data_engineering_pipeline' retrieved from /opt/airflow/dags/olist_pipeline.py
[2026-07-22T17:23:15.880+0000] {logging_mixin.py:190} INFO - [2026-07-22T17:23:15.880+0000] {dag.py:3239} INFO - Sync 1 DAGs
[2026-07-22T17:23:15.887+0000] {logging_mixin.py:190} INFO - [2026-07-22T17:23:15.887+0000] {dag.py:4180} INFO - Setting next_dagrun for olist_gcp_data_engineering_pipeline to None, run_after=None
[2026-07-22T17:23:15.896+0000] {processor.py:208} INFO - Processing /opt/airflow/dags/olist_pipeline.py took 0.820 seconds
[2026-07-22T17:41:27.821+0000] {processor.py:186} INFO - Started process (PID=4558) to work on /opt/airflow/dags/olist_pipeline.py
[2026-07-22T17:41:27.822+0000] {processor.py:914} INFO - Processing file /opt/airflow/dags/olist_pipeline.py for tasks to queue
[2026-07-22T17:41:27.823+0000] {logging_mixin.py:190} INFO - [2026-07-22T17:41:27.823+0000] {dagbag.py:588} INFO - Filling up the DagBag from /opt/airflow/dags/olist_pipeline.py
[2026-07-22T17:41:28.711+0000] {processor.py:925} INFO - DAG(s) 'olist_gcp_data_engineering_pipeline' retrieved from /opt/airflow/dags/olist_pipeline.py
[2026-07-22T17:41:28.733+0000] {logging_mixin.py:190} INFO - [2026-07-22T17:41:28.733+0000] {dag.py:3239} INFO - Sync 1 DAGs
[2026-07-22T17:41:28.741+0000] {logging_mixin.py:190} INFO - [2026-07-22T17:41:28.741+0000] {dag.py:4180} INFO - Setting next_dagrun for olist_gcp_data_engineering_pipeline to None, run_after=None
[2026-07-22T17:41:28.752+0000] {processor.py:208} INFO - Processing /opt/airflow/dags/olist_pipeline.py took 0.936 seconds
[2026-07-22T18:03:16.109+0000] {processor.py:186} INFO - Started process (PID=4570) to work on /opt/airflow/dags/olist_pipeline.py
[2026-07-22T18:03:16.110+0000] {processor.py:914} INFO - Processing file /opt/airflow/dags/olist_pipeline.py for tasks to queue
[2026-07-22T18:03:16.112+0000] {logging_mixin.py:190} INFO - [2026-07-22T18:03:16.111+0000] {dagbag.py:588} INFO - Filling up the DagBag from /opt/airflow/dags/olist_pipeline.py
[2026-07-22T18:03:16.870+0000] {processor.py:925} INFO - DAG(s) 'olist_gcp_data_engineering_pipeline' retrieved from /opt/airflow/dags/olist_pipeline.py
[2026-07-22T18:03:16.889+0000] {logging_mixin.py:190} INFO - [2026-07-22T18:03:16.889+0000] {dag.py:3239} INFO - Sync 1 DAGs
[2026-07-22T18:03:16.896+0000] {logging_mixin.py:190} INFO - [2026-07-22T18:03:16.896+0000] {dag.py:4180} INFO - Setting next_dagrun for olist_gcp_data_engineering_pipeline to None, run_after=None
[2026-07-22T18:03:16.905+0000] {processor.py:208} INFO - Processing /opt/airflow/dags/olist_pipeline.py took 0.801 seconds
[2026-07-22T18:20:25.970+0000] {processor.py:186} INFO - Started process (PID=4582) to work on /opt/airflow/dags/olist_pipeline.py
[2026-07-22T18:20:25.970+0000] {processor.py:914} INFO - Processing file /opt/airflow/dags/olist_pipeline.py for tasks to queue
[2026-07-22T18:20:25.973+0000] {logging_mixin.py:190} INFO - [2026-07-22T18:20:25.972+0000] {dagbag.py:588} INFO - Filling up the DagBag from /opt/airflow/dags/olist_pipeline.py
[2026-07-22T18:20:26.740+0000] {processor.py:925} INFO - DAG(s) 'olist_gcp_data_engineering_pipeline' retrieved from /opt/airflow/dags/olist_pipeline.py
[2026-07-22T18:20:26.757+0000] {logging_mixin.py:190} INFO - [2026-07-22T18:20:26.757+0000] {dag.py:3239} INFO - Sync 1 DAGs
[2026-07-22T18:20:26.766+0000] {logging_mixin.py:190} INFO - [2026-07-22T18:20:26.765+0000] {dag.py:4180} INFO - Setting next_dagrun for olist_gcp_data_engineering_pipeline to None, run_after=None
[2026-07-22T18:20:26.775+0000] {processor.py:208} INFO - Processing /opt/airflow/dags/olist_pipeline.py took 0.810 seconds
[2026-07-22T18:47:30.144+0000] {processor.py:186} INFO - Started process (PID=4594) to work on /opt/airflow/dags/olist_pipeline.py
[2026-07-22T18:47:30.144+0000] {processor.py:914} INFO - Processing file /opt/airflow/dags/olist_pipeline.py for tasks to queue
[2026-07-22T18:47:30.146+0000] {logging_mixin.py:190} INFO - [2026-07-22T18:47:30.146+0000] {dagbag.py:588} INFO - Filling up the DagBag from /opt/airflow/dags/olist_pipeline.py
[2026-07-22T18:47:30.942+0000] {processor.py:925} INFO - DAG(s) 'olist_gcp_data_engineering_pipeline' retrieved from /opt/airflow/dags/olist_pipeline.py
[2026-07-22T18:47:30.958+0000] {logging_mixin.py:190} INFO - [2026-07-22T18:47:30.958+0000] {dag.py:3239} INFO - Sync 1 DAGs
[2026-07-22T18:47:30.966+0000] {logging_mixin.py:190} INFO - [2026-07-22T18:47:30.966+0000] {dag.py:4180} INFO - Setting next_dagrun for olist_gcp_data_engineering_pipeline to None, run_after=None
[2026-07-22T18:47:30.975+0000] {processor.py:208} INFO - Processing /opt/airflow/dags/olist_pipeline.py took 0.837 seconds
[2026-07-22T18:49:14.767+0000] {processor.py:186} INFO - Started process (PID=4606) to work on /opt/airflow/dags/olist_pipeline.py
[2026-07-22T18:49:14.768+0000] {processor.py:914} INFO - Processing file /opt/airflow/dags/olist_pipeline.py for tasks to queue
[2026-07-22T18:49:14.770+0000] {logging_mixin.py:190} INFO - [2026-07-22T18:49:14.769+0000] {dagbag.py:588} INFO - Filling up the DagBag from /opt/airflow/dags/olist_pipeline.py
[2026-07-22T18:49:15.536+0000] {processor.py:925} INFO - DAG(s) 'olist_gcp_data_engineering_pipeline' retrieved from /opt/airflow/dags/olist_pipeline.py
[2026-07-22T18:49:15.557+0000] {logging_mixin.py:190} INFO - [2026-07-22T18:49:15.557+0000] {dag.py:3239} INFO - Sync 1 DAGs
[2026-07-22T18:49:15.566+0000] {logging_mixin.py:190} INFO - [2026-07-22T18:49:15.566+0000] {dag.py:4180} INFO - Setting next_dagrun for olist_gcp_data_engineering_pipeline to None, run_after=None
[2026-07-22T18:49:15.576+0000] {processor.py:208} INFO - Processing /opt/airflow/dags/olist_pipeline.py took 0.815 seconds
[2026-07-22T19:07:32.520+0000] {processor.py:186} INFO - Started process (PID=4618) to work on /opt/airflow/dags/olist_pipeline.py
[2026-07-22T19:07:32.521+0000] {processor.py:914} INFO - Processing file /opt/airflow/dags/olist_pipeline.py for tasks to queue
[2026-07-22T19:07:32.523+0000] {logging_mixin.py:190} INFO - [2026-07-22T19:07:32.522+0000] {dagbag.py:588} INFO - Filling up the DagBag from /opt/airflow/dags/olist_pipeline.py
[2026-07-22T19:07:33.276+0000] {processor.py:925} INFO - DAG(s) 'olist_gcp_data_engineering_pipeline' retrieved from /opt/airflow/dags/olist_pipeline.py
[2026-07-22T19:07:33.299+0000] {logging_mixin.py:190} INFO - [2026-07-22T19:07:33.299+0000] {dag.py:3239} INFO - Sync 1 DAGs
[2026-07-22T19:07:33.307+0000] {logging_mixin.py:190} INFO - [2026-07-22T19:07:33.307+0000] {dag.py:4180} INFO - Setting next_dagrun for olist_gcp_data_engineering_pipeline to None, run_after=None
[2026-07-22T19:07:33.316+0000] {processor.py:208} INFO - Processing /opt/airflow/dags/olist_pipeline.py took 0.801 seconds
[2026-07-22T19:09:42.003+0000] {processor.py:186} INFO - Started process (PID=4630) to work on /opt/airflow/dags/olist_pipeline.py
[2026-07-22T19:09:42.004+0000] {processor.py:914} INFO - Processing file /opt/airflow/dags/olist_pipeline.py for tasks to queue
[2026-07-22T19:09:42.006+0000] {logging_mixin.py:190} INFO - [2026-07-22T19:09:42.005+0000] {dagbag.py:588} INFO - Filling up the DagBag from /opt/airflow/dags/olist_pipeline.py
[2026-07-22T19:09:42.763+0000] {processor.py:925} INFO - DAG(s) 'olist_gcp_data_engineering_pipeline' retrieved from /opt/airflow/dags/olist_pipeline.py
[2026-07-22T19:09:42.782+0000] {logging_mixin.py:190} INFO - [2026-07-22T19:09:42.782+0000] {dag.py:3239} INFO - Sync 1 DAGs
[2026-07-22T19:09:42.789+0000] {logging_mixin.py:190} INFO - [2026-07-22T19:09:42.789+0000] {dag.py:4180} INFO - Setting next_dagrun for olist_gcp_data_engineering_pipeline to None, run_after=None
[2026-07-22T19:09:42.798+0000] {processor.py:208} INFO - Processing /opt/airflow/dags/olist_pipeline.py took 0.801 seconds
[2026-07-22T19:28:54.089+0000] {processor.py:186} INFO - Started process (PID=4642) to work on /opt/airflow/dags/olist_pipeline.py
[2026-07-22T19:28:54.089+0000] {processor.py:914} INFO - Processing file /opt/airflow/dags/olist_pipeline.py for tasks to queue
[2026-07-22T19:28:54.091+0000] {logging_mixin.py:190} INFO - [2026-07-22T19:28:54.091+0000] {dagbag.py:588} INFO - Filling up the DagBag from /opt/airflow/dags/olist_pipeline.py
[2026-07-22T19:28:54.850+0000] {processor.py:925} INFO - DAG(s) 'olist_gcp_data_engineering_pipeline' retrieved from /opt/airflow/dags/olist_pipeline.py
[2026-07-22T19:28:54.870+0000] {logging_mixin.py:190} INFO - [2026-07-22T19:28:54.870+0000] {dag.py:3239} INFO - Sync 1 DAGs
[2026-07-22T19:28:54.878+0000] {logging_mixin.py:190} INFO - [2026-07-22T19:28:54.878+0000] {dag.py:4180} INFO - Setting next_dagrun for olist_gcp_data_engineering_pipeline to None, run_after=None
[2026-07-22T19:28:54.888+0000] {processor.py:208} INFO - Processing /opt/airflow/dags/olist_pipeline.py took 0.804 seconds
[2026-07-22T19:31:03.046+0000] {processor.py:186} INFO - Started process (PID=4654) to work on /opt/airflow/dags/olist_pipeline.py
[2026-07-22T19:31:03.047+0000] {processor.py:914} INFO - Processing file /opt/airflow/dags/olist_pipeline.py for tasks to queue
[2026-07-22T19:31:03.049+0000] {logging_mixin.py:190} INFO - [2026-07-22T19:31:03.048+0000] {dagbag.py:588} INFO - Filling up the DagBag from /opt/airflow/dags/olist_pipeline.py
[2026-07-22T19:31:03.812+0000] {processor.py:925} INFO - DAG(s) 'olist_gcp_data_engineering_pipeline' retrieved from /opt/airflow/dags/olist_pipeline.py
[2026-07-22T19:31:03.833+0000] {logging_mixin.py:190} INFO - [2026-07-22T19:31:03.833+0000] {dag.py:3239} INFO - Sync 1 DAGs
[2026-07-22T19:31:03.842+0000] {logging_mixin.py:190} INFO - [2026-07-22T19:31:03.842+0000] {dag.py:4180} INFO - Setting next_dagrun for olist_gcp_data_engineering_pipeline to None, run_after=None
[2026-07-22T19:31:03.852+0000] {processor.py:208} INFO - Processing /opt/airflow/dags/olist_pipeline.py took 0.813 seconds
[2026-07-22T19:48:45.786+0000] {processor.py:186} INFO - Started process (PID=4666) to work on /opt/airflow/dags/olist_pipeline.py
[2026-07-22T19:48:45.787+0000] {processor.py:914} INFO - Processing file /opt/airflow/dags/olist_pipeline.py for tasks to queue
[2026-07-22T19:48:45.790+0000] {logging_mixin.py:190} INFO - [2026-07-22T19:48:45.790+0000] {dagbag.py:588} INFO - Filling up the DagBag from /opt/airflow/dags/olist_pipeline.py
[2026-07-22T19:48:46.920+0000] {processor.py:925} INFO - DAG(s) 'olist_gcp_data_engineering_pipeline' retrieved from /opt/airflow/dags/olist_pipeline.py
[2026-07-22T19:48:46.947+0000] {logging_mixin.py:190} INFO - [2026-07-22T19:48:46.947+0000] {dag.py:3239} INFO - Sync 1 DAGs
[2026-07-22T19:48:46.956+0000] {logging_mixin.py:190} INFO - [2026-07-22T19:48:46.956+0000] {dag.py:4180} INFO - Setting next_dagrun for olist_gcp_data_engineering_pipeline to None, run_after=None
[2026-07-22T19:48:46.968+0000] {processor.py:208} INFO - Processing /opt/airflow/dags/olist_pipeline.py took 1.190 seconds
[2026-07-22T19:50:56.005+0000] {processor.py:186} INFO - Started process (PID=4678) to work on /opt/airflow/dags/olist_pipeline.py
[2026-07-22T19:50:56.005+0000] {processor.py:914} INFO - Processing file /opt/airflow/dags/olist_pipeline.py for tasks to queue
[2026-07-22T19:50:56.007+0000] {logging_mixin.py:190} INFO - [2026-07-22T19:50:56.007+0000] {dagbag.py:588} INFO - Filling up the DagBag from /opt/airflow/dags/olist_pipeline.py
[2026-07-22T19:50:56.832+0000] {processor.py:925} INFO - DAG(s) 'olist_gcp_data_engineering_pipeline' retrieved from /opt/airflow/dags/olist_pipeline.py
[2026-07-22T19:50:56.853+0000] {logging_mixin.py:190} INFO - [2026-07-22T19:50:56.853+0000] {dag.py:3239} INFO - Sync 1 DAGs
[2026-07-22T19:50:56.862+0000] {logging_mixin.py:190} INFO - [2026-07-22T19:50:56.862+0000] {dag.py:4180} INFO - Setting next_dagrun for olist_gcp_data_engineering_pipeline to None, run_after=None
[2026-07-22T19:50:56.874+0000] {processor.py:208} INFO - Processing /opt/airflow/dags/olist_pipeline.py took 0.874 seconds
[2026-07-22T20:23:21.875+0000] {processor.py:186} INFO - Started process (PID=4690) to work on /opt/airflow/dags/olist_pipeline.py
[2026-07-22T20:23:21.876+0000] {processor.py:914} INFO - Processing file /opt/airflow/dags/olist_pipeline.py for tasks to queue
[2026-07-22T20:23:21.877+0000] {logging_mixin.py:190} INFO - [2026-07-22T20:23:21.877+0000] {dagbag.py:588} INFO - Filling up the DagBag from /opt/airflow/dags/olist_pipeline.py
[2026-07-22T20:23:22.632+0000] {processor.py:925} INFO - DAG(s) 'olist_gcp_data_engineering_pipeline' retrieved from /opt/airflow/dags/olist_pipeline.py
[2026-07-22T20:23:22.650+0000] {logging_mixin.py:190} INFO - [2026-07-22T20:23:22.650+0000] {dag.py:3239} INFO - Sync 1 DAGs
[2026-07-22T20:23:22.657+0000] {logging_mixin.py:190} INFO - [2026-07-22T20:23:22.657+0000] {dag.py:4180} INFO - Setting next_dagrun for olist_gcp_data_engineering_pipeline to None, run_after=None
[2026-07-22T20:23:22.666+0000] {processor.py:208} INFO - Processing /opt/airflow/dags/olist_pipeline.py took 0.795 seconds
[2026-07-22T20:25:31.617+0000] {processor.py:186} INFO - Started process (PID=4702) to work on /opt/airflow/dags/olist_pipeline.py
[2026-07-22T20:25:31.618+0000] {processor.py:914} INFO - Processing file /opt/airflow/dags/olist_pipeline.py for tasks to queue
[2026-07-22T20:25:31.620+0000] {logging_mixin.py:190} INFO - [2026-07-22T20:25:31.620+0000] {dagbag.py:588} INFO - Filling up the DagBag from /opt/airflow/dags/olist_pipeline.py
[2026-07-22T20:25:32.542+0000] {processor.py:925} INFO - DAG(s) 'olist_gcp_data_engineering_pipeline' retrieved from /opt/airflow/dags/olist_pipeline.py
[2026-07-22T20:25:32.561+0000] {logging_mixin.py:190} INFO - [2026-07-22T20:25:32.561+0000] {dag.py:3239} INFO - Sync 1 DAGs
[2026-07-22T20:25:32.568+0000] {logging_mixin.py:190} INFO - [2026-07-22T20:25:32.568+0000] {dag.py:4180} INFO - Setting next_dagrun for olist_gcp_data_engineering_pipeline to None, run_after=None
[2026-07-22T20:25:32.579+0000] {processor.py:208} INFO - Processing /opt/airflow/dags/olist_pipeline.py took 0.968 seconds
[2026-07-22T20:43:14.809+0000] {processor.py:186} INFO - Started process (PID=4714) to work on /opt/airflow/dags/olist_pipeline.py
[2026-07-22T20:43:14.809+0000] {processor.py:914} INFO - Processing file /opt/airflow/dags/olist_pipeline.py for tasks to queue
[2026-07-22T20:43:14.810+0000] {logging_mixin.py:190} INFO - [2026-07-22T20:43:14.810+0000] {dagbag.py:588} INFO - Filling up the DagBag from /opt/airflow/dags/olist_pipeline.py
[2026-07-22T20:43:15.564+0000] {processor.py:925} INFO - DAG(s) 'olist_gcp_data_engineering_pipeline' retrieved from /opt/airflow/dags/olist_pipeline.py
[2026-07-22T20:43:15.581+0000] {logging_mixin.py:190} INFO - [2026-07-22T20:43:15.581+0000] {dag.py:3239} INFO - Sync 1 DAGs
[2026-07-22T20:43:15.590+0000] {logging_mixin.py:190} INFO - [2026-07-22T20:43:15.590+0000] {dag.py:4180} INFO - Setting next_dagrun for olist_gcp_data_engineering_pipeline to None, run_after=None
[2026-07-22T20:43:15.599+0000] {processor.py:208} INFO - Processing /opt/airflow/dags/olist_pipeline.py took 0.795 seconds
[2026-07-22T20:48:38.427+0000] {processor.py:186} INFO - Started process (PID=4726) to work on /opt/airflow/dags/olist_pipeline.py
[2026-07-22T20:48:38.428+0000] {processor.py:914} INFO - Processing file /opt/airflow/dags/olist_pipeline.py for tasks to queue
[2026-07-22T20:48:38.429+0000] {logging_mixin.py:190} INFO - [2026-07-22T20:48:38.429+0000] {dagbag.py:588} INFO - Filling up the DagBag from /opt/airflow/dags/olist_pipeline.py
[2026-07-22T20:48:39.321+0000] {processor.py:925} INFO - DAG(s) 'olist_gcp_data_engineering_pipeline' retrieved from /opt/airflow/dags/olist_pipeline.py
[2026-07-22T20:48:39.345+0000] {logging_mixin.py:190} INFO - [2026-07-22T20:48:39.344+0000] {dag.py:3239} INFO - Sync 1 DAGs
[2026-07-22T20:48:39.354+0000] {logging_mixin.py:190} INFO - [2026-07-22T20:48:39.354+0000] {dag.py:4180} INFO - Setting next_dagrun for olist_gcp_data_engineering_pipeline to None, run_after=None
[2026-07-22T20:48:39.365+0000] {processor.py:208} INFO - Processing /opt/airflow/dags/olist_pipeline.py took 0.944 seconds
[2026-07-22T21:06:26.805+0000] {processor.py:186} INFO - Started process (PID=4738) to work on /opt/airflow/dags/olist_pipeline.py
[2026-07-22T21:06:26.805+0000] {processor.py:914} INFO - Processing file /opt/airflow/dags/olist_pipeline.py for tasks to queue
[2026-07-22T21:06:26.807+0000] {logging_mixin.py:190} INFO - [2026-07-22T21:06:26.807+0000] {dagbag.py:588} INFO - Filling up the DagBag from /opt/airflow/dags/olist_pipeline.py
[2026-07-22T21:06:27.583+0000] {processor.py:925} INFO - DAG(s) 'olist_gcp_data_engineering_pipeline' retrieved from /opt/airflow/dags/olist_pipeline.py
[2026-07-22T21:06:27.601+0000] {logging_mixin.py:190} INFO - [2026-07-22T21:06:27.601+0000] {dag.py:3239} INFO - Sync 1 DAGs
[2026-07-22T21:06:27.613+0000] {logging_mixin.py:190} INFO - [2026-07-22T21:06:27.613+0000] {dag.py:4180} INFO - Setting next_dagrun for olist_gcp_data_engineering_pipeline to None, run_after=None
[2026-07-22T21:06:27.622+0000] {processor.py:208} INFO - Processing /opt/airflow/dags/olist_pipeline.py took 0.824 seconds
[2026-07-22T21:25:08.603+0000] {processor.py:186} INFO - Started process (PID=4750) to work on /opt/airflow/dags/olist_pipeline.py
[2026-07-22T21:25:08.604+0000] {processor.py:914} INFO - Processing file /opt/airflow/dags/olist_pipeline.py for tasks to queue
[2026-07-22T21:25:08.607+0000] {logging_mixin.py:190} INFO - [2026-07-22T21:25:08.606+0000] {dagbag.py:588} INFO - Filling up the DagBag from /opt/airflow/dags/olist_pipeline.py
[2026-07-22T21:25:09.365+0000] {processor.py:925} INFO - DAG(s) 'olist_gcp_data_engineering_pipeline' retrieved from /opt/airflow/dags/olist_pipeline.py
[2026-07-22T21:25:09.382+0000] {logging_mixin.py:190} INFO - [2026-07-22T21:25:09.382+0000] {dag.py:3239} INFO - Sync 1 DAGs
[2026-07-22T21:25:09.390+0000] {logging_mixin.py:190} INFO - [2026-07-22T21:25:09.390+0000] {dag.py:4180} INFO - Setting next_dagrun for olist_gcp_data_engineering_pipeline to None, run_after=None
[2026-07-22T21:25:09.399+0000] {processor.py:208} INFO - Processing /opt/airflow/dags/olist_pipeline.py took 0.804 seconds
[2026-07-22T21:41:53.754+0000] {processor.py:186} INFO - Started process (PID=4762) to work on /opt/airflow/dags/olist_pipeline.py
[2026-07-22T21:41:53.755+0000] {processor.py:914} INFO - Processing file /opt/airflow/dags/olist_pipeline.py for tasks to queue
[2026-07-22T21:41:53.757+0000] {logging_mixin.py:190} INFO - [2026-07-22T21:41:53.757+0000] {dagbag.py:588} INFO - Filling up the DagBag from /opt/airflow/dags/olist_pipeline.py
[2026-07-22T21:41:54.731+0000] {processor.py:925} INFO - DAG(s) 'olist_gcp_data_engineering_pipeline' retrieved from /opt/airflow/dags/olist_pipeline.py
[2026-07-22T21:41:54.751+0000] {logging_mixin.py:190} INFO - [2026-07-22T21:41:54.751+0000] {dag.py:3239} INFO - Sync 1 DAGs
[2026-07-22T21:41:54.759+0000] {logging_mixin.py:190} INFO - [2026-07-22T21:41:54.759+0000] {dag.py:4180} INFO - Setting next_dagrun for olist_gcp_data_engineering_pipeline to None, run_after=None
[2026-07-22T21:41:54.769+0000] {processor.py:208} INFO - Processing /opt/airflow/dags/olist_pipeline.py took 1.021 seconds
[2026-07-22T21:49:35.500+0000] {processor.py:186} INFO - Started process (PID=4774) to work on /opt/airflow/dags/olist_pipeline.py
[2026-07-22T21:49:35.501+0000] {processor.py:914} INFO - Processing file /opt/airflow/dags/olist_pipeline.py for tasks to queue
[2026-07-22T21:49:35.503+0000] {logging_mixin.py:190} INFO - [2026-07-22T21:49:35.503+0000] {dagbag.py:588} INFO - Filling up the DagBag from /opt/airflow/dags/olist_pipeline.py
[2026-07-22T21:49:36.276+0000] {processor.py:925} INFO - DAG(s) 'olist_gcp_data_engineering_pipeline' retrieved from /opt/airflow/dags/olist_pipeline.py
[2026-07-22T21:49:36.296+0000] {logging_mixin.py:190} INFO - [2026-07-22T21:49:36.296+0000] {dag.py:3239} INFO - Sync 1 DAGs
[2026-07-22T21:49:36.305+0000] {logging_mixin.py:190} INFO - [2026-07-22T21:49:36.305+0000] {dag.py:4180} INFO - Setting next_dagrun for olist_gcp_data_engineering_pipeline to None, run_after=None
[2026-07-22T21:49:36.317+0000] {processor.py:208} INFO - Processing /opt/airflow/dags/olist_pipeline.py took 0.821 seconds
[2026-07-22T22:07:29.201+0000] {processor.py:186} INFO - Started process (PID=4786) to work on /opt/airflow/dags/olist_pipeline.py
[2026-07-22T22:07:29.202+0000] {processor.py:914} INFO - Processing file /opt/airflow/dags/olist_pipeline.py for tasks to queue
[2026-07-22T22:07:29.203+0000] {logging_mixin.py:190} INFO - [2026-07-22T22:07:29.203+0000] {dagbag.py:588} INFO - Filling up the DagBag from /opt/airflow/dags/olist_pipeline.py
[2026-07-22T22:07:29.973+0000] {processor.py:925} INFO - DAG(s) 'olist_gcp_data_engineering_pipeline' retrieved from /opt/airflow/dags/olist_pipeline.py
[2026-07-22T22:07:29.994+0000] {logging_mixin.py:190} INFO - [2026-07-22T22:07:29.994+0000] {dag.py:3239} INFO - Sync 1 DAGs
[2026-07-22T22:07:30.001+0000] {logging_mixin.py:190} INFO - [2026-07-22T22:07:30.001+0000] {dag.py:4180} INFO - Setting next_dagrun for olist_gcp_data_engineering_pipeline to None, run_after=None
[2026-07-22T22:07:30.011+0000] {processor.py:208} INFO - Processing /opt/airflow/dags/olist_pipeline.py took 0.816 seconds
[2026-07-22T22:27:08.859+0000] {processor.py:186} INFO - Started process (PID=4798) to work on /opt/airflow/dags/olist_pipeline.py
[2026-07-22T22:27:08.860+0000] {processor.py:914} INFO - Processing file /opt/airflow/dags/olist_pipeline.py for tasks to queue
[2026-07-22T22:27:08.862+0000] {logging_mixin.py:190} INFO - [2026-07-22T22:27:08.861+0000] {dagbag.py:588} INFO - Filling up the DagBag from /opt/airflow/dags/olist_pipeline.py
[2026-07-22T22:27:09.733+0000] {processor.py:925} INFO - DAG(s) 'olist_gcp_data_engineering_pipeline' retrieved from /opt/airflow/dags/olist_pipeline.py
[2026-07-22T22:27:09.758+0000] {logging_mixin.py:190} INFO - [2026-07-22T22:27:09.758+0000] {dag.py:3239} INFO - Sync 1 DAGs
[2026-07-22T22:27:09.767+0000] {logging_mixin.py:190} INFO - [2026-07-22T22:27:09.766+0000] {dag.py:4180} INFO - Setting next_dagrun for olist_gcp_data_engineering_pipeline to None, run_after=None
[2026-07-22T22:27:09.777+0000] {processor.py:208} INFO - Processing /opt/airflow/dags/olist_pipeline.py took 0.923 seconds
[2026-07-22T22:29:18.751+0000] {processor.py:186} INFO - Started process (PID=4810) to work on /opt/airflow/dags/olist_pipeline.py
[2026-07-22T22:29:18.752+0000] {processor.py:914} INFO - Processing file /opt/airflow/dags/olist_pipeline.py for tasks to queue
[2026-07-22T22:29:18.754+0000] {logging_mixin.py:190} INFO - [2026-07-22T22:29:18.753+0000] {dagbag.py:588} INFO - Filling up the DagBag from /opt/airflow/dags/olist_pipeline.py
[2026-07-22T22:29:19.529+0000] {processor.py:925} INFO - DAG(s) 'olist_gcp_data_engineering_pipeline' retrieved from /opt/airflow/dags/olist_pipeline.py
[2026-07-22T22:29:19.547+0000] {logging_mixin.py:190} INFO - [2026-07-22T22:29:19.547+0000] {dag.py:3239} INFO - Sync 1 DAGs
[2026-07-22T22:29:19.555+0000] {logging_mixin.py:190} INFO - [2026-07-22T22:29:19.555+0000] {dag.py:4180} INFO - Setting next_dagrun for olist_gcp_data_engineering_pipeline to None, run_after=None
[2026-07-22T22:29:19.564+0000] {processor.py:208} INFO - Processing /opt/airflow/dags/olist_pipeline.py took 0.819 seconds
[2026-07-22T22:47:33.159+0000] {processor.py:186} INFO - Started process (PID=4822) to work on /opt/airflow/dags/olist_pipeline.py
[2026-07-22T22:47:33.159+0000] {processor.py:914} INFO - Processing file /opt/airflow/dags/olist_pipeline.py for tasks to queue
[2026-07-22T22:47:33.161+0000] {logging_mixin.py:190} INFO - [2026-07-22T22:47:33.161+0000] {dagbag.py:588} INFO - Filling up the DagBag from /opt/airflow/dags/olist_pipeline.py
[2026-07-22T22:47:33.904+0000] {processor.py:925} INFO - DAG(s) 'olist_gcp_data_engineering_pipeline' retrieved from /opt/airflow/dags/olist_pipeline.py
[2026-07-22T22:47:33.926+0000] {logging_mixin.py:190} INFO - [2026-07-22T22:47:33.926+0000] {dag.py:3239} INFO - Sync 1 DAGs
[2026-07-22T22:47:33.934+0000] {logging_mixin.py:190} INFO - [2026-07-22T22:47:33.934+0000] {dag.py:4180} INFO - Setting next_dagrun for olist_gcp_data_engineering_pipeline to None, run_after=None
[2026-07-22T22:47:33.943+0000] {processor.py:208} INFO - Processing /opt/airflow/dags/olist_pipeline.py took 0.789 seconds
[2026-07-22T22:49:42.923+0000] {processor.py:186} INFO - Started process (PID=4834) to work on /opt/airflow/dags/olist_pipeline.py
[2026-07-22T22:49:42.924+0000] {processor.py:914} INFO - Processing file /opt/airflow/dags/olist_pipeline.py for tasks to queue
[2026-07-22T22:49:42.925+0000] {logging_mixin.py:190} INFO - [2026-07-22T22:49:42.925+0000] {dagbag.py:588} INFO - Filling up the DagBag from /opt/airflow/dags/olist_pipeline.py
[2026-07-22T22:49:43.667+0000] {processor.py:925} INFO - DAG(s) 'olist_gcp_data_engineering_pipeline' retrieved from /opt/airflow/dags/olist_pipeline.py
[2026-07-22T22:49:43.686+0000] {logging_mixin.py:190} INFO - [2026-07-22T22:49:43.686+0000] {dag.py:3239} INFO - Sync 1 DAGs
[2026-07-22T22:49:43.694+0000] {logging_mixin.py:190} INFO - [2026-07-22T22:49:43.694+0000] {dag.py:4180} INFO - Setting next_dagrun for olist_gcp_data_engineering_pipeline to None, run_after=None
[2026-07-22T22:49:43.704+0000] {processor.py:208} INFO - Processing /opt/airflow/dags/olist_pipeline.py took 0.786 seconds
[2026-07-22T23:07:17.443+0000] {processor.py:186} INFO - Started process (PID=4846) to work on /opt/airflow/dags/olist_pipeline.py
[2026-07-22T23:07:17.444+0000] {processor.py:914} INFO - Processing file /opt/airflow/dags/olist_pipeline.py for tasks to queue
[2026-07-22T23:07:17.446+0000] {logging_mixin.py:190} INFO - [2026-07-22T23:07:17.446+0000] {dagbag.py:588} INFO - Filling up the DagBag from /opt/airflow/dags/olist_pipeline.py
[2026-07-22T23:07:18.201+0000] {processor.py:925} INFO - DAG(s) 'olist_gcp_data_engineering_pipeline' retrieved from /opt/airflow/dags/olist_pipeline.py
[2026-07-22T23:07:18.221+0000] {logging_mixin.py:190} INFO - [2026-07-22T23:07:18.221+0000] {dag.py:3239} INFO - Sync 1 DAGs
[2026-07-22T23:07:18.231+0000] {logging_mixin.py:190} INFO - [2026-07-22T23:07:18.231+0000] {dag.py:4180} INFO - Setting next_dagrun for olist_gcp_data_engineering_pipeline to None, run_after=None
[2026-07-22T23:07:18.241+0000] {processor.py:208} INFO - Processing /opt/airflow/dags/olist_pipeline.py took 0.803 seconds
[2026-07-22T23:25:25.237+0000] {processor.py:186} INFO - Started process (PID=4858) to work on /opt/airflow/dags/olist_pipeline.py
[2026-07-22T23:25:25.238+0000] {processor.py:914} INFO - Processing file /opt/airflow/dags/olist_pipeline.py for tasks to queue
[2026-07-22T23:25:25.239+0000] {logging_mixin.py:190} INFO - [2026-07-22T23:25:25.239+0000] {dagbag.py:588} INFO - Filling up the DagBag from /opt/airflow/dags/olist_pipeline.py
[2026-07-22T23:25:25.973+0000] {processor.py:925} INFO - DAG(s) 'olist_gcp_data_engineering_pipeline' retrieved from /opt/airflow/dags/olist_pipeline.py
[2026-07-22T23:25:25.993+0000] {logging_mixin.py:190} INFO - [2026-07-22T23:25:25.993+0000] {dag.py:3239} INFO - Sync 1 DAGs
[2026-07-22T23:25:26.002+0000] {logging_mixin.py:190} INFO - [2026-07-22T23:25:26.002+0000] {dag.py:4180} INFO - Setting next_dagrun for olist_gcp_data_engineering_pipeline to None, run_after=None
[2026-07-22T23:25:26.011+0000] {processor.py:208} INFO - Processing /opt/airflow/dags/olist_pipeline.py took 0.778 seconds
[2026-07-22T23:27:58.958+0000] {processor.py:186} INFO - Started process (PID=4870) to work on /opt/airflow/dags/olist_pipeline.py
[2026-07-22T23:27:58.959+0000] {processor.py:914} INFO - Processing file /opt/airflow/dags/olist_pipeline.py for tasks to queue
[2026-07-22T23:27:58.961+0000] {logging_mixin.py:190} INFO - [2026-07-22T23:27:58.960+0000] {dagbag.py:588} INFO - Filling up the DagBag from /opt/airflow/dags/olist_pipeline.py
[2026-07-22T23:27:59.882+0000] {processor.py:925} INFO - DAG(s) 'olist_gcp_data_engineering_pipeline' retrieved from /opt/airflow/dags/olist_pipeline.py
[2026-07-22T23:27:59.899+0000] {logging_mixin.py:190} INFO - [2026-07-22T23:27:59.899+0000] {dag.py:3239} INFO - Sync 1 DAGs
[2026-07-22T23:27:59.906+0000] {logging_mixin.py:190} INFO - [2026-07-22T23:27:59.906+0000] {dag.py:4180} INFO - Setting next_dagrun for olist_gcp_data_engineering_pipeline to None, run_after=None
[2026-07-22T23:27:59.915+0000] {processor.py:208} INFO - Processing /opt/airflow/dags/olist_pipeline.py took 0.964 seconds
[2026-07-22T23:46:00.476+0000] {processor.py:186} INFO - Started process (PID=4882) to work on /opt/airflow/dags/olist_pipeline.py
[2026-07-22T23:46:00.477+0000] {processor.py:914} INFO - Processing file /opt/airflow/dags/olist_pipeline.py for tasks to queue
[2026-07-22T23:46:00.479+0000] {logging_mixin.py:190} INFO - [2026-07-22T23:46:00.479+0000] {dagbag.py:588} INFO - Filling up the DagBag from /opt/airflow/dags/olist_pipeline.py
[2026-07-22T23:46:01.256+0000] {processor.py:925} INFO - DAG(s) 'olist_gcp_data_engineering_pipeline' retrieved from /opt/airflow/dags/olist_pipeline.py
[2026-07-22T23:46:01.276+0000] {logging_mixin.py:190} INFO - [2026-07-22T23:46:01.276+0000] {dag.py:3239} INFO - Sync 1 DAGs
[2026-07-22T23:46:01.284+0000] {logging_mixin.py:190} INFO - [2026-07-22T23:46:01.284+0000] {dag.py:4180} INFO - Setting next_dagrun for olist_gcp_data_engineering_pipeline to None, run_after=None
[2026-07-22T23:46:01.293+0000] {processor.py:208} INFO - Processing /opt/airflow/dags/olist_pipeline.py took 0.822 seconds
[2026-07-22T23:51:11.568+0000] {processor.py:186} INFO - Started process (PID=4894) to work on /opt/airflow/dags/olist_pipeline.py
[2026-07-22T23:51:11.568+0000] {processor.py:914} INFO - Processing file /opt/airflow/dags/olist_pipeline.py for tasks to queue
[2026-07-22T23:51:11.571+0000] {logging_mixin.py:190} INFO - [2026-07-22T23:51:11.570+0000] {dagbag.py:588} INFO - Filling up the DagBag from /opt/airflow/dags/olist_pipeline.py
[2026-07-22T23:51:12.343+0000] {processor.py:925} INFO - DAG(s) 'olist_gcp_data_engineering_pipeline' retrieved from /opt/airflow/dags/olist_pipeline.py
[2026-07-22T23:51:12.360+0000] {logging_mixin.py:190} INFO - [2026-07-22T23:51:12.360+0000] {dag.py:3239} INFO - Sync 1 DAGs
[2026-07-22T23:51:12.368+0000] {logging_mixin.py:190} INFO - [2026-07-22T23:51:12.368+0000] {dag.py:4180} INFO - Setting next_dagrun for olist_gcp_data_engineering_pipeline to None, run_after=None
[2026-07-22T23:51:12.377+0000] {processor.py:208} INFO - Processing /opt/airflow/dags/olist_pipeline.py took 0.815 seconds
[2026-07-22T23:52:06.676+0000] {processor.py:186} INFO - Started process (PID=4906) to work on /opt/airflow/dags/olist_pipeline.py
[2026-07-22T23:52:06.677+0000] {processor.py:914} INFO - Processing file /opt/airflow/dags/olist_pipeline.py for tasks to queue
[2026-07-22T23:52:06.679+0000] {logging_mixin.py:190} INFO - [2026-07-22T23:52:06.679+0000] {dagbag.py:588} INFO - Filling up the DagBag from /opt/airflow/dags/olist_pipeline.py
[2026-07-22T23:52:07.427+0000] {processor.py:925} INFO - DAG(s) 'olist_gcp_data_engineering_pipeline' retrieved from /opt/airflow/dags/olist_pipeline.py
[2026-07-22T23:52:07.446+0000] {logging_mixin.py:190} INFO - [2026-07-22T23:52:07.446+0000] {dag.py:3239} INFO - Sync 1 DAGs
[2026-07-22T23:52:07.454+0000] {logging_mixin.py:190} INFO - [2026-07-22T23:52:07.454+0000] {dag.py:4180} INFO - Setting next_dagrun for olist_gcp_data_engineering_pipeline to None, run_after=None
[2026-07-22T23:52:07.463+0000] {processor.py:208} INFO - Processing /opt/airflow/dags/olist_pipeline.py took 0.793 seconds
