[2026-07-22T02:20:38.310+0000] {manager.py:483} INFO - Processing files using up to 2 processes at a time 
[2026-07-22T02:20:38.310+0000] {manager.py:484} INFO - Process each file at most once every 30 seconds
[2026-07-22T02:20:38.311+0000] {manager.py:485} INFO - Checking for new files in /opt/airflow/dags every 300 seconds
[2026-07-22T02:20:38.311+0000] {manager.py:821} INFO - Searching for files in /opt/airflow/dags
[2026-07-22T02:20:38.313+0000] {manager.py:824} INFO - There are 1 files in /opt/airflow/dags
[2026-07-22T02:20:38.362+0000] {manager.py:997} INFO - 
================================================================================
DAG File Processing Stats

File Path                              PID  Runtime      # DAGs    # Errors  Last Runtime    Last Run      Last # of DB Queries
-----------------------------------  -----  ---------  --------  ----------  --------------  ----------  ----------------------
/opt/airflow/dags/olist_pipeline.py    167  0.01s             0           0                                                   0
================================================================================
[2026-07-22T02:21:08.570+0000] {manager.py:997} INFO - 
================================================================================
DAG File Processing Stats

File Path                            PID    Runtime      # DAGs    # Errors  Last Runtime    Last Run               Last # of DB Queries
-----------------------------------  -----  ---------  --------  ----------  --------------  -------------------  ----------------------
/opt/airflow/dags/olist_pipeline.py                           1           0  2.12s           2026-07-22T02:20:40                      43
================================================================================
[2026-07-22T02:21:38.770+0000] {manager.py:997} INFO - 
================================================================================
DAG File Processing Stats

File Path                            PID    Runtime      # DAGs    # Errors  Last Runtime    Last Run               Last # of DB Queries
-----------------------------------  -----  ---------  --------  ----------  --------------  -------------------  ----------------------
/opt/airflow/dags/olist_pipeline.py                           1           0  0.93s           2026-07-22T02:21:11                      10
================================================================================
[2026-07-22T02:22:08.982+0000] {manager.py:997} INFO - 
================================================================================
DAG File Processing Stats

File Path                            PID    Runtime      # DAGs    # Errors  Last Runtime    Last Run               Last # of DB Queries
-----------------------------------  -----  ---------  --------  ----------  --------------  -------------------  ----------------------
/opt/airflow/dags/olist_pipeline.py                           1           0  0.91s           2026-07-22T02:21:42                      10
================================================================================
[2026-07-22T02:22:39.181+0000] {manager.py:997} INFO - 
================================================================================
DAG File Processing Stats

File Path                            PID    Runtime      # DAGs    # Errors  Last Runtime    Last Run               Last # of DB Queries
-----------------------------------  -----  ---------  --------  ----------  --------------  -------------------  ----------------------
/opt/airflow/dags/olist_pipeline.py                           1           0  0.90s           2026-07-22T02:22:13                      10
================================================================================
[2026-07-22T02:23:09.368+0000] {manager.py:997} INFO - 
================================================================================
DAG File Processing Stats

File Path                            PID    Runtime      # DAGs    # Errors  Last Runtime    Last Run               Last # of DB Queries
-----------------------------------  -----  ---------  --------  ----------  --------------  -------------------  ----------------------
/opt/airflow/dags/olist_pipeline.py                           1           0  0.85s           2026-07-22T02:22:45                      10
================================================================================
[2026-07-22T02:23:39.553+0000] {manager.py:997} INFO - 
================================================================================
DAG File Processing Stats

File Path                            PID    Runtime      # DAGs    # Errors  Last Runtime    Last Run               Last # of DB Queries
-----------------------------------  -----  ---------  --------  ----------  --------------  -------------------  ----------------------
/opt/airflow/dags/olist_pipeline.py                           1           0  0.85s           2026-07-22T02:23:16                      10
================================================================================
[2026-07-22T02:24:09.905+0000] {manager.py:997} INFO - 
================================================================================
DAG File Processing Stats

File Path                            PID    Runtime      # DAGs    # Errors  Last Runtime    Last Run               Last # of DB Queries
-----------------------------------  -----  ---------  --------  ----------  --------------  -------------------  ----------------------
/opt/airflow/dags/olist_pipeline.py                           1           0  1.01s           2026-07-22T02:23:47                      10
================================================================================
[2026-07-22T02:24:40.165+0000] {manager.py:997} INFO - 
================================================================================
DAG File Processing Stats

File Path                            PID    Runtime      # DAGs    # Errors  Last Runtime    Last Run               Last # of DB Queries
-----------------------------------  -----  ---------  --------  ----------  --------------  -------------------  ----------------------
/opt/airflow/dags/olist_pipeline.py                           1           0  0.91s           2026-07-22T02:24:18                      10
================================================================================
[2026-07-22T02:25:10.473+0000] {manager.py:997} INFO - 
================================================================================
DAG File Processing Stats

File Path                            PID    Runtime      # DAGs    # Errors  Last Runtime    Last Run               Last # of DB Queries
-----------------------------------  -----  ---------  --------  ----------  --------------  -------------------  ----------------------
/opt/airflow/dags/olist_pipeline.py                           1           0  0.94s           2026-07-22T02:24:50                      10
================================================================================
[2026-07-22T02:26:03.661+0000] {manager.py:483} INFO - Processing files using up to 2 processes at a time 
[2026-07-22T02:26:03.662+0000] {manager.py:484} INFO - Process each file at most once every 30 seconds
[2026-07-22T02:26:03.662+0000] {manager.py:485} INFO - Checking for new files in /opt/airflow/dags every 300 seconds
[2026-07-22T02:26:03.662+0000] {manager.py:821} INFO - Searching for files in /opt/airflow/dags
[2026-07-22T02:26:03.665+0000] {manager.py:824} INFO - There are 1 files in /opt/airflow/dags
[2026-07-22T02:26:03.716+0000] {manager.py:997} INFO - 
================================================================================
DAG File Processing Stats

File Path                              PID  Runtime      # DAGs    # Errors  Last Runtime    Last Run      Last # of DB Queries
-----------------------------------  -----  ---------  --------  ----------  --------------  ----------  ----------------------
/opt/airflow/dags/olist_pipeline.py    167  0.01s             0           0                                                   0
================================================================================
[2026-07-22T02:26:33.866+0000] {manager.py:997} INFO - 
================================================================================
DAG File Processing Stats

File Path                            PID    Runtime      # DAGs    # Errors  Last Runtime    Last Run               Last # of DB Queries
-----------------------------------  -----  ---------  --------  ----------  --------------  -------------------  ----------------------
/opt/airflow/dags/olist_pipeline.py                           1           0  1.98s           2026-07-22T02:26:05                      10
================================================================================
[2026-07-22T02:27:04.096+0000] {manager.py:997} INFO - 
================================================================================
DAG File Processing Stats

File Path                            PID    Runtime      # DAGs    # Errors  Last Runtime    Last Run               Last # of DB Queries
-----------------------------------  -----  ---------  --------  ----------  --------------  -------------------  ----------------------
/opt/airflow/dags/olist_pipeline.py                           1           0  0.95s           2026-07-22T02:26:36                      10
================================================================================
[2026-07-22T02:27:34.309+0000] {manager.py:997} INFO - 
================================================================================
DAG File Processing Stats

File Path                            PID    Runtime      # DAGs    # Errors  Last Runtime    Last Run               Last # of DB Queries
-----------------------------------  -----  ---------  --------  ----------  --------------  -------------------  ----------------------
/opt/airflow/dags/olist_pipeline.py                           1           0  0.87s           2026-07-22T02:27:07                      10
================================================================================
[2026-07-22T02:28:04.591+0000] {manager.py:997} INFO - 
================================================================================
DAG File Processing Stats

File Path                            PID    Runtime      # DAGs    # Errors  Last Runtime    Last Run               Last # of DB Queries
-----------------------------------  -----  ---------  --------  ----------  --------------  -------------------  ----------------------
/opt/airflow/dags/olist_pipeline.py                           1           0  0.97s           2026-07-22T02:27:39                      10
================================================================================
[2026-07-22T02:28:34.731+0000] {manager.py:997} INFO - 
================================================================================
DAG File Processing Stats

File Path                            PID    Runtime      # DAGs    # Errors  Last Runtime    Last Run               Last # of DB Queries
-----------------------------------  -----  ---------  --------  ----------  --------------  -------------------  ----------------------
/opt/airflow/dags/olist_pipeline.py                           1           0  0.84s           2026-07-22T02:28:10                      10
================================================================================
[2026-07-22T02:29:04.982+0000] {manager.py:997} INFO - 
================================================================================
DAG File Processing Stats

File Path                            PID    Runtime      # DAGs    # Errors  Last Runtime    Last Run               Last # of DB Queries
-----------------------------------  -----  ---------  --------  ----------  --------------  -------------------  ----------------------
/opt/airflow/dags/olist_pipeline.py                           1           0  0.90s           2026-07-22T02:28:41                      10
================================================================================
[2026-07-22T02:29:35.161+0000] {manager.py:997} INFO - 
================================================================================
DAG File Processing Stats

File Path                            PID    Runtime      # DAGs    # Errors  Last Runtime    Last Run               Last # of DB Queries
-----------------------------------  -----  ---------  --------  ----------  --------------  -------------------  ----------------------
/opt/airflow/dags/olist_pipeline.py                           1           0  0.85s           2026-07-22T02:29:12                      10
================================================================================
[2026-07-22T02:30:05.538+0000] {manager.py:997} INFO - 
================================================================================
DAG File Processing Stats

File Path                            PID    Runtime      # DAGs    # Errors  Last Runtime    Last Run               Last # of DB Queries
-----------------------------------  -----  ---------  --------  ----------  --------------  -------------------  ----------------------
/opt/airflow/dags/olist_pipeline.py                           1           0  1.13s           2026-07-22T02:29:44                      10
================================================================================
[2026-07-22T02:30:35.679+0000] {manager.py:997} INFO - 
================================================================================
DAG File Processing Stats

File Path                            PID    Runtime      # DAGs    # Errors  Last Runtime    Last Run               Last # of DB Queries
-----------------------------------  -----  ---------  --------  ----------  --------------  -------------------  ----------------------
/opt/airflow/dags/olist_pipeline.py                           1           0  0.84s           2026-07-22T02:30:15                      10
================================================================================
[2026-07-22T02:31:04.012+0000] {manager.py:821} INFO - Searching for files in /opt/airflow/dags
[2026-07-22T02:31:04.018+0000] {manager.py:824} INFO - There are 1 files in /opt/airflow/dags
[2026-07-22T02:31:06.054+0000] {manager.py:997} INFO - 
================================================================================
DAG File Processing Stats

File Path                            PID    Runtime      # DAGs    # Errors  Last Runtime    Last Run               Last # of DB Queries
-----------------------------------  -----  ---------  --------  ----------  --------------  -------------------  ----------------------
/opt/airflow/dags/olist_pipeline.py                           1           0  1.10s           2026-07-22T02:30:46                      10
================================================================================
[2026-07-22T02:31:36.286+0000] {manager.py:997} INFO - 
================================================================================
DAG File Processing Stats

File Path                            PID    Runtime      # DAGs    # Errors  Last Runtime    Last Run               Last # of DB Queries
-----------------------------------  -----  ---------  --------  ----------  --------------  -------------------  ----------------------
/opt/airflow/dags/olist_pipeline.py                           1           0  0.85s           2026-07-22T02:31:18                      10
================================================================================
[2026-07-22T02:32:06.529+0000] {manager.py:997} INFO - 
================================================================================
DAG File Processing Stats

File Path                            PID    Runtime      # DAGs    # Errors  Last Runtime    Last Run               Last # of DB Queries
-----------------------------------  -----  ---------  --------  ----------  --------------  -------------------  ----------------------
/opt/airflow/dags/olist_pipeline.py                           1           0  0.90s           2026-07-22T02:31:49                      10
================================================================================
[2026-07-22T02:32:36.899+0000] {manager.py:997} INFO - 
================================================================================
DAG File Processing Stats

File Path                            PID    Runtime      # DAGs    # Errors  Last Runtime    Last Run               Last # of DB Queries
-----------------------------------  -----  ---------  --------  ----------  --------------  -------------------  ----------------------
/opt/airflow/dags/olist_pipeline.py                           1           0  1.16s           2026-07-22T02:32:20                      10
================================================================================
[2026-07-22T02:33:07.123+0000] {manager.py:997} INFO - 
================================================================================
DAG File Processing Stats

File Path                            PID    Runtime      # DAGs    # Errors  Last Runtime    Last Run               Last # of DB Queries
-----------------------------------  -----  ---------  --------  ----------  --------------  -------------------  ----------------------
/opt/airflow/dags/olist_pipeline.py                           1           0  0.88s           2026-07-22T02:32:51                      10
================================================================================
[2026-07-22T02:33:37.414+0000] {manager.py:997} INFO - 
================================================================================
DAG File Processing Stats

File Path                            PID    Runtime      # DAGs    # Errors  Last Runtime    Last Run               Last # of DB Queries
-----------------------------------  -----  ---------  --------  ----------  --------------  -------------------  ----------------------
/opt/airflow/dags/olist_pipeline.py                           1           0  0.98s           2026-07-22T02:33:23                      10
================================================================================
[2026-07-22T02:34:07.592+0000] {manager.py:997} INFO - 
================================================================================
DAG File Processing Stats

File Path                            PID    Runtime      # DAGs    # Errors  Last Runtime    Last Run               Last # of DB Queries
-----------------------------------  -----  ---------  --------  ----------  --------------  -------------------  ----------------------
/opt/airflow/dags/olist_pipeline.py                           1           0  0.87s           2026-07-22T02:33:54                      10
================================================================================
[2026-07-22T02:34:37.770+0000] {manager.py:997} INFO - 
================================================================================
DAG File Processing Stats

File Path                            PID    Runtime      # DAGs    # Errors  Last Runtime    Last Run               Last # of DB Queries
-----------------------------------  -----  ---------  --------  ----------  --------------  -------------------  ----------------------
/opt/airflow/dags/olist_pipeline.py                           1           0  0.88s           2026-07-22T02:34:25                      10
================================================================================
[2026-07-22T02:35:08.120+0000] {manager.py:997} INFO - 
================================================================================
DAG File Processing Stats

File Path                            PID    Runtime      # DAGs    # Errors  Last Runtime    Last Run               Last # of DB Queries
-----------------------------------  -----  ---------  --------  ----------  --------------  -------------------  ----------------------
/opt/airflow/dags/olist_pipeline.py                           1           0  1.08s           2026-07-22T02:34:57                      10
================================================================================
[2026-07-22T02:35:38.469+0000] {manager.py:997} INFO - 
================================================================================
DAG File Processing Stats

File Path                            PID    Runtime      # DAGs    # Errors  Last Runtime    Last Run               Last # of DB Queries
-----------------------------------  -----  ---------  --------  ----------  --------------  -------------------  ----------------------
/opt/airflow/dags/olist_pipeline.py                           1           0  1.02s           2026-07-22T02:35:28                      10
================================================================================
[2026-07-22T02:36:04.577+0000] {manager.py:821} INFO - Searching for files in /opt/airflow/dags
[2026-07-22T02:36:04.583+0000] {manager.py:824} INFO - There are 1 files in /opt/airflow/dags
[2026-07-22T02:36:08.633+0000] {manager.py:997} INFO - 
================================================================================
DAG File Processing Stats

File Path                            PID    Runtime      # DAGs    # Errors  Last Runtime    Last Run               Last # of DB Queries
-----------------------------------  -----  ---------  --------  ----------  --------------  -------------------  ----------------------
/opt/airflow/dags/olist_pipeline.py                           1           0  0.85s           2026-07-22T02:35:59                      10
================================================================================
[2026-07-22T02:36:39.010+0000] {manager.py:997} INFO - 
================================================================================
DAG File Processing Stats

File Path                            PID    Runtime      # DAGs    # Errors  Last Runtime    Last Run               Last # of DB Queries
-----------------------------------  -----  ---------  --------  ----------  --------------  -------------------  ----------------------
/opt/airflow/dags/olist_pipeline.py                           1           0  1.06s           2026-07-22T02:36:30                      10
================================================================================
[2026-07-22T02:37:09.125+0000] {manager.py:997} INFO - 
================================================================================
DAG File Processing Stats

File Path                            PID    Runtime      # DAGs    # Errors  Last Runtime    Last Run               Last # of DB Queries
-----------------------------------  -----  ---------  --------  ----------  --------------  -------------------  ----------------------
/opt/airflow/dags/olist_pipeline.py                           1           0  0.83s           2026-07-22T02:37:02                      10
================================================================================
[2026-07-22T02:37:39.465+0000] {manager.py:997} INFO - 
================================================================================
DAG File Processing Stats

File Path                            PID    Runtime      # DAGs    # Errors  Last Runtime    Last Run               Last # of DB Queries
-----------------------------------  -----  ---------  --------  ----------  --------------  -------------------  ----------------------
/opt/airflow/dags/olist_pipeline.py                           1           0  1.03s           2026-07-22T02:37:33                      10
================================================================================
[2026-07-22T02:38:09.689+0000] {manager.py:997} INFO - 
================================================================================
DAG File Processing Stats

File Path                            PID    Runtime      # DAGs    # Errors  Last Runtime    Last Run               Last # of DB Queries
-----------------------------------  -----  ---------  --------  ----------  --------------  -------------------  ----------------------
/opt/airflow/dags/olist_pipeline.py                           1           0  0.91s           2026-07-22T02:38:04                      10
================================================================================
[2026-07-22T02:38:39.887+0000] {manager.py:997} INFO - 
================================================================================
DAG File Processing Stats

File Path                            PID    Runtime      # DAGs    # Errors  Last Runtime    Last Run               Last # of DB Queries
-----------------------------------  -----  ---------  --------  ----------  --------------  -------------------  ----------------------
/opt/airflow/dags/olist_pipeline.py                           1           0  0.89s           2026-07-22T02:38:35                      10
================================================================================
[2026-07-22T02:39:10.241+0000] {manager.py:997} INFO - 
================================================================================
DAG File Processing Stats

File Path                            PID    Runtime      # DAGs    # Errors  Last Runtime    Last Run               Last # of DB Queries
-----------------------------------  -----  ---------  --------  ----------  --------------  -------------------  ----------------------
/opt/airflow/dags/olist_pipeline.py                           1           0  1.05s           2026-07-22T02:39:07                      10
================================================================================
[2026-07-22T02:39:40.474+0000] {manager.py:997} INFO - 
================================================================================
DAG File Processing Stats

File Path                            PID    Runtime      # DAGs    # Errors  Last Runtime    Last Run               Last # of DB Queries
-----------------------------------  -----  ---------  --------  ----------  --------------  -------------------  ----------------------
/opt/airflow/dags/olist_pipeline.py                           1           0  0.93s           2026-07-22T02:39:38                      10
================================================================================
[2026-07-22T02:40:10.805+0000] {manager.py:997} INFO - 
================================================================================
DAG File Processing Stats

File Path                            PID    Runtime      # DAGs    # Errors  Last Runtime    Last Run               Last # of DB Queries
-----------------------------------  -----  ---------  --------  ----------  --------------  -------------------  ----------------------
/opt/airflow/dags/olist_pipeline.py                           1           0  1.04s           2026-07-22T02:40:09                      10
================================================================================
[2026-07-22T02:40:40.999+0000] {manager.py:997} INFO - 
================================================================================
DAG File Processing Stats

File Path                            PID    Runtime      # DAGs    # Errors  Last Runtime    Last Run               Last # of DB Queries
-----------------------------------  -----  ---------  --------  ----------  --------------  -------------------  ----------------------
/opt/airflow/dags/olist_pipeline.py                           1           0  0.89s           2026-07-22T02:40:40                      10
================================================================================
[2026-07-22T02:41:05.269+0000] {manager.py:821} INFO - Searching for files in /opt/airflow/dags
[2026-07-22T02:41:05.277+0000] {manager.py:824} INFO - There are 1 files in /opt/airflow/dags
[2026-07-22T02:41:11.354+0000] {manager.py:997} INFO - 
================================================================================
DAG File Processing Stats

File Path                              PID  Runtime      # DAGs    # Errors  Last Runtime    Last Run               Last # of DB Queries
-----------------------------------  -----  ---------  --------  ----------  --------------  -------------------  ----------------------
/opt/airflow/dags/olist_pipeline.py    341  0.01s             1           0  0.89s           2026-07-22T02:40:40                      10
================================================================================
[2026-07-22T02:41:41.591+0000] {manager.py:997} INFO - 
================================================================================
DAG File Processing Stats

File Path                            PID    Runtime      # DAGs    # Errors  Last Runtime    Last Run               Last # of DB Queries
-----------------------------------  -----  ---------  --------  ----------  --------------  -------------------  ----------------------
/opt/airflow/dags/olist_pipeline.py                           1           0  0.90s           2026-07-22T02:41:12                      10
================================================================================
[2026-07-22T02:42:11.769+0000] {manager.py:997} INFO - 
================================================================================
DAG File Processing Stats

File Path                            PID    Runtime      # DAGs    # Errors  Last Runtime    Last Run               Last # of DB Queries
-----------------------------------  -----  ---------  --------  ----------  --------------  -------------------  ----------------------
/opt/airflow/dags/olist_pipeline.py                           1           0  0.87s           2026-07-22T02:41:43                      10
================================================================================
[2026-07-22T02:42:41.905+0000] {manager.py:997} INFO - 
================================================================================
DAG File Processing Stats

File Path                            PID    Runtime      # DAGs    # Errors  Last Runtime    Last Run               Last # of DB Queries
-----------------------------------  -----  ---------  --------  ----------  --------------  -------------------  ----------------------
/opt/airflow/dags/olist_pipeline.py                           1           0  0.85s           2026-07-22T02:42:14                      10
================================================================================
[2026-07-22T02:43:12.177+0000] {manager.py:997} INFO - 
================================================================================
DAG File Processing Stats

File Path                            PID    Runtime      # DAGs    # Errors  Last Runtime    Last Run               Last # of DB Queries
-----------------------------------  -----  ---------  --------  ----------  --------------  -------------------  ----------------------
/opt/airflow/dags/olist_pipeline.py                           1           0  0.95s           2026-07-22T02:42:45                      10
================================================================================
[2026-07-22T02:43:42.384+0000] {manager.py:997} INFO - 
================================================================================
DAG File Processing Stats

File Path                            PID    Runtime      # DAGs    # Errors  Last Runtime    Last Run               Last # of DB Queries
-----------------------------------  -----  ---------  --------  ----------  --------------  -------------------  ----------------------
/opt/airflow/dags/olist_pipeline.py                           1           0  0.89s           2026-07-22T02:43:17                      10
================================================================================
[2026-07-22T02:44:12.556+0000] {manager.py:997} INFO - 
================================================================================
DAG File Processing Stats

File Path                            PID    Runtime      # DAGs    # Errors  Last Runtime    Last Run               Last # of DB Queries
-----------------------------------  -----  ---------  --------  ----------  --------------  -------------------  ----------------------
/opt/airflow/dags/olist_pipeline.py                           1           0  0.85s           2026-07-22T02:43:48                      10
================================================================================
[2026-07-22T02:44:42.754+0000] {manager.py:997} INFO - 
================================================================================
DAG File Processing Stats

File Path                            PID    Runtime      # DAGs    # Errors  Last Runtime    Last Run               Last # of DB Queries
-----------------------------------  -----  ---------  --------  ----------  --------------  -------------------  ----------------------
/opt/airflow/dags/olist_pipeline.py                           1           0  0.91s           2026-07-22T02:44:19                      10
================================================================================
[2026-07-22T02:45:12.768+0000] {manager.py:997} INFO - 
================================================================================
DAG File Processing Stats

File Path                            PID    Runtime      # DAGs    # Errors  Last Runtime    Last Run               Last # of DB Queries
-----------------------------------  -----  ---------  --------  ----------  --------------  -------------------  ----------------------
/opt/airflow/dags/olist_pipeline.py                           1           0  0.91s           2026-07-22T02:44:50                      10
================================================================================
[2026-07-22T02:45:42.992+0000] {manager.py:997} INFO - 
================================================================================
DAG File Processing Stats

File Path                            PID    Runtime      # DAGs    # Errors  Last Runtime    Last Run               Last # of DB Queries
-----------------------------------  -----  ---------  --------  ----------  --------------  -------------------  ----------------------
/opt/airflow/dags/olist_pipeline.py                           1           0  0.88s           2026-07-22T02:45:21                      10
================================================================================
[2026-07-22T02:46:05.608+0000] {manager.py:821} INFO - Searching for files in /opt/airflow/dags
[2026-07-22T02:46:05.616+0000] {manager.py:824} INFO - There are 1 files in /opt/airflow/dags
[2026-07-22T02:46:13.263+0000] {manager.py:997} INFO - 
================================================================================
DAG File Processing Stats

File Path                            PID    Runtime      # DAGs    # Errors  Last Runtime    Last Run               Last # of DB Queries
-----------------------------------  -----  ---------  --------  ----------  --------------  -------------------  ----------------------
/opt/airflow/dags/olist_pipeline.py                           1           0  0.91s           2026-07-22T02:45:53                      10
================================================================================
[2026-07-22T02:46:43.417+0000] {manager.py:997} INFO - 
================================================================================
DAG File Processing Stats

File Path                            PID    Runtime      # DAGs    # Errors  Last Runtime    Last Run               Last # of DB Queries
-----------------------------------  -----  ---------  --------  ----------  --------------  -------------------  ----------------------
/opt/airflow/dags/olist_pipeline.py                           1           0  0.85s           2026-07-22T02:46:24                      10
================================================================================
[2026-07-22T02:47:13.565+0000] {manager.py:997} INFO - 
================================================================================
DAG File Processing Stats

File Path                            PID    Runtime      # DAGs    # Errors  Last Runtime    Last Run               Last # of DB Queries
-----------------------------------  -----  ---------  --------  ----------  --------------  -------------------  ----------------------
/opt/airflow/dags/olist_pipeline.py                           1           0  0.84s           2026-07-22T02:46:55                      10
================================================================================
[2026-07-22T02:47:43.841+0000] {manager.py:997} INFO - 
================================================================================
DAG File Processing Stats

File Path                            PID    Runtime      # DAGs    # Errors  Last Runtime    Last Run               Last # of DB Queries
-----------------------------------  -----  ---------  --------  ----------  --------------  -------------------  ----------------------
/opt/airflow/dags/olist_pipeline.py                           1           0  0.83s           2026-07-22T02:47:26                      10
================================================================================
[2026-07-22T02:48:14.189+0000] {manager.py:997} INFO - 
================================================================================
DAG File Processing Stats

File Path                            PID    Runtime      # DAGs    # Errors  Last Runtime    Last Run               Last # of DB Queries
-----------------------------------  -----  ---------  --------  ----------  --------------  -------------------  ----------------------
/opt/airflow/dags/olist_pipeline.py                           1           0  0.90s           2026-07-22T02:47:57                      10
================================================================================
[2026-07-22T02:48:44.546+0000] {manager.py:997} INFO - 
================================================================================
DAG File Processing Stats

File Path                            PID    Runtime      # DAGs    # Errors  Last Runtime    Last Run               Last # of DB Queries
-----------------------------------  -----  ---------  --------  ----------  --------------  -------------------  ----------------------
/opt/airflow/dags/olist_pipeline.py                           1           0  0.83s           2026-07-22T02:48:28                      10
================================================================================
[2026-07-22T02:49:14.666+0000] {manager.py:997} INFO - 
================================================================================
DAG File Processing Stats

File Path                            PID    Runtime      # DAGs    # Errors  Last Runtime    Last Run               Last # of DB Queries
-----------------------------------  -----  ---------  --------  ----------  --------------  -------------------  ----------------------
/opt/airflow/dags/olist_pipeline.py                           1           0  0.81s           2026-07-22T02:48:59                      10
================================================================================
[2026-07-22T02:49:44.828+0000] {manager.py:997} INFO - 
================================================================================
DAG File Processing Stats

File Path                            PID    Runtime      # DAGs    # Errors  Last Runtime    Last Run               Last # of DB Queries
-----------------------------------  -----  ---------  --------  ----------  --------------  -------------------  ----------------------
/opt/airflow/dags/olist_pipeline.py                           1           0  0.85s           2026-07-22T02:49:30                      10
================================================================================
[2026-07-22T02:50:14.977+0000] {manager.py:997} INFO - 
================================================================================
DAG File Processing Stats

File Path                            PID    Runtime      # DAGs    # Errors  Last Runtime    Last Run               Last # of DB Queries
-----------------------------------  -----  ---------  --------  ----------  --------------  -------------------  ----------------------
/opt/airflow/dags/olist_pipeline.py                           1           0  0.86s           2026-07-22T02:50:01                      10
================================================================================
[2026-07-22T02:50:45.272+0000] {manager.py:997} INFO - 
================================================================================
DAG File Processing Stats

File Path                            PID    Runtime      # DAGs    # Errors  Last Runtime    Last Run               Last # of DB Queries
-----------------------------------  -----  ---------  --------  ----------  --------------  -------------------  ----------------------
/opt/airflow/dags/olist_pipeline.py                           1           0  0.83s           2026-07-22T02:50:32                      10
================================================================================
[2026-07-22T02:51:05.993+0000] {manager.py:821} INFO - Searching for files in /opt/airflow/dags
[2026-07-22T02:51:06.000+0000] {manager.py:824} INFO - There are 1 files in /opt/airflow/dags
[2026-07-22T02:51:15.647+0000] {manager.py:997} INFO - 
================================================================================
DAG File Processing Stats

File Path                            PID    Runtime      # DAGs    # Errors  Last Runtime    Last Run               Last # of DB Queries
-----------------------------------  -----  ---------  --------  ----------  --------------  -------------------  ----------------------
/opt/airflow/dags/olist_pipeline.py                           1           0  0.83s           2026-07-22T02:51:03                      10
================================================================================
[2026-07-22T02:51:45.983+0000] {manager.py:997} INFO - 
================================================================================
DAG File Processing Stats

File Path                            PID    Runtime      # DAGs    # Errors  Last Runtime    Last Run               Last # of DB Queries
-----------------------------------  -----  ---------  --------  ----------  --------------  -------------------  ----------------------
/opt/airflow/dags/olist_pipeline.py                           1           0  0.85s           2026-07-22T02:51:35                      10
================================================================================
[2026-07-22T02:52:16.419+0000] {manager.py:997} INFO - 
================================================================================
DAG File Processing Stats

File Path                            PID    Runtime      # DAGs    # Errors  Last Runtime    Last Run               Last # of DB Queries
-----------------------------------  -----  ---------  --------  ----------  --------------  -------------------  ----------------------
/opt/airflow/dags/olist_pipeline.py                           1           0  0.85s           2026-07-22T02:52:06                      10
================================================================================
[2026-07-22T02:52:46.620+0000] {manager.py:997} INFO - 
================================================================================
DAG File Processing Stats

File Path                            PID    Runtime      # DAGs    # Errors  Last Runtime    Last Run               Last # of DB Queries
-----------------------------------  -----  ---------  --------  ----------  --------------  -------------------  ----------------------
/opt/airflow/dags/olist_pipeline.py                           1           0  0.86s           2026-07-22T02:52:37                      10
================================================================================
[2026-07-22T02:53:16.967+0000] {manager.py:997} INFO - 
================================================================================
DAG File Processing Stats

File Path                            PID    Runtime      # DAGs    # Errors  Last Runtime    Last Run               Last # of DB Queries
-----------------------------------  -----  ---------  --------  ----------  --------------  -------------------  ----------------------
/opt/airflow/dags/olist_pipeline.py                           1           0  0.96s           2026-07-22T02:53:08                      10
================================================================================
[2026-07-22T02:53:47.163+0000] {manager.py:997} INFO - 
================================================================================
DAG File Processing Stats

File Path                            PID    Runtime      # DAGs    # Errors  Last Runtime    Last Run               Last # of DB Queries
-----------------------------------  -----  ---------  --------  ----------  --------------  -------------------  ----------------------
/opt/airflow/dags/olist_pipeline.py                           1           0  0.87s           2026-07-22T02:53:40                      10
================================================================================
[2026-07-22T02:54:17.394+0000] {manager.py:997} INFO - 
================================================================================
DAG File Processing Stats

File Path                            PID    Runtime      # DAGs    # Errors  Last Runtime    Last Run               Last # of DB Queries
-----------------------------------  -----  ---------  --------  ----------  --------------  -------------------  ----------------------
/opt/airflow/dags/olist_pipeline.py                           1           0  0.89s           2026-07-22T02:54:11                      10
================================================================================
[2026-07-22T02:54:47.574+0000] {manager.py:997} INFO - 
================================================================================
DAG File Processing Stats

File Path                            PID    Runtime      # DAGs    # Errors  Last Runtime    Last Run               Last # of DB Queries
-----------------------------------  -----  ---------  --------  ----------  --------------  -------------------  ----------------------
/opt/airflow/dags/olist_pipeline.py                           1           0  0.85s           2026-07-22T02:54:42                      10
================================================================================
[2026-07-22T02:55:17.884+0000] {manager.py:997} INFO - 
================================================================================
DAG File Processing Stats

File Path                            PID    Runtime      # DAGs    # Errors  Last Runtime    Last Run               Last # of DB Queries
-----------------------------------  -----  ---------  --------  ----------  --------------  -------------------  ----------------------
/opt/airflow/dags/olist_pipeline.py                           1           0  0.88s           2026-07-22T02:55:13                      10
================================================================================
[2026-07-22T02:55:48.210+0000] {manager.py:997} INFO - 
================================================================================
DAG File Processing Stats

File Path                            PID    Runtime      # DAGs    # Errors  Last Runtime    Last Run               Last # of DB Queries
-----------------------------------  -----  ---------  --------  ----------  --------------  -------------------  ----------------------
/opt/airflow/dags/olist_pipeline.py                           1           0  0.99s           2026-07-22T02:55:44                      10
================================================================================
[2026-07-22T02:56:06.075+0000] {manager.py:821} INFO - Searching for files in /opt/airflow/dags
[2026-07-22T02:56:06.082+0000] {manager.py:824} INFO - There are 1 files in /opt/airflow/dags
[2026-07-22T02:56:18.535+0000] {manager.py:997} INFO - 
================================================================================
DAG File Processing Stats

File Path                            PID    Runtime      # DAGs    # Errors  Last Runtime    Last Run               Last # of DB Queries
-----------------------------------  -----  ---------  --------  ----------  --------------  -------------------  ----------------------
/opt/airflow/dags/olist_pipeline.py                           1           0  0.90s           2026-07-22T02:56:16                      10
================================================================================
[2026-07-22T02:56:48.844+0000] {manager.py:997} INFO - 
================================================================================
DAG File Processing Stats

File Path                            PID    Runtime      # DAGs    # Errors  Last Runtime    Last Run               Last # of DB Queries
-----------------------------------  -----  ---------  --------  ----------  --------------  -------------------  ----------------------
/opt/airflow/dags/olist_pipeline.py                           1           0  0.92s           2026-07-22T02:56:47                      10
================================================================================
[2026-07-22T02:57:19.151+0000] {manager.py:997} INFO - 
================================================================================
DAG File Processing Stats

File Path                            PID    Runtime      # DAGs    # Errors  Last Runtime    Last Run               Last # of DB Queries
-----------------------------------  -----  ---------  --------  ----------  --------------  -------------------  ----------------------
/opt/airflow/dags/olist_pipeline.py                           1           0  0.84s           2026-07-22T02:57:18                      10
================================================================================
[2026-07-22T02:57:49.474+0000] {manager.py:997} INFO - 
================================================================================
DAG File Processing Stats

File Path                              PID  Runtime      # DAGs    # Errors  Last Runtime    Last Run               Last # of DB Queries
-----------------------------------  -----  ---------  --------  ----------  --------------  -------------------  ----------------------
/opt/airflow/dags/olist_pipeline.py    533  0.61s             1           0  0.84s           2026-07-22T02:57:18                      10
================================================================================
[2026-07-22T02:58:19.800+0000] {manager.py:997} INFO - 
================================================================================
DAG File Processing Stats

File Path                            PID    Runtime      # DAGs    # Errors  Last Runtime    Last Run               Last # of DB Queries
-----------------------------------  -----  ---------  --------  ----------  --------------  -------------------  ----------------------
/opt/airflow/dags/olist_pipeline.py                           1           0  0.95s           2026-07-22T02:57:49                      10
================================================================================
[2026-07-22T02:58:50.120+0000] {manager.py:997} INFO - 
================================================================================
DAG File Processing Stats

File Path                            PID    Runtime      # DAGs    # Errors  Last Runtime    Last Run               Last # of DB Queries
-----------------------------------  -----  ---------  --------  ----------  --------------  -------------------  ----------------------
/opt/airflow/dags/olist_pipeline.py                           1           0  0.84s           2026-07-22T02:58:20                      10
================================================================================
[2026-07-22T02:59:20.220+0000] {manager.py:997} INFO - 
================================================================================
DAG File Processing Stats

File Path                            PID    Runtime      # DAGs    # Errors  Last Runtime    Last Run               Last # of DB Queries
-----------------------------------  -----  ---------  --------  ----------  --------------  -------------------  ----------------------
/opt/airflow/dags/olist_pipeline.py                           1           0  0.80s           2026-07-22T02:58:51                      10
================================================================================
[2026-07-22T02:59:50.437+0000] {manager.py:997} INFO - 
================================================================================
DAG File Processing Stats

File Path                            PID    Runtime      # DAGs    # Errors  Last Runtime    Last Run               Last # of DB Queries
-----------------------------------  -----  ---------  --------  ----------  --------------  -------------------  ----------------------
/opt/airflow/dags/olist_pipeline.py                           1           0  0.88s           2026-07-22T02:59:23                      10
================================================================================
[2026-07-22T03:00:20.588+0000] {manager.py:997} INFO - 
================================================================================
DAG File Processing Stats

File Path                            PID    Runtime      # DAGs    # Errors  Last Runtime    Last Run               Last # of DB Queries
-----------------------------------  -----  ---------  --------  ----------  --------------  -------------------  ----------------------
/opt/airflow/dags/olist_pipeline.py                           1           0  0.82s           2026-07-22T02:59:54                      10
================================================================================
[2026-07-22T03:00:50.730+0000] {manager.py:997} INFO - 
================================================================================
DAG File Processing Stats

File Path                            PID    Runtime      # DAGs    # Errors  Last Runtime    Last Run               Last # of DB Queries
-----------------------------------  -----  ---------  --------  ----------  --------------  -------------------  ----------------------
/opt/airflow/dags/olist_pipeline.py                           1           0  0.81s           2026-07-22T03:00:25                      10
================================================================================
[2026-07-22T03:01:06.511+0000] {manager.py:821} INFO - Searching for files in /opt/airflow/dags
[2026-07-22T03:01:06.517+0000] {manager.py:824} INFO - There are 1 files in /opt/airflow/dags
[2026-07-22T03:01:20.865+0000] {manager.py:997} INFO - 
================================================================================
DAG File Processing Stats

File Path                            PID    Runtime      # DAGs    # Errors  Last Runtime    Last Run               Last # of DB Queries
-----------------------------------  -----  ---------  --------  ----------  --------------  -------------------  ----------------------
/opt/airflow/dags/olist_pipeline.py                           1           0  0.85s           2026-07-22T03:00:56                      10
================================================================================
[2026-07-22T03:01:51.183+0000] {manager.py:997} INFO - 
================================================================================
DAG File Processing Stats

File Path                            PID    Runtime      # DAGs    # Errors  Last Runtime    Last Run               Last # of DB Queries
-----------------------------------  -----  ---------  --------  ----------  --------------  -------------------  ----------------------
/opt/airflow/dags/olist_pipeline.py                           1           0  0.84s           2026-07-22T03:01:27                      10
================================================================================
[2026-07-22T03:02:21.485+0000] {manager.py:997} INFO - 
================================================================================
DAG File Processing Stats

File Path                            PID    Runtime      # DAGs    # Errors  Last Runtime    Last Run               Last # of DB Queries
-----------------------------------  -----  ---------  --------  ----------  --------------  -------------------  ----------------------
/opt/airflow/dags/olist_pipeline.py                           1           0  0.81s           2026-07-22T03:01:58                      10
================================================================================
[2026-07-22T03:02:51.820+0000] {manager.py:997} INFO - 
================================================================================
DAG File Processing Stats

File Path                            PID    Runtime      # DAGs    # Errors  Last Runtime    Last Run               Last # of DB Queries
-----------------------------------  -----  ---------  --------  ----------  --------------  -------------------  ----------------------
/opt/airflow/dags/olist_pipeline.py                           1           0  0.92s           2026-07-22T03:02:29                      10
================================================================================
[2026-07-22T03:03:22.164+0000] {manager.py:997} INFO - 
================================================================================
DAG File Processing Stats

File Path                            PID    Runtime      # DAGs    # Errors  Last Runtime    Last Run               Last # of DB Queries
-----------------------------------  -----  ---------  --------  ----------  --------------  -------------------  ----------------------
/opt/airflow/dags/olist_pipeline.py                           1           0  0.89s           2026-07-22T03:03:01                      10
================================================================================
[2026-07-22T03:03:52.365+0000] {manager.py:997} INFO - 
================================================================================
DAG File Processing Stats

File Path                            PID    Runtime      # DAGs    # Errors  Last Runtime    Last Run               Last # of DB Queries
-----------------------------------  -----  ---------  --------  ----------  --------------  -------------------  ----------------------
/opt/airflow/dags/olist_pipeline.py                           1           0  0.85s           2026-07-22T03:03:32                      10
================================================================================
[2026-07-22T03:04:22.531+0000] {manager.py:997} INFO - 
================================================================================
DAG File Processing Stats

File Path                            PID    Runtime      # DAGs    # Errors  Last Runtime    Last Run               Last # of DB Queries
-----------------------------------  -----  ---------  --------  ----------  --------------  -------------------  ----------------------
/opt/airflow/dags/olist_pipeline.py                           1           0  0.87s           2026-07-22T03:04:03                      10
================================================================================
[2026-07-22T03:04:52.810+0000] {manager.py:997} INFO - 
================================================================================
DAG File Processing Stats

File Path                            PID    Runtime      # DAGs    # Errors  Last Runtime    Last Run               Last # of DB Queries
-----------------------------------  -----  ---------  --------  ----------  --------------  -------------------  ----------------------
/opt/airflow/dags/olist_pipeline.py                           1           0  0.97s           2026-07-22T03:04:34                      10
================================================================================
[2026-07-22T03:05:22.922+0000] {manager.py:997} INFO - 
================================================================================
DAG File Processing Stats

File Path                            PID    Runtime      # DAGs    # Errors  Last Runtime    Last Run               Last # of DB Queries
-----------------------------------  -----  ---------  --------  ----------  --------------  -------------------  ----------------------
/opt/airflow/dags/olist_pipeline.py                           1           0  0.84s           2026-07-22T03:05:05                      10
================================================================================
[2026-07-22T03:05:53.081+0000] {manager.py:997} INFO - 
================================================================================
DAG File Processing Stats

File Path                            PID    Runtime      # DAGs    # Errors  Last Runtime    Last Run               Last # of DB Queries
-----------------------------------  -----  ---------  --------  ----------  --------------  -------------------  ----------------------
/opt/airflow/dags/olist_pipeline.py                           1           0  0.85s           2026-07-22T03:05:36                      10
================================================================================
[2026-07-22T03:06:06.983+0000] {manager.py:821} INFO - Searching for files in /opt/airflow/dags
[2026-07-22T03:06:06.987+0000] {manager.py:824} INFO - There are 1 files in /opt/airflow/dags
[2026-07-22T03:06:23.401+0000] {manager.py:997} INFO - 
================================================================================
DAG File Processing Stats

File Path                            PID    Runtime      # DAGs    # Errors  Last Runtime    Last Run               Last # of DB Queries
-----------------------------------  -----  ---------  --------  ----------  --------------  -------------------  ----------------------
/opt/airflow/dags/olist_pipeline.py                           1           0  0.80s           2026-07-22T03:06:07                      10
================================================================================
[2026-07-22T03:06:53.729+0000] {manager.py:997} INFO - 
================================================================================
DAG File Processing Stats

File Path                            PID    Runtime      # DAGs    # Errors  Last Runtime    Last Run               Last # of DB Queries
-----------------------------------  -----  ---------  --------  ----------  --------------  -------------------  ----------------------
/opt/airflow/dags/olist_pipeline.py                           1           0  0.93s           2026-07-22T03:06:39                      10
================================================================================
[2026-07-22T03:07:24.052+0000] {manager.py:997} INFO - 
================================================================================
DAG File Processing Stats

File Path                            PID    Runtime      # DAGs    # Errors  Last Runtime    Last Run               Last # of DB Queries
-----------------------------------  -----  ---------  --------  ----------  --------------  -------------------  ----------------------
/opt/airflow/dags/olist_pipeline.py                           1           0  0.88s           2026-07-22T03:07:10                      10
================================================================================
[2026-07-22T03:07:54.322+0000] {manager.py:997} INFO - 
================================================================================
DAG File Processing Stats

File Path                            PID    Runtime      # DAGs    # Errors  Last Runtime    Last Run               Last # of DB Queries
-----------------------------------  -----  ---------  --------  ----------  --------------  -------------------  ----------------------
/opt/airflow/dags/olist_pipeline.py                           1           0  0.96s           2026-07-22T03:07:41                      10
================================================================================
[2026-07-22T03:08:24.500+0000] {manager.py:997} INFO - 
================================================================================
DAG File Processing Stats

File Path                            PID    Runtime      # DAGs    # Errors  Last Runtime    Last Run               Last # of DB Queries
-----------------------------------  -----  ---------  --------  ----------  --------------  -------------------  ----------------------
/opt/airflow/dags/olist_pipeline.py                           1           0  0.87s           2026-07-22T03:08:12                      10
================================================================================
[2026-07-22T03:08:54.664+0000] {manager.py:997} INFO - 
================================================================================
DAG File Processing Stats

File Path                            PID    Runtime      # DAGs    # Errors  Last Runtime    Last Run               Last # of DB Queries
-----------------------------------  -----  ---------  --------  ----------  --------------  -------------------  ----------------------
/opt/airflow/dags/olist_pipeline.py                           1           0  0.84s           2026-07-22T03:08:43                      10
================================================================================
[2026-07-22T03:09:24.985+0000] {manager.py:997} INFO - 
================================================================================
DAG File Processing Stats

File Path                            PID    Runtime      # DAGs    # Errors  Last Runtime    Last Run               Last # of DB Queries
-----------------------------------  -----  ---------  --------  ----------  --------------  -------------------  ----------------------
/opt/airflow/dags/olist_pipeline.py                           1           0  1.00s           2026-07-22T03:09:14                      10
================================================================================
[2026-07-22T03:09:55.115+0000] {manager.py:997} INFO - 
================================================================================
DAG File Processing Stats

File Path                            PID    Runtime      # DAGs    # Errors  Last Runtime    Last Run               Last # of DB Queries
-----------------------------------  -----  ---------  --------  ----------  --------------  -------------------  ----------------------
/opt/airflow/dags/olist_pipeline.py                           1           0  0.82s           2026-07-22T03:09:46                      10
================================================================================
[2026-07-22T03:10:25.433+0000] {manager.py:997} INFO - 
================================================================================
DAG File Processing Stats

File Path                            PID    Runtime      # DAGs    # Errors  Last Runtime    Last Run               Last # of DB Queries
-----------------------------------  -----  ---------  --------  ----------  --------------  -------------------  ----------------------
/opt/airflow/dags/olist_pipeline.py                           1           0  0.85s           2026-07-22T03:10:16                      10
================================================================================
[2026-07-22T03:10:55.775+0000] {manager.py:997} INFO - 
================================================================================
DAG File Processing Stats

File Path                            PID    Runtime      # DAGs    # Errors  Last Runtime    Last Run               Last # of DB Queries
-----------------------------------  -----  ---------  --------  ----------  --------------  -------------------  ----------------------
/opt/airflow/dags/olist_pipeline.py                           1           0  0.89s           2026-07-22T03:10:48                      10
================================================================================
[2026-07-22T03:11:07.422+0000] {manager.py:821} INFO - Searching for files in /opt/airflow/dags
[2026-07-22T03:11:07.429+0000] {manager.py:824} INFO - There are 1 files in /opt/airflow/dags
[2026-07-22T03:11:26.079+0000] {manager.py:997} INFO - 
================================================================================
DAG File Processing Stats

File Path                            PID    Runtime      # DAGs    # Errors  Last Runtime    Last Run               Last # of DB Queries
-----------------------------------  -----  ---------  --------  ----------  --------------  -------------------  ----------------------
/opt/airflow/dags/olist_pipeline.py                           1           0  0.84s           2026-07-22T03:11:19                      10
================================================================================
[2026-07-22T03:11:56.379+0000] {manager.py:997} INFO - 
================================================================================
DAG File Processing Stats

File Path                            PID    Runtime      # DAGs    # Errors  Last Runtime    Last Run               Last # of DB Queries
-----------------------------------  -----  ---------  --------  ----------  --------------  -------------------  ----------------------
/opt/airflow/dags/olist_pipeline.py                           1           0  0.84s           2026-07-22T03:11:50                      10
================================================================================
[2026-07-22T03:12:26.525+0000] {manager.py:997} INFO - 
================================================================================
DAG File Processing Stats

File Path                            PID    Runtime      # DAGs    # Errors  Last Runtime    Last Run               Last # of DB Queries
-----------------------------------  -----  ---------  --------  ----------  --------------  -------------------  ----------------------
/opt/airflow/dags/olist_pipeline.py                           1           0  0.82s           2026-07-22T03:12:21                      10
================================================================================
[2026-07-22T03:12:56.738+0000] {manager.py:997} INFO - 
================================================================================
DAG File Processing Stats

File Path                            PID    Runtime      # DAGs    # Errors  Last Runtime    Last Run               Last # of DB Queries
-----------------------------------  -----  ---------  --------  ----------  --------------  -------------------  ----------------------
/opt/airflow/dags/olist_pipeline.py                           1           0  0.89s           2026-07-22T03:12:52                      10
================================================================================
[2026-07-22T03:13:26.903+0000] {manager.py:997} INFO - 
================================================================================
DAG File Processing Stats

File Path                            PID    Runtime      # DAGs    # Errors  Last Runtime    Last Run               Last # of DB Queries
-----------------------------------  -----  ---------  --------  ----------  --------------  -------------------  ----------------------
/opt/airflow/dags/olist_pipeline.py                           1           0  0.88s           2026-07-22T03:13:23                      10
================================================================================
[2026-07-22T03:13:57.236+0000] {manager.py:997} INFO - 
================================================================================
DAG File Processing Stats

File Path                            PID    Runtime      # DAGs    # Errors  Last Runtime    Last Run               Last # of DB Queries
-----------------------------------  -----  ---------  --------  ----------  --------------  -------------------  ----------------------
/opt/airflow/dags/olist_pipeline.py                           1           0  0.90s           2026-07-22T03:13:54                      10
================================================================================
[2026-07-22T03:14:27.535+0000] {manager.py:997} INFO - 
================================================================================
DAG File Processing Stats

File Path                            PID    Runtime      # DAGs    # Errors  Last Runtime    Last Run               Last # of DB Queries
-----------------------------------  -----  ---------  --------  ----------  --------------  -------------------  ----------------------
/opt/airflow/dags/olist_pipeline.py                           1           0  0.82s           2026-07-22T03:14:25                      10
================================================================================
[2026-07-22T03:14:57.865+0000] {manager.py:997} INFO - 
================================================================================
DAG File Processing Stats

File Path                            PID    Runtime      # DAGs    # Errors  Last Runtime    Last Run               Last # of DB Queries
-----------------------------------  -----  ---------  --------  ----------  --------------  -------------------  ----------------------
/opt/airflow/dags/olist_pipeline.py                           1           0  0.98s           2026-07-22T03:14:57                      10
================================================================================
[2026-07-22T03:15:28.188+0000] {manager.py:997} INFO - 
================================================================================
DAG File Processing Stats

File Path                              PID  Runtime      # DAGs    # Errors  Last Runtime    Last Run               Last # of DB Queries
-----------------------------------  -----  ---------  --------  ----------  --------------  -------------------  ----------------------
/opt/airflow/dags/olist_pipeline.py    737  0.60s             1           0  0.98s           2026-07-22T03:14:57                      10
================================================================================
[2026-07-22T03:15:58.480+0000] {manager.py:997} INFO - 
================================================================================
DAG File Processing Stats

File Path                            PID    Runtime      # DAGs    # Errors  Last Runtime    Last Run               Last # of DB Queries
-----------------------------------  -----  ---------  --------  ----------  --------------  -------------------  ----------------------
/opt/airflow/dags/olist_pipeline.py                           1           0  1.01s           2026-07-22T03:15:28                      10
================================================================================
[2026-07-22T03:16:07.572+0000] {manager.py:821} INFO - Searching for files in /opt/airflow/dags
[2026-07-22T03:16:07.579+0000] {manager.py:824} INFO - There are 1 files in /opt/airflow/dags
[2026-07-22T03:16:28.808+0000] {manager.py:997} INFO - 
================================================================================
DAG File Processing Stats

File Path                            PID    Runtime      # DAGs    # Errors  Last Runtime    Last Run               Last # of DB Queries
-----------------------------------  -----  ---------  --------  ----------  --------------  -------------------  ----------------------
/opt/airflow/dags/olist_pipeline.py                           1           0  0.90s           2026-07-22T03:15:59                      10
================================================================================
[2026-07-22T03:16:59.186+0000] {manager.py:997} INFO - 
================================================================================
DAG File Processing Stats

File Path                            PID    Runtime      # DAGs    # Errors  Last Runtime    Last Run               Last # of DB Queries
-----------------------------------  -----  ---------  --------  ----------  --------------  -------------------  ----------------------
/opt/airflow/dags/olist_pipeline.py                           1           0  0.87s           2026-07-22T03:16:31                      10
================================================================================
[2026-07-22T03:17:29.355+0000] {manager.py:997} INFO - 
================================================================================
DAG File Processing Stats

File Path                            PID    Runtime      # DAGs    # Errors  Last Runtime    Last Run               Last # of DB Queries
-----------------------------------  -----  ---------  --------  ----------  --------------  -------------------  ----------------------
/opt/airflow/dags/olist_pipeline.py                           1           0  0.81s           2026-07-22T03:17:02                      10
================================================================================
[2026-07-22T03:17:59.646+0000] {manager.py:997} INFO - 
================================================================================
DAG File Processing Stats

File Path                            PID    Runtime      # DAGs    # Errors  Last Runtime    Last Run               Last # of DB Queries
-----------------------------------  -----  ---------  --------  ----------  --------------  -------------------  ----------------------
/opt/airflow/dags/olist_pipeline.py                           1           0  0.93s           2026-07-22T03:17:33                      10
================================================================================
[2026-07-22T03:18:29.903+0000] {manager.py:997} INFO - 
================================================================================
DAG File Processing Stats

File Path                            PID    Runtime      # DAGs    # Errors  Last Runtime    Last Run               Last # of DB Queries
-----------------------------------  -----  ---------  --------  ----------  --------------  -------------------  ----------------------
/opt/airflow/dags/olist_pipeline.py                           1           0  0.94s           2026-07-22T03:18:04                      10
================================================================================
[2026-07-22T03:19:00.065+0000] {manager.py:997} INFO - 
================================================================================
DAG File Processing Stats

File Path                            PID    Runtime      # DAGs    # Errors  Last Runtime    Last Run               Last # of DB Queries
-----------------------------------  -----  ---------  --------  ----------  --------------  -------------------  ----------------------
/opt/airflow/dags/olist_pipeline.py                           1           0  0.87s           2026-07-22T03:18:35                      10
================================================================================
[2026-07-22T03:19:30.337+0000] {manager.py:997} INFO - 
================================================================================
DAG File Processing Stats

File Path                            PID    Runtime      # DAGs    # Errors  Last Runtime    Last Run               Last # of DB Queries
-----------------------------------  -----  ---------  --------  ----------  --------------  -------------------  ----------------------
/opt/airflow/dags/olist_pipeline.py                           1           0  0.96s           2026-07-22T03:19:07                      10
================================================================================
[2026-07-22T03:20:00.677+0000] {manager.py:997} INFO - 
================================================================================
DAG File Processing Stats

File Path                            PID    Runtime      # DAGs    # Errors  Last Runtime    Last Run               Last # of DB Queries
-----------------------------------  -----  ---------  --------  ----------  --------------  -------------------  ----------------------
/opt/airflow/dags/olist_pipeline.py                           1           0  0.97s           2026-07-22T03:19:38                      10
================================================================================
[2026-07-22T03:20:30.902+0000] {manager.py:997} INFO - 
================================================================================
DAG File Processing Stats

File Path                            PID    Runtime      # DAGs    # Errors  Last Runtime    Last Run               Last # of DB Queries
-----------------------------------  -----  ---------  --------  ----------  --------------  -------------------  ----------------------
/opt/airflow/dags/olist_pipeline.py                           1           0  0.91s           2026-07-22T03:20:09                      10
================================================================================
[2026-07-22T03:21:01.248+0000] {manager.py:997} INFO - 
================================================================================
DAG File Processing Stats

File Path                            PID    Runtime      # DAGs    # Errors  Last Runtime    Last Run               Last # of DB Queries
-----------------------------------  -----  ---------  --------  ----------  --------------  -------------------  ----------------------
/opt/airflow/dags/olist_pipeline.py                           1           0  1.06s           2026-07-22T03:20:41                      10
================================================================================
[2026-07-22T03:21:08.326+0000] {manager.py:821} INFO - Searching for files in /opt/airflow/dags
[2026-07-22T03:21:08.333+0000] {manager.py:824} INFO - There are 1 files in /opt/airflow/dags
[2026-07-22T03:21:31.461+0000] {manager.py:997} INFO - 
================================================================================
DAG File Processing Stats

File Path                            PID    Runtime      # DAGs    # Errors  Last Runtime    Last Run               Last # of DB Queries
-----------------------------------  -----  ---------  --------  ----------  --------------  -------------------  ----------------------
/opt/airflow/dags/olist_pipeline.py                           1           0  0.86s           2026-07-22T03:21:12                      10
================================================================================
[2026-07-22T03:22:01.650+0000] {manager.py:997} INFO - 
================================================================================
DAG File Processing Stats

File Path                            PID    Runtime      # DAGs    # Errors  Last Runtime    Last Run               Last # of DB Queries
-----------------------------------  -----  ---------  --------  ----------  --------------  -------------------  ----------------------
/opt/airflow/dags/olist_pipeline.py                           1           0  0.83s           2026-07-22T03:21:43                      10
================================================================================
[2026-07-22T03:22:31.914+0000] {manager.py:997} INFO - 
================================================================================
DAG File Processing Stats

File Path                            PID    Runtime      # DAGs    # Errors  Last Runtime    Last Run               Last # of DB Queries
-----------------------------------  -----  ---------  --------  ----------  --------------  -------------------  ----------------------
/opt/airflow/dags/olist_pipeline.py                           1           0  0.95s           2026-07-22T03:22:14                      10
================================================================================
[2026-07-22T03:23:02.176+0000] {manager.py:997} INFO - 
================================================================================
DAG File Processing Stats

File Path                            PID    Runtime      # DAGs    # Errors  Last Runtime    Last Run               Last # of DB Queries
-----------------------------------  -----  ---------  --------  ----------  --------------  -------------------  ----------------------
/opt/airflow/dags/olist_pipeline.py                           1           0  0.91s           2026-07-22T03:22:45                      10
================================================================================
[2026-07-22T03:23:32.535+0000] {manager.py:997} INFO - 
================================================================================
DAG File Processing Stats

File Path                            PID    Runtime      # DAGs    # Errors  Last Runtime    Last Run               Last # of DB Queries
-----------------------------------  -----  ---------  --------  ----------  --------------  -------------------  ----------------------
/opt/airflow/dags/olist_pipeline.py                           1           0  1.00s           2026-07-22T03:23:17                      10
================================================================================
[2026-07-22T03:24:02.723+0000] {manager.py:997} INFO - 
================================================================================
DAG File Processing Stats

File Path                            PID    Runtime      # DAGs    # Errors  Last Runtime    Last Run               Last # of DB Queries
-----------------------------------  -----  ---------  --------  ----------  --------------  -------------------  ----------------------
/opt/airflow/dags/olist_pipeline.py                           1           0  0.84s           2026-07-22T03:23:48                      10
================================================================================
[2026-07-22T03:24:32.954+0000] {manager.py:997} INFO - 
================================================================================
DAG File Processing Stats

File Path                            PID    Runtime      # DAGs    # Errors  Last Runtime    Last Run               Last # of DB Queries
-----------------------------------  -----  ---------  --------  ----------  --------------  -------------------  ----------------------
/opt/airflow/dags/olist_pipeline.py                           1           0  0.91s           2026-07-22T03:24:19                      10
================================================================================
[2026-07-22T03:25:03.188+0000] {manager.py:997} INFO - 
================================================================================
DAG File Processing Stats

File Path                            PID    Runtime      # DAGs    # Errors  Last Runtime    Last Run               Last # of DB Queries
-----------------------------------  -----  ---------  --------  ----------  --------------  -------------------  ----------------------
/opt/airflow/dags/olist_pipeline.py                           1           0  0.92s           2026-07-22T03:24:51                      10
================================================================================
[2026-07-22T03:25:33.342+0000] {manager.py:997} INFO - 
================================================================================
DAG File Processing Stats

File Path                            PID    Runtime      # DAGs    # Errors  Last Runtime    Last Run               Last # of DB Queries
-----------------------------------  -----  ---------  --------  ----------  --------------  -------------------  ----------------------
/opt/airflow/dags/olist_pipeline.py                           1           0  0.83s           2026-07-22T03:25:22                      10
================================================================================
[2026-07-22T03:26:03.539+0000] {manager.py:997} INFO - 
================================================================================
DAG File Processing Stats

File Path                            PID    Runtime      # DAGs    # Errors  Last Runtime    Last Run               Last # of DB Queries
-----------------------------------  -----  ---------  --------  ----------  --------------  -------------------  ----------------------
/opt/airflow/dags/olist_pipeline.py                           1           0  0.87s           2026-07-22T03:25:53                      10
================================================================================
[2026-07-22T03:26:08.596+0000] {manager.py:821} INFO - Searching for files in /opt/airflow/dags
[2026-07-22T03:26:08.603+0000] {manager.py:824} INFO - There are 1 files in /opt/airflow/dags
[2026-07-22T03:26:33.854+0000] {manager.py:997} INFO - 
================================================================================
DAG File Processing Stats

File Path                            PID    Runtime      # DAGs    # Errors  Last Runtime    Last Run               Last # of DB Queries
-----------------------------------  -----  ---------  --------  ----------  --------------  -------------------  ----------------------
/opt/airflow/dags/olist_pipeline.py                           1           0  0.85s           2026-07-22T03:26:24                      10
================================================================================
[2026-07-22T03:27:04.154+0000] {manager.py:997} INFO - 
================================================================================
DAG File Processing Stats

File Path                            PID    Runtime      # DAGs    # Errors  Last Runtime    Last Run               Last # of DB Queries
-----------------------------------  -----  ---------  --------  ----------  --------------  -------------------  ----------------------
/opt/airflow/dags/olist_pipeline.py                           1           0  0.96s           2026-07-22T03:26:55                      10
================================================================================
[2026-07-22T03:27:34.474+0000] {manager.py:997} INFO - 
================================================================================
DAG File Processing Stats

File Path                            PID    Runtime      # DAGs    # Errors  Last Runtime    Last Run               Last # of DB Queries
-----------------------------------  -----  ---------  --------  ----------  --------------  -------------------  ----------------------
/opt/airflow/dags/olist_pipeline.py                           1           0  0.93s           2026-07-22T03:27:26                      10
================================================================================
[2026-07-22T03:28:04.837+0000] {manager.py:997} INFO - 
================================================================================
DAG File Processing Stats

File Path                            PID    Runtime      # DAGs    # Errors  Last Runtime    Last Run               Last # of DB Queries
-----------------------------------  -----  ---------  --------  ----------  --------------  -------------------  ----------------------
/opt/airflow/dags/olist_pipeline.py                           1           0  0.81s           2026-07-22T03:27:58                      10
================================================================================
[2026-07-22T03:28:35.004+0000] {manager.py:997} INFO - 
================================================================================
DAG File Processing Stats

File Path                            PID    Runtime      # DAGs    # Errors  Last Runtime    Last Run               Last # of DB Queries
-----------------------------------  -----  ---------  --------  ----------  --------------  -------------------  ----------------------
/opt/airflow/dags/olist_pipeline.py                           1           0  0.84s           2026-07-22T03:28:28                      10
================================================================================
[2026-07-22T03:29:05.333+0000] {manager.py:997} INFO - 
================================================================================
DAG File Processing Stats

File Path                            PID    Runtime      # DAGs    # Errors  Last Runtime    Last Run               Last # of DB Queries
-----------------------------------  -----  ---------  --------  ----------  --------------  -------------------  ----------------------
/opt/airflow/dags/olist_pipeline.py                           1           0  0.96s           2026-07-22T03:29:00                      10
================================================================================
[2026-07-22T03:29:35.526+0000] {manager.py:997} INFO - 
================================================================================
DAG File Processing Stats

File Path                            PID    Runtime      # DAGs    # Errors  Last Runtime    Last Run               Last # of DB Queries
-----------------------------------  -----  ---------  --------  ----------  --------------  -------------------  ----------------------
/opt/airflow/dags/olist_pipeline.py                           1           0  0.88s           2026-07-22T03:29:31                      10
================================================================================
[2026-07-22T03:30:05.703+0000] {manager.py:997} INFO - 
================================================================================
DAG File Processing Stats

File Path                            PID    Runtime      # DAGs    # Errors  Last Runtime    Last Run               Last # of DB Queries
-----------------------------------  -----  ---------  --------  ----------  --------------  -------------------  ----------------------
/opt/airflow/dags/olist_pipeline.py                           1           0  0.83s           2026-07-22T03:30:02                      10
================================================================================
[2026-07-22T03:30:36.041+0000] {manager.py:997} INFO - 
================================================================================
DAG File Processing Stats

File Path                            PID    Runtime      # DAGs    # Errors  Last Runtime    Last Run               Last # of DB Queries
-----------------------------------  -----  ---------  --------  ----------  --------------  -------------------  ----------------------
/opt/airflow/dags/olist_pipeline.py                           1           0  0.96s           2026-07-22T03:30:33                      10
================================================================================
[2026-07-22T03:31:06.348+0000] {manager.py:997} INFO - 
================================================================================
DAG File Processing Stats

File Path                            PID    Runtime      # DAGs    # Errors  Last Runtime    Last Run               Last # of DB Queries
-----------------------------------  -----  ---------  --------  ----------  --------------  -------------------  ----------------------
/opt/airflow/dags/olist_pipeline.py                           1           0  0.83s           2026-07-22T03:31:04                      10
================================================================================
[2026-07-22T03:31:08.884+0000] {manager.py:821} INFO - Searching for files in /opt/airflow/dags
[2026-07-22T03:31:08.891+0000] {manager.py:824} INFO - There are 1 files in /opt/airflow/dags
[2026-07-22T03:31:36.611+0000] {manager.py:997} INFO - 
================================================================================
DAG File Processing Stats

File Path                            PID    Runtime      # DAGs    # Errors  Last Runtime    Last Run               Last # of DB Queries
-----------------------------------  -----  ---------  --------  ----------  --------------  -------------------  ----------------------
/opt/airflow/dags/olist_pipeline.py                           1           0  1.01s           2026-07-22T03:31:36                      10
================================================================================
[2026-07-22T03:32:06.881+0000] {manager.py:997} INFO - 
================================================================================
DAG File Processing Stats

File Path                              PID  Runtime      # DAGs    # Errors  Last Runtime    Last Run               Last # of DB Queries
-----------------------------------  -----  ---------  --------  ----------  --------------  -------------------  ----------------------
/opt/airflow/dags/olist_pipeline.py    929  0.36s             1           0  1.01s           2026-07-22T03:31:36                      10
================================================================================
[2026-07-22T03:32:37.130+0000] {manager.py:997} INFO - 
================================================================================
DAG File Processing Stats

File Path                            PID    Runtime      # DAGs    # Errors  Last Runtime    Last Run               Last # of DB Queries
-----------------------------------  -----  ---------  --------  ----------  --------------  -------------------  ----------------------
/opt/airflow/dags/olist_pipeline.py                           1           0  0.86s           2026-07-22T03:32:07                      10
================================================================================
[2026-07-22T03:33:07.412+0000] {manager.py:997} INFO - 
================================================================================
DAG File Processing Stats

File Path                            PID    Runtime      # DAGs    # Errors  Last Runtime    Last Run               Last # of DB Queries
-----------------------------------  -----  ---------  --------  ----------  --------------  -------------------  ----------------------
/opt/airflow/dags/olist_pipeline.py                           1           0  0.95s           2026-07-22T03:32:38                      10
================================================================================
[2026-07-22T03:33:37.737+0000] {manager.py:997} INFO - 
================================================================================
DAG File Processing Stats

File Path                            PID    Runtime      # DAGs    # Errors  Last Runtime    Last Run               Last # of DB Queries
-----------------------------------  -----  ---------  --------  ----------  --------------  -------------------  ----------------------
/opt/airflow/dags/olist_pipeline.py                           1           0  0.90s           2026-07-22T03:33:09                      10
================================================================================
[2026-07-22T03:34:08.073+0000] {manager.py:997} INFO - 
================================================================================
DAG File Processing Stats

File Path                            PID    Runtime      # DAGs    # Errors  Last Runtime    Last Run               Last # of DB Queries
-----------------------------------  -----  ---------  --------  ----------  --------------  -------------------  ----------------------
/opt/airflow/dags/olist_pipeline.py                           1           0  0.88s           2026-07-22T03:33:41                      10
================================================================================
[2026-07-22T03:34:38.258+0000] {manager.py:997} INFO - 
================================================================================
DAG File Processing Stats

File Path                            PID    Runtime      # DAGs    # Errors  Last Runtime    Last Run               Last # of DB Queries
-----------------------------------  -----  ---------  --------  ----------  --------------  -------------------  ----------------------
/opt/airflow/dags/olist_pipeline.py                           1           0  0.86s           2026-07-22T03:34:11                      10
================================================================================
[2026-07-22T03:35:08.637+0000] {manager.py:997} INFO - 
================================================================================
DAG File Processing Stats

File Path                            PID    Runtime      # DAGs    # Errors  Last Runtime    Last Run               Last # of DB Queries
-----------------------------------  -----  ---------  --------  ----------  --------------  -------------------  ----------------------
/opt/airflow/dags/olist_pipeline.py                           1           0  1.08s           2026-07-22T03:34:43                      10
================================================================================
[2026-07-22T03:35:38.903+0000] {manager.py:997} INFO - 
================================================================================
DAG File Processing Stats

File Path                            PID    Runtime      # DAGs    # Errors  Last Runtime    Last Run               Last # of DB Queries
-----------------------------------  -----  ---------  --------  ----------  --------------  -------------------  ----------------------
/opt/airflow/dags/olist_pipeline.py                           1           0  0.91s           2026-07-22T03:35:14                      10
================================================================================
[2026-07-22T03:36:09.116+0000] {manager.py:821} INFO - Searching for files in /opt/airflow/dags
[2026-07-22T03:36:09.122+0000] {manager.py:824} INFO - There are 1 files in /opt/airflow/dags
[2026-07-22T03:36:09.134+0000] {manager.py:997} INFO - 
================================================================================
DAG File Processing Stats

File Path                            PID    Runtime      # DAGs    # Errors  Last Runtime    Last Run               Last # of DB Queries
-----------------------------------  -----  ---------  --------  ----------  --------------  -------------------  ----------------------
/opt/airflow/dags/olist_pipeline.py                           1           0  0.90s           2026-07-22T03:35:45                      10
================================================================================
[2026-07-22T03:36:39.321+0000] {manager.py:997} INFO - 
================================================================================
DAG File Processing Stats

File Path                            PID    Runtime      # DAGs    # Errors  Last Runtime    Last Run               Last # of DB Queries
-----------------------------------  -----  ---------  --------  ----------  --------------  -------------------  ----------------------
/opt/airflow/dags/olist_pipeline.py                           1           0  0.87s           2026-07-22T03:36:17                      10
================================================================================
[2026-07-22T03:37:09.536+0000] {manager.py:997} INFO - 
================================================================================
DAG File Processing Stats

File Path                            PID    Runtime      # DAGs    # Errors  Last Runtime    Last Run               Last # of DB Queries
-----------------------------------  -----  ---------  --------  ----------  --------------  -------------------  ----------------------
/opt/airflow/dags/olist_pipeline.py                           1           0  0.88s           2026-07-22T03:36:48                      10
================================================================================
[2026-07-22T03:37:39.891+0000] {manager.py:997} INFO - 
================================================================================
DAG File Processing Stats

File Path                            PID    Runtime      # DAGs    # Errors  Last Runtime    Last Run               Last # of DB Queries
-----------------------------------  -----  ---------  --------  ----------  --------------  -------------------  ----------------------
/opt/airflow/dags/olist_pipeline.py                           1           0  0.98s           2026-07-22T03:37:19                      10
================================================================================
[2026-07-22T03:38:10.055+0000] {manager.py:997} INFO - 
================================================================================
DAG File Processing Stats

File Path                            PID    Runtime      # DAGs    # Errors  Last Runtime    Last Run               Last # of DB Queries
-----------------------------------  -----  ---------  --------  ----------  --------------  -------------------  ----------------------
/opt/airflow/dags/olist_pipeline.py                           1           0  0.86s           2026-07-22T03:37:50                      10
================================================================================
[2026-07-22T03:38:40.326+0000] {manager.py:997} INFO - 
================================================================================
DAG File Processing Stats

File Path                            PID    Runtime      # DAGs    # Errors  Last Runtime    Last Run               Last # of DB Queries
-----------------------------------  -----  ---------  --------  ----------  --------------  -------------------  ----------------------
/opt/airflow/dags/olist_pipeline.py                           1           0  0.94s           2026-07-22T03:38:22                      10
================================================================================
[2026-07-22T03:39:10.569+0000] {manager.py:997} INFO - 
================================================================================
DAG File Processing Stats

File Path                            PID    Runtime      # DAGs    # Errors  Last Runtime    Last Run               Last # of DB Queries
-----------------------------------  -----  ---------  --------  ----------  --------------  -------------------  ----------------------
/opt/airflow/dags/olist_pipeline.py                           1           0  0.91s           2026-07-22T03:38:53                      10
================================================================================
[2026-07-22T03:39:40.819+0000] {manager.py:997} INFO - 
================================================================================
DAG File Processing Stats

File Path                            PID    Runtime      # DAGs    # Errors  Last Runtime    Last Run               Last # of DB Queries
-----------------------------------  -----  ---------  --------  ----------  --------------  -------------------  ----------------------
/opt/airflow/dags/olist_pipeline.py                           1           0  0.92s           2026-07-22T03:39:24                      10
================================================================================
[2026-07-22T03:40:11.057+0000] {manager.py:997} INFO - 
================================================================================
DAG File Processing Stats

File Path                            PID    Runtime      # DAGs    # Errors  Last Runtime    Last Run               Last # of DB Queries
-----------------------------------  -----  ---------  --------  ----------  --------------  -------------------  ----------------------
/opt/airflow/dags/olist_pipeline.py                           1           0  0.96s           2026-07-22T03:39:55                      10
================================================================================
[2026-07-22T03:40:41.301+0000] {manager.py:997} INFO - 
================================================================================
DAG File Processing Stats

File Path                            PID    Runtime      # DAGs    # Errors  Last Runtime    Last Run               Last # of DB Queries
-----------------------------------  -----  ---------  --------  ----------  --------------  -------------------  ----------------------
/opt/airflow/dags/olist_pipeline.py                           1           0  0.94s           2026-07-22T03:40:27                      10
================================================================================
[2026-07-22T03:41:09.288+0000] {manager.py:821} INFO - Searching for files in /opt/airflow/dags
[2026-07-22T03:41:09.293+0000] {manager.py:824} INFO - There are 1 files in /opt/airflow/dags
[2026-07-22T03:41:11.322+0000] {manager.py:997} INFO - 
================================================================================
DAG File Processing Stats

File Path                            PID    Runtime      # DAGs    # Errors  Last Runtime    Last Run               Last # of DB Queries
-----------------------------------  -----  ---------  --------  ----------  --------------  -------------------  ----------------------
/opt/airflow/dags/olist_pipeline.py                           1           0  0.84s           2026-07-22T03:40:58                      10
================================================================================
[2026-07-22T03:41:41.624+0000] {manager.py:997} INFO - 
================================================================================
DAG File Processing Stats

File Path                            PID    Runtime      # DAGs    # Errors  Last Runtime    Last Run               Last # of DB Queries
-----------------------------------  -----  ---------  --------  ----------  --------------  -------------------  ----------------------
/opt/airflow/dags/olist_pipeline.py                           1           0  0.92s           2026-07-22T03:41:29                      10
================================================================================
[2026-07-22T03:42:11.842+0000] {manager.py:997} INFO - 
================================================================================
DAG File Processing Stats

File Path                            PID    Runtime      # DAGs    # Errors  Last Runtime    Last Run               Last # of DB Queries
-----------------------------------  -----  ---------  --------  ----------  --------------  -------------------  ----------------------
/opt/airflow/dags/olist_pipeline.py                           1           0  0.86s           2026-07-22T03:42:00                      10
================================================================================
[2026-07-22T03:42:42.048+0000] {manager.py:997} INFO - 
================================================================================
DAG File Processing Stats

File Path                            PID    Runtime      # DAGs    # Errors  Last Runtime    Last Run               Last # of DB Queries
-----------------------------------  -----  ---------  --------  ----------  --------------  -------------------  ----------------------
/opt/airflow/dags/olist_pipeline.py                           1           0  0.88s           2026-07-22T03:42:31                      10
================================================================================
[2026-07-22T03:43:12.223+0000] {manager.py:997} INFO - 
================================================================================
DAG File Processing Stats

File Path                            PID    Runtime      # DAGs    # Errors  Last Runtime    Last Run               Last # of DB Queries
-----------------------------------  -----  ---------  --------  ----------  --------------  -------------------  ----------------------
/opt/airflow/dags/olist_pipeline.py                           1           0  0.84s           2026-07-22T03:43:03                      10
================================================================================
[2026-07-22T03:43:42.440+0000] {manager.py:997} INFO - 
================================================================================
DAG File Processing Stats

File Path                            PID    Runtime      # DAGs    # Errors  Last Runtime    Last Run               Last # of DB Queries
-----------------------------------  -----  ---------  --------  ----------  --------------  -------------------  ----------------------
/opt/airflow/dags/olist_pipeline.py                           1           0  0.88s           2026-07-22T03:43:34                      10
================================================================================
[2026-07-22T03:44:12.580+0000] {manager.py:997} INFO - 
================================================================================
DAG File Processing Stats

File Path                            PID    Runtime      # DAGs    # Errors  Last Runtime    Last Run               Last # of DB Queries
-----------------------------------  -----  ---------  --------  ----------  --------------  -------------------  ----------------------
/opt/airflow/dags/olist_pipeline.py                           1           0  0.82s           2026-07-22T03:44:05                      10
================================================================================
[2026-07-22T03:44:42.645+0000] {manager.py:997} INFO - 
================================================================================
DAG File Processing Stats

File Path                            PID    Runtime      # DAGs    # Errors  Last Runtime    Last Run               Last # of DB Queries
-----------------------------------  -----  ---------  --------  ----------  --------------  -------------------  ----------------------
/opt/airflow/dags/olist_pipeline.py                           1           0  0.91s           2026-07-22T03:44:36                      10
================================================================================
[2026-07-22T03:45:12.953+0000] {manager.py:997} INFO - 
================================================================================
DAG File Processing Stats

File Path                            PID    Runtime      # DAGs    # Errors  Last Runtime    Last Run               Last # of DB Queries
-----------------------------------  -----  ---------  --------  ----------  --------------  -------------------  ----------------------
/opt/airflow/dags/olist_pipeline.py                           1           0  0.99s           2026-07-22T03:45:07                      10
================================================================================
[2026-07-22T03:45:43.136+0000] {manager.py:997} INFO - 
================================================================================
DAG File Processing Stats

File Path                            PID    Runtime      # DAGs    # Errors  Last Runtime    Last Run               Last # of DB Queries
-----------------------------------  -----  ---------  --------  ----------  --------------  -------------------  ----------------------
/opt/airflow/dags/olist_pipeline.py                           1           0  0.91s           2026-07-22T03:45:39                      10
================================================================================
[2026-07-22T03:46:09.383+0000] {manager.py:821} INFO - Searching for files in /opt/airflow/dags
[2026-07-22T03:46:09.387+0000] {manager.py:824} INFO - There are 1 files in /opt/airflow/dags
[2026-07-22T03:46:13.443+0000] {manager.py:997} INFO - 
================================================================================
DAG File Processing Stats

File Path                            PID    Runtime      # DAGs    # Errors  Last Runtime    Last Run               Last # of DB Queries
-----------------------------------  -----  ---------  --------  ----------  --------------  -------------------  ----------------------
/opt/airflow/dags/olist_pipeline.py                           1           0  1.00s           2026-07-22T03:46:10                      10
================================================================================
[2026-07-22T03:46:43.619+0000] {manager.py:997} INFO - 
================================================================================
DAG File Processing Stats

File Path                            PID    Runtime      # DAGs    # Errors  Last Runtime    Last Run               Last # of DB Queries
-----------------------------------  -----  ---------  --------  ----------  --------------  -------------------  ----------------------
/opt/airflow/dags/olist_pipeline.py                           1           0  0.91s           2026-07-22T03:46:41                      10
================================================================================
[2026-07-22T03:47:13.745+0000] {manager.py:997} INFO - 
================================================================================
DAG File Processing Stats

File Path                            PID    Runtime      # DAGs    # Errors  Last Runtime    Last Run               Last # of DB Queries
-----------------------------------  -----  ---------  --------  ----------  --------------  -------------------  ----------------------
/opt/airflow/dags/olist_pipeline.py                           1           0  0.84s           2026-07-22T03:47:12                      10
================================================================================
[2026-07-22T03:47:43.970+0000] {manager.py:997} INFO - 
================================================================================
DAG File Processing Stats

File Path                            PID    Runtime      # DAGs    # Errors  Last Runtime    Last Run               Last # of DB Queries
-----------------------------------  -----  ---------  --------  ----------  --------------  -------------------  ----------------------
/opt/airflow/dags/olist_pipeline.py                           1           0  0.91s           2026-07-22T03:47:43                      10
================================================================================
[2026-07-22T03:48:14.009+0000] {manager.py:997} INFO - 
================================================================================
DAG File Processing Stats

File Path                              PID  Runtime      # DAGs    # Errors  Last Runtime    Last Run               Last # of DB Queries
-----------------------------------  -----  ---------  --------  ----------  --------------  -------------------  ----------------------
/opt/airflow/dags/olist_pipeline.py   1115  0.01s             1           0  0.91s           2026-07-22T03:47:43                      10
================================================================================
[2026-07-22T03:48:44.234+0000] {manager.py:997} INFO - 
================================================================================
DAG File Processing Stats

File Path                            PID    Runtime      # DAGs    # Errors  Last Runtime    Last Run               Last # of DB Queries
-----------------------------------  -----  ---------  --------  ----------  --------------  -------------------  ----------------------
/opt/airflow/dags/olist_pipeline.py                           1           0  0.89s           2026-07-22T03:48:14                      10
================================================================================
[2026-07-22T03:49:14.459+0000] {manager.py:997} INFO - 
================================================================================
DAG File Processing Stats

File Path                            PID    Runtime      # DAGs    # Errors  Last Runtime    Last Run               Last # of DB Queries
-----------------------------------  -----  ---------  --------  ----------  --------------  -------------------  ----------------------
/opt/airflow/dags/olist_pipeline.py                           1           0  0.89s           2026-07-22T03:48:46                      10
================================================================================
[2026-07-22T03:49:44.704+0000] {manager.py:997} INFO - 
================================================================================
DAG File Processing Stats

File Path                            PID    Runtime      # DAGs    # Errors  Last Runtime    Last Run               Last # of DB Queries
-----------------------------------  -----  ---------  --------  ----------  --------------  -------------------  ----------------------
/opt/airflow/dags/olist_pipeline.py                           1           0  0.92s           2026-07-22T03:49:17                      10
================================================================================
[2026-07-22T03:50:14.951+0000] {manager.py:997} INFO - 
================================================================================
DAG File Processing Stats

File Path                            PID    Runtime      # DAGs    # Errors  Last Runtime    Last Run               Last # of DB Queries
-----------------------------------  -----  ---------  --------  ----------  --------------  -------------------  ----------------------
/opt/airflow/dags/olist_pipeline.py                           1           0  0.91s           2026-07-22T03:49:48                      10
================================================================================
[2026-07-22T03:50:45.112+0000] {manager.py:997} INFO - 
================================================================================
DAG File Processing Stats

File Path                            PID    Runtime      # DAGs    # Errors  Last Runtime    Last Run               Last # of DB Queries
-----------------------------------  -----  ---------  --------  ----------  --------------  -------------------  ----------------------
/opt/airflow/dags/olist_pipeline.py                           1           0  0.84s           2026-07-22T03:50:19                      10
================================================================================
[2026-07-22T03:51:09.815+0000] {manager.py:821} INFO - Searching for files in /opt/airflow/dags
[2026-07-22T03:51:09.823+0000] {manager.py:824} INFO - There are 1 files in /opt/airflow/dags
[2026-07-22T03:51:15.379+0000] {manager.py:997} INFO - 
================================================================================
DAG File Processing Stats

File Path                            PID    Runtime      # DAGs    # Errors  Last Runtime    Last Run               Last # of DB Queries
-----------------------------------  -----  ---------  --------  ----------  --------------  -------------------  ----------------------
/opt/airflow/dags/olist_pipeline.py                           1           0  0.95s           2026-07-22T03:50:51                      10
================================================================================
[2026-07-22T03:51:45.586+0000] {manager.py:997} INFO - 
================================================================================
DAG File Processing Stats

File Path                            PID    Runtime      # DAGs    # Errors  Last Runtime    Last Run               Last # of DB Queries
-----------------------------------  -----  ---------  --------  ----------  --------------  -------------------  ----------------------
/opt/airflow/dags/olist_pipeline.py                           1           0  0.86s           2026-07-22T03:51:22                      10
================================================================================
[2026-07-22T03:52:15.803+0000] {manager.py:997} INFO - 
================================================================================
DAG File Processing Stats

File Path                            PID    Runtime      # DAGs    # Errors  Last Runtime    Last Run               Last # of DB Queries
-----------------------------------  -----  ---------  --------  ----------  --------------  -------------------  ----------------------
/opt/airflow/dags/olist_pipeline.py                           1           0  0.89s           2026-07-22T03:51:53                      10
================================================================================
[2026-07-22T03:52:46.135+0000] {manager.py:997} INFO - 
================================================================================
DAG File Processing Stats

File Path                            PID    Runtime      # DAGs    # Errors  Last Runtime    Last Run               Last # of DB Queries
-----------------------------------  -----  ---------  --------  ----------  --------------  -------------------  ----------------------
/opt/airflow/dags/olist_pipeline.py                           1           0  0.83s           2026-07-22T03:52:24                      10
================================================================================
[2026-07-22T03:53:16.473+0000] {manager.py:997} INFO - 
================================================================================
DAG File Processing Stats

File Path                            PID    Runtime      # DAGs    # Errors  Last Runtime    Last Run               Last # of DB Queries
-----------------------------------  -----  ---------  --------  ----------  --------------  -------------------  ----------------------
/opt/airflow/dags/olist_pipeline.py                           1           0  0.87s           2026-07-22T03:52:55                      10
================================================================================
[2026-07-22T03:53:46.857+0000] {manager.py:997} INFO - 
================================================================================
DAG File Processing Stats

File Path                            PID    Runtime      # DAGs    # Errors  Last Runtime    Last Run               Last # of DB Queries
-----------------------------------  -----  ---------  --------  ----------  --------------  -------------------  ----------------------
/opt/airflow/dags/olist_pipeline.py                           1           0  0.86s           2026-07-22T03:53:26                      10
================================================================================
[2026-07-22T03:54:17.075+0000] {manager.py:997} INFO - 
================================================================================
DAG File Processing Stats

File Path                            PID    Runtime      # DAGs    # Errors  Last Runtime    Last Run               Last # of DB Queries
-----------------------------------  -----  ---------  --------  ----------  --------------  -------------------  ----------------------
/opt/airflow/dags/olist_pipeline.py                           1           0  0.90s           2026-07-22T03:53:57                      10
================================================================================
[2026-07-22T03:54:47.275+0000] {manager.py:997} INFO - 
================================================================================
DAG File Processing Stats

File Path                            PID    Runtime      # DAGs    # Errors  Last Runtime    Last Run               Last # of DB Queries
-----------------------------------  -----  ---------  --------  ----------  --------------  -------------------  ----------------------
/opt/airflow/dags/olist_pipeline.py                           1           0  0.88s           2026-07-22T03:54:29                      10
================================================================================
[2026-07-22T03:55:17.492+0000] {manager.py:997} INFO - 
================================================================================
DAG File Processing Stats

File Path                            PID    Runtime      # DAGs    # Errors  Last Runtime    Last Run               Last # of DB Queries
-----------------------------------  -----  ---------  --------  ----------  --------------  -------------------  ----------------------
/opt/airflow/dags/olist_pipeline.py                           1           0  0.91s           2026-07-22T03:55:00                      10
================================================================================
[2026-07-22T03:55:47.663+0000] {manager.py:997} INFO - 
================================================================================
DAG File Processing Stats

File Path                            PID    Runtime      # DAGs    # Errors  Last Runtime    Last Run               Last # of DB Queries
-----------------------------------  -----  ---------  --------  ----------  --------------  -------------------  ----------------------
/opt/airflow/dags/olist_pipeline.py                           1           0  0.86s           2026-07-22T03:55:31                      10
================================================================================
[2026-07-22T03:56:09.898+0000] {manager.py:821} INFO - Searching for files in /opt/airflow/dags
[2026-07-22T03:56:09.905+0000] {manager.py:824} INFO - There are 1 files in /opt/airflow/dags
[2026-07-22T03:56:18.012+0000] {manager.py:997} INFO - 
================================================================================
DAG File Processing Stats

File Path                            PID    Runtime      # DAGs    # Errors  Last Runtime    Last Run               Last # of DB Queries
-----------------------------------  -----  ---------  --------  ----------  --------------  -------------------  ----------------------
/opt/airflow/dags/olist_pipeline.py                           1           0  0.83s           2026-07-22T03:56:02                      10
================================================================================
[2026-07-22T03:56:48.299+0000] {manager.py:997} INFO - 
================================================================================
DAG File Processing Stats

File Path                            PID    Runtime      # DAGs    # Errors  Last Runtime    Last Run               Last # of DB Queries
-----------------------------------  -----  ---------  --------  ----------  --------------  -------------------  ----------------------
/opt/airflow/dags/olist_pipeline.py                           1           0  1.01s           2026-07-22T03:56:33                      10
================================================================================
[2026-07-22T03:57:18.563+0000] {manager.py:997} INFO - 
================================================================================
DAG File Processing Stats

File Path                            PID    Runtime      # DAGs    # Errors  Last Runtime    Last Run               Last # of DB Queries
-----------------------------------  -----  ---------  --------  ----------  --------------  -------------------  ----------------------
/opt/airflow/dags/olist_pipeline.py                           1           0  0.89s           2026-07-22T03:57:05                      10
================================================================================
[2026-07-22T03:57:48.818+0000] {manager.py:997} INFO - 
================================================================================
DAG File Processing Stats

File Path                            PID    Runtime      # DAGs    # Errors  Last Runtime    Last Run               Last # of DB Queries
-----------------------------------  -----  ---------  --------  ----------  --------------  -------------------  ----------------------
/opt/airflow/dags/olist_pipeline.py                           1           0  0.93s           2026-07-22T03:57:36                      10
================================================================================
[2026-07-22T03:58:19.129+0000] {manager.py:997} INFO - 
================================================================================
DAG File Processing Stats

File Path                            PID    Runtime      # DAGs    # Errors  Last Runtime    Last Run               Last # of DB Queries
-----------------------------------  -----  ---------  --------  ----------  --------------  -------------------  ----------------------
/opt/airflow/dags/olist_pipeline.py                           1           0  0.89s           2026-07-22T03:58:07                      10
================================================================================
[2026-07-22T03:58:49.447+0000] {manager.py:997} INFO - 
================================================================================
DAG File Processing Stats

File Path                            PID    Runtime      # DAGs    # Errors  Last Runtime    Last Run               Last # of DB Queries
-----------------------------------  -----  ---------  --------  ----------  --------------  -------------------  ----------------------
/opt/airflow/dags/olist_pipeline.py                           1           0  0.94s           2026-07-22T03:58:38                      10
================================================================================
[2026-07-22T03:59:19.767+0000] {manager.py:997} INFO - 
================================================================================
DAG File Processing Stats

File Path                            PID    Runtime      # DAGs    # Errors  Last Runtime    Last Run               Last # of DB Queries
-----------------------------------  -----  ---------  --------  ----------  --------------  -------------------  ----------------------
/opt/airflow/dags/olist_pipeline.py                           1           0  0.89s           2026-07-22T03:59:10                      10
================================================================================
[2026-07-22T03:59:50.100+0000] {manager.py:997} INFO - 
================================================================================
DAG File Processing Stats

File Path                            PID    Runtime      # DAGs    # Errors  Last Runtime    Last Run               Last # of DB Queries
-----------------------------------  -----  ---------  --------  ----------  --------------  -------------------  ----------------------
/opt/airflow/dags/olist_pipeline.py                           1           0  0.88s           2026-07-22T03:59:41                      10
================================================================================
[2026-07-22T04:00:20.420+0000] {manager.py:997} INFO - 
================================================================================
DAG File Processing Stats

File Path                            PID    Runtime      # DAGs    # Errors  Last Runtime    Last Run               Last # of DB Queries
-----------------------------------  -----  ---------  --------  ----------  --------------  -------------------  ----------------------
/opt/airflow/dags/olist_pipeline.py                           1           0  0.86s           2026-07-22T04:00:12                      10
================================================================================
[2026-07-22T04:00:50.642+0000] {manager.py:997} INFO - 
================================================================================
DAG File Processing Stats

File Path                            PID    Runtime      # DAGs    # Errors  Last Runtime    Last Run               Last # of DB Queries
-----------------------------------  -----  ---------  --------  ----------  --------------  -------------------  ----------------------
/opt/airflow/dags/olist_pipeline.py                           1           0  0.84s           2026-07-22T04:00:43                      10
================================================================================
[2026-07-22T04:01:10.153+0000] {manager.py:821} INFO - Searching for files in /opt/airflow/dags
[2026-07-22T04:01:10.162+0000] {manager.py:824} INFO - There are 1 files in /opt/airflow/dags
[2026-07-22T04:01:20.978+0000] {manager.py:997} INFO - 
================================================================================
DAG File Processing Stats

File Path                            PID    Runtime      # DAGs    # Errors  Last Runtime    Last Run               Last # of DB Queries
-----------------------------------  -----  ---------  --------  ----------  --------------  -------------------  ----------------------
/opt/airflow/dags/olist_pipeline.py                           1           0  0.98s           2026-07-22T04:01:14                      10
================================================================================
[2026-07-22T04:01:51.116+0000] {manager.py:997} INFO - 
================================================================================
DAG File Processing Stats

File Path                            PID    Runtime      # DAGs    # Errors  Last Runtime    Last Run               Last # of DB Queries
-----------------------------------  -----  ---------  --------  ----------  --------------  -------------------  ----------------------
/opt/airflow/dags/olist_pipeline.py                           1           0  0.82s           2026-07-22T04:01:46                      10
================================================================================
[2026-07-22T04:02:21.355+0000] {manager.py:997} INFO - 
================================================================================
DAG File Processing Stats

File Path                            PID    Runtime      # DAGs    # Errors  Last Runtime    Last Run               Last # of DB Queries
-----------------------------------  -----  ---------  --------  ----------  --------------  -------------------  ----------------------
/opt/airflow/dags/olist_pipeline.py                           1           0  0.92s           2026-07-22T04:02:17                      10
================================================================================
[2026-07-22T04:02:51.550+0000] {manager.py:997} INFO - 
================================================================================
DAG File Processing Stats

File Path                            PID    Runtime      # DAGs    # Errors  Last Runtime    Last Run               Last # of DB Queries
-----------------------------------  -----  ---------  --------  ----------  --------------  -------------------  ----------------------
/opt/airflow/dags/olist_pipeline.py                           1           0  0.88s           2026-07-22T04:02:48                      10
================================================================================
[2026-07-22T04:03:21.871+0000] {manager.py:997} INFO - 
================================================================================
DAG File Processing Stats

File Path                            PID    Runtime      # DAGs    # Errors  Last Runtime    Last Run               Last # of DB Queries
-----------------------------------  -----  ---------  --------  ----------  --------------  -------------------  ----------------------
/opt/airflow/dags/olist_pipeline.py                           1           0  0.97s           2026-07-22T04:03:19                      10
================================================================================
[2026-07-22T04:03:52.033+0000] {manager.py:997} INFO - 
================================================================================
DAG File Processing Stats

File Path                            PID    Runtime      # DAGs    # Errors  Last Runtime    Last Run               Last # of DB Queries
-----------------------------------  -----  ---------  --------  ----------  --------------  -------------------  ----------------------
/opt/airflow/dags/olist_pipeline.py                           1           0  0.84s           2026-07-22T04:03:51                      10
================================================================================
[2026-07-22T04:04:22.343+0000] {manager.py:997} INFO - 
================================================================================
DAG File Processing Stats

File Path                            PID    Runtime      # DAGs    # Errors  Last Runtime    Last Run               Last # of DB Queries
-----------------------------------  -----  ---------  --------  ----------  --------------  -------------------  ----------------------
/opt/airflow/dags/olist_pipeline.py                           1           0  0.90s           2026-07-22T04:04:21                      10
================================================================================
[2026-07-22T04:04:52.731+0000] {manager.py:997} INFO - 
================================================================================
DAG File Processing Stats

File Path                              PID  Runtime      # DAGs    # Errors  Last Runtime    Last Run               Last # of DB Queries
-----------------------------------  -----  ---------  --------  ----------  --------------  -------------------  ----------------------
/opt/airflow/dags/olist_pipeline.py   1307  0.46s             1           0  0.90s           2026-07-22T04:04:21                      10
================================================================================
[2026-07-22T04:05:23.037+0000] {manager.py:997} INFO - 
================================================================================
DAG File Processing Stats

File Path                            PID    Runtime      # DAGs    # Errors  Last Runtime    Last Run               Last # of DB Queries
-----------------------------------  -----  ---------  --------  ----------  --------------  -------------------  ----------------------
/opt/airflow/dags/olist_pipeline.py                           1           0  0.87s           2026-07-22T04:04:53                      10
================================================================================
[2026-07-22T04:05:53.351+0000] {manager.py:997} INFO - 
================================================================================
DAG File Processing Stats

File Path                            PID    Runtime      # DAGs    # Errors  Last Runtime    Last Run               Last # of DB Queries
-----------------------------------  -----  ---------  --------  ----------  --------------  -------------------  ----------------------
/opt/airflow/dags/olist_pipeline.py                           1           0  0.92s           2026-07-22T04:05:24                      10
================================================================================
[2026-07-22T04:06:10.412+0000] {manager.py:821} INFO - Searching for files in /opt/airflow/dags
[2026-07-22T04:06:10.420+0000] {manager.py:824} INFO - There are 1 files in /opt/airflow/dags
[2026-07-22T04:06:23.596+0000] {manager.py:997} INFO - 
================================================================================
DAG File Processing Stats

File Path                            PID    Runtime      # DAGs    # Errors  Last Runtime    Last Run               Last # of DB Queries
-----------------------------------  -----  ---------  --------  ----------  --------------  -------------------  ----------------------
/opt/airflow/dags/olist_pipeline.py                           1           0  0.91s           2026-07-22T04:05:55                      10
================================================================================
[2026-07-22T04:06:53.960+0000] {manager.py:997} INFO - 
================================================================================
DAG File Processing Stats

File Path                            PID    Runtime      # DAGs    # Errors  Last Runtime    Last Run               Last # of DB Queries
-----------------------------------  -----  ---------  --------  ----------  --------------  -------------------  ----------------------
/opt/airflow/dags/olist_pipeline.py                           1           0  1.04s           2026-07-22T04:06:26                      10
================================================================================
[2026-07-22T04:07:39.286+0000] {manager.py:483} INFO - Processing files using up to 2 processes at a time 
[2026-07-22T04:07:39.287+0000] {manager.py:484} INFO - Process each file at most once every 30 seconds
[2026-07-22T04:07:39.288+0000] {manager.py:485} INFO - Checking for new files in /opt/airflow/dags every 300 seconds
[2026-07-22T04:07:39.288+0000] {manager.py:821} INFO - Searching for files in /opt/airflow/dags
[2026-07-22T04:07:39.291+0000] {manager.py:824} INFO - There are 1 files in /opt/airflow/dags
[2026-07-22T04:07:39.340+0000] {manager.py:997} INFO - 
================================================================================
DAG File Processing Stats

File Path                              PID  Runtime      # DAGs    # Errors  Last Runtime    Last Run      Last # of DB Queries
-----------------------------------  -----  ---------  --------  ----------  --------------  ----------  ----------------------
/opt/airflow/dags/olist_pipeline.py    174  0.01s             0           0                                                   0
================================================================================
[2026-07-22T04:08:09.580+0000] {manager.py:997} INFO - 
================================================================================
DAG File Processing Stats

File Path                            PID    Runtime      # DAGs    # Errors  Last Runtime    Last Run               Last # of DB Queries
-----------------------------------  -----  ---------  --------  ----------  --------------  -------------------  ----------------------
/opt/airflow/dags/olist_pipeline.py                           1           0  2.09s           2026-07-22T04:07:41                      43
================================================================================
[2026-07-22T04:08:39.887+0000] {manager.py:997} INFO - 
================================================================================
DAG File Processing Stats

File Path                            PID    Runtime      # DAGs    # Errors  Last Runtime    Last Run               Last # of DB Queries
-----------------------------------  -----  ---------  --------  ----------  --------------  -------------------  ----------------------
/opt/airflow/dags/olist_pipeline.py                           1           0  1.12s           2026-07-22T04:08:12                      10
================================================================================
[2026-07-22T04:09:10.093+0000] {manager.py:997} INFO - 
================================================================================
DAG File Processing Stats

File Path                            PID    Runtime      # DAGs    # Errors  Last Runtime    Last Run               Last # of DB Queries
-----------------------------------  -----  ---------  --------  ----------  --------------  -------------------  ----------------------
/opt/airflow/dags/olist_pipeline.py                           1           0  0.85s           2026-07-22T04:08:43                      10
================================================================================
[2026-07-22T04:09:40.354+0000] {manager.py:997} INFO - 
================================================================================
DAG File Processing Stats

File Path                            PID    Runtime      # DAGs    # Errors  Last Runtime    Last Run               Last # of DB Queries
-----------------------------------  -----  ---------  --------  ----------  --------------  -------------------  ----------------------
/opt/airflow/dags/olist_pipeline.py                           1           0  0.97s           2026-07-22T04:09:15                      10
================================================================================
[2026-07-22T04:10:10.539+0000] {manager.py:997} INFO - 
================================================================================
DAG File Processing Stats

File Path                            PID    Runtime      # DAGs    # Errors  Last Runtime    Last Run               Last # of DB Queries
-----------------------------------  -----  ---------  --------  ----------  --------------  -------------------  ----------------------
/opt/airflow/dags/olist_pipeline.py                           1           0  0.88s           2026-07-22T04:09:46                      10
================================================================================
[2026-07-22T04:10:40.723+0000] {manager.py:997} INFO - 
================================================================================
DAG File Processing Stats

File Path                            PID    Runtime      # DAGs    # Errors  Last Runtime    Last Run               Last # of DB Queries
-----------------------------------  -----  ---------  --------  ----------  --------------  -------------------  ----------------------
/opt/airflow/dags/olist_pipeline.py                           1           0  0.87s           2026-07-22T04:10:17                      10
================================================================================
[2026-07-22T04:11:10.989+0000] {manager.py:997} INFO - 
================================================================================
DAG File Processing Stats

File Path                            PID    Runtime      # DAGs    # Errors  Last Runtime    Last Run               Last # of DB Queries
-----------------------------------  -----  ---------  --------  ----------  --------------  -------------------  ----------------------
/opt/airflow/dags/olist_pipeline.py                           1           0  0.93s           2026-07-22T04:10:48                      10
================================================================================
[2026-07-22T04:11:41.345+0000] {manager.py:997} INFO - 
================================================================================
DAG File Processing Stats

File Path                            PID    Runtime      # DAGs    # Errors  Last Runtime    Last Run               Last # of DB Queries
-----------------------------------  -----  ---------  --------  ----------  --------------  -------------------  ----------------------
/opt/airflow/dags/olist_pipeline.py                           1           0  1.12s           2026-07-22T04:11:20                      10
================================================================================
[2026-07-22T04:12:11.638+0000] {manager.py:997} INFO - 
================================================================================
DAG File Processing Stats

File Path                            PID    Runtime      # DAGs    # Errors  Last Runtime    Last Run               Last # of DB Queries
-----------------------------------  -----  ---------  --------  ----------  --------------  -------------------  ----------------------
/opt/airflow/dags/olist_pipeline.py                           1           0  0.95s           2026-07-22T04:11:51                      10
================================================================================
[2026-07-22T04:12:40.023+0000] {manager.py:821} INFO - Searching for files in /opt/airflow/dags
[2026-07-22T04:12:40.031+0000] {manager.py:824} INFO - There are 1 files in /opt/airflow/dags
[2026-07-22T04:12:42.074+0000] {manager.py:997} INFO - 
================================================================================
DAG File Processing Stats

File Path                            PID    Runtime      # DAGs    # Errors  Last Runtime    Last Run               Last # of DB Queries
-----------------------------------  -----  ---------  --------  ----------  --------------  -------------------  ----------------------
/opt/airflow/dags/olist_pipeline.py                           1           0  1.13s           2026-07-22T04:12:22                      10
================================================================================
[2026-07-22T04:13:12.353+0000] {manager.py:997} INFO - 
================================================================================
DAG File Processing Stats

File Path                            PID    Runtime      # DAGs    # Errors  Last Runtime    Last Run               Last # of DB Queries
-----------------------------------  -----  ---------  --------  ----------  --------------  -------------------  ----------------------
/opt/airflow/dags/olist_pipeline.py                           1           0  1.02s           2026-07-22T04:12:54                      10
================================================================================
[2026-07-22T04:13:42.628+0000] {manager.py:997} INFO - 
================================================================================
DAG File Processing Stats

File Path                            PID    Runtime      # DAGs    # Errors  Last Runtime    Last Run               Last # of DB Queries
-----------------------------------  -----  ---------  --------  ----------  --------------  -------------------  ----------------------
/opt/airflow/dags/olist_pipeline.py                           1           0  1.16s           2026-07-22T04:13:25                      10
================================================================================
[2026-07-22T04:14:13.010+0000] {manager.py:997} INFO - 
================================================================================
DAG File Processing Stats

File Path                            PID    Runtime      # DAGs    # Errors  Last Runtime    Last Run               Last # of DB Queries
-----------------------------------  -----  ---------  --------  ----------  --------------  -------------------  ----------------------
/opt/airflow/dags/olist_pipeline.py                           1           0  1.01s           2026-07-22T04:13:56                      10
================================================================================
[2026-07-22T04:14:43.285+0000] {manager.py:997} INFO - 
================================================================================
DAG File Processing Stats

File Path                            PID    Runtime      # DAGs    # Errors  Last Runtime    Last Run               Last # of DB Queries
-----------------------------------  -----  ---------  --------  ----------  --------------  -------------------  ----------------------
/opt/airflow/dags/olist_pipeline.py                           1           0  0.93s           2026-07-22T04:14:28                      10
================================================================================
[2026-07-22T04:15:13.454+0000] {manager.py:997} INFO - 
================================================================================
DAG File Processing Stats

File Path                            PID    Runtime      # DAGs    # Errors  Last Runtime    Last Run               Last # of DB Queries
-----------------------------------  -----  ---------  --------  ----------  --------------  -------------------  ----------------------
/opt/airflow/dags/olist_pipeline.py                           1           0  0.87s           2026-07-22T04:14:59                      10
================================================================================
[2026-07-22T04:15:43.746+0000] {manager.py:997} INFO - 
================================================================================
DAG File Processing Stats

File Path                            PID    Runtime      # DAGs    # Errors  Last Runtime    Last Run               Last # of DB Queries
-----------------------------------  -----  ---------  --------  ----------  --------------  -------------------  ----------------------
/opt/airflow/dags/olist_pipeline.py                           1           0  0.99s           2026-07-22T04:15:30                      10
================================================================================
[2026-07-22T04:16:13.982+0000] {manager.py:997} INFO - 
================================================================================
DAG File Processing Stats

File Path                            PID    Runtime      # DAGs    # Errors  Last Runtime    Last Run               Last # of DB Queries
-----------------------------------  -----  ---------  --------  ----------  --------------  -------------------  ----------------------
/opt/airflow/dags/olist_pipeline.py                           1           0  0.91s           2026-07-22T04:16:01                      10
================================================================================
[2026-07-22T04:16:44.298+0000] {manager.py:997} INFO - 
================================================================================
DAG File Processing Stats

File Path                            PID    Runtime      # DAGs    # Errors  Last Runtime    Last Run               Last # of DB Queries
-----------------------------------  -----  ---------  --------  ----------  --------------  -------------------  ----------------------
/opt/airflow/dags/olist_pipeline.py                           1           0  1.10s           2026-07-22T04:16:33                      10
================================================================================
[2026-07-22T04:17:14.489+0000] {manager.py:997} INFO - 
================================================================================
DAG File Processing Stats

File Path                            PID    Runtime      # DAGs    # Errors  Last Runtime    Last Run               Last # of DB Queries
-----------------------------------  -----  ---------  --------  ----------  --------------  -------------------  ----------------------
/opt/airflow/dags/olist_pipeline.py                           1           0  0.92s           2026-07-22T04:17:04                      10
================================================================================
[2026-07-22T04:17:40.765+0000] {manager.py:821} INFO - Searching for files in /opt/airflow/dags
[2026-07-22T04:17:40.773+0000] {manager.py:824} INFO - There are 1 files in /opt/airflow/dags
[2026-07-22T04:17:44.835+0000] {manager.py:997} INFO - 
================================================================================
DAG File Processing Stats

File Path                            PID    Runtime      # DAGs    # Errors  Last Runtime    Last Run               Last # of DB Queries
-----------------------------------  -----  ---------  --------  ----------  --------------  -------------------  ----------------------
/opt/airflow/dags/olist_pipeline.py                           1           0  1.12s           2026-07-22T04:17:35                      10
================================================================================
[2026-07-22T04:18:15.079+0000] {manager.py:997} INFO - 
================================================================================
DAG File Processing Stats

File Path                            PID    Runtime      # DAGs    # Errors  Last Runtime    Last Run               Last # of DB Queries
-----------------------------------  -----  ---------  --------  ----------  --------------  -------------------  ----------------------
/opt/airflow/dags/olist_pipeline.py                           1           0  0.91s           2026-07-22T04:18:06                      10
================================================================================
[2026-07-22T04:18:45.266+0000] {manager.py:997} INFO - 
================================================================================
DAG File Processing Stats

File Path                            PID    Runtime      # DAGs    # Errors  Last Runtime    Last Run               Last # of DB Queries
-----------------------------------  -----  ---------  --------  ----------  --------------  -------------------  ----------------------
/opt/airflow/dags/olist_pipeline.py                           1           0  0.87s           2026-07-22T04:18:38                      10
================================================================================
[2026-07-22T04:19:15.416+0000] {manager.py:997} INFO - 
================================================================================
DAG File Processing Stats

File Path                            PID    Runtime      # DAGs    # Errors  Last Runtime    Last Run               Last # of DB Queries
-----------------------------------  -----  ---------  --------  ----------  --------------  -------------------  ----------------------
/opt/airflow/dags/olist_pipeline.py                           1           0  0.89s           2026-07-22T04:19:09                      10
================================================================================
[2026-07-22T04:19:45.572+0000] {manager.py:997} INFO - 
================================================================================
DAG File Processing Stats

File Path                            PID    Runtime      # DAGs    # Errors  Last Runtime    Last Run               Last # of DB Queries
-----------------------------------  -----  ---------  --------  ----------  --------------  -------------------  ----------------------
/opt/airflow/dags/olist_pipeline.py                           1           0  0.84s           2026-07-22T04:19:40                      10
================================================================================
[2026-07-22T04:20:15.869+0000] {manager.py:997} INFO - 
================================================================================
DAG File Processing Stats

File Path                            PID    Runtime      # DAGs    # Errors  Last Runtime    Last Run               Last # of DB Queries
-----------------------------------  -----  ---------  --------  ----------  --------------  -------------------  ----------------------
/opt/airflow/dags/olist_pipeline.py                           1           0  0.96s           2026-07-22T04:20:11                      10
================================================================================
[2026-07-22T04:20:46.145+0000] {manager.py:997} INFO - 
================================================================================
DAG File Processing Stats

File Path                            PID    Runtime      # DAGs    # Errors  Last Runtime    Last Run               Last # of DB Queries
-----------------------------------  -----  ---------  --------  ----------  --------------  -------------------  ----------------------
/opt/airflow/dags/olist_pipeline.py                           1           0  0.93s           2026-07-22T04:20:43                      10
================================================================================
[2026-07-22T04:21:16.333+0000] {manager.py:997} INFO - 
================================================================================
DAG File Processing Stats

File Path                            PID    Runtime      # DAGs    # Errors  Last Runtime    Last Run               Last # of DB Queries
-----------------------------------  -----  ---------  --------  ----------  --------------  -------------------  ----------------------
/opt/airflow/dags/olist_pipeline.py                           1           0  0.90s           2026-07-22T04:21:14                      10
================================================================================
[2026-07-22T04:21:46.339+0000] {manager.py:997} INFO - 
================================================================================
DAG File Processing Stats

File Path                            PID    Runtime      # DAGs    # Errors  Last Runtime    Last Run               Last # of DB Queries
-----------------------------------  -----  ---------  --------  ----------  --------------  -------------------  ----------------------
/opt/airflow/dags/olist_pipeline.py                           1           0  0.98s           2026-07-22T04:21:45                      10
================================================================================
[2026-07-22T04:22:16.541+0000] {manager.py:997} INFO - 
================================================================================
DAG File Processing Stats

File Path                            PID    Runtime      # DAGs    # Errors  Last Runtime    Last Run               Last # of DB Queries
-----------------------------------  -----  ---------  --------  ----------  --------------  -------------------  ----------------------
/opt/airflow/dags/olist_pipeline.py                           1           0  0.89s           2026-07-22T04:22:16                      10
================================================================================
[2026-07-22T04:22:40.804+0000] {manager.py:821} INFO - Searching for files in /opt/airflow/dags
[2026-07-22T04:22:40.811+0000] {manager.py:824} INFO - There are 1 files in /opt/airflow/dags
[2026-07-22T04:22:46.880+0000] {manager.py:997} INFO - 
================================================================================
DAG File Processing Stats

File Path                              PID  Runtime      # DAGs    # Errors  Last Runtime    Last Run               Last # of DB Queries
-----------------------------------  -----  ---------  --------  ----------  --------------  -------------------  ----------------------
/opt/airflow/dags/olist_pipeline.py    580  0.01s             1           0  0.89s           2026-07-22T04:22:16                      10
================================================================================
[2026-07-22T04:23:17.176+0000] {manager.py:997} INFO - 
================================================================================
DAG File Processing Stats

File Path                            PID    Runtime      # DAGs    # Errors  Last Runtime    Last Run               Last # of DB Queries
-----------------------------------  -----  ---------  --------  ----------  --------------  -------------------  ----------------------
/opt/airflow/dags/olist_pipeline.py                           1           0  0.95s           2026-07-22T04:22:47                      10
================================================================================
[2026-07-22T04:23:47.521+0000] {manager.py:997} INFO - 
================================================================================
DAG File Processing Stats

File Path                            PID    Runtime      # DAGs    # Errors  Last Runtime    Last Run               Last # of DB Queries
-----------------------------------  -----  ---------  --------  ----------  --------------  -------------------  ----------------------
/opt/airflow/dags/olist_pipeline.py                           1           0  1.05s           2026-07-22T04:23:19                      10
================================================================================
[2026-07-22T04:24:17.764+0000] {manager.py:997} INFO - 
================================================================================
DAG File Processing Stats

File Path                            PID    Runtime      # DAGs    # Errors  Last Runtime    Last Run               Last # of DB Queries
-----------------------------------  -----  ---------  --------  ----------  --------------  -------------------  ----------------------
/opt/airflow/dags/olist_pipeline.py                           1           0  0.86s           2026-07-22T04:23:50                      10
================================================================================
[2026-07-22T04:24:48.064+0000] {manager.py:997} INFO - 
================================================================================
DAG File Processing Stats

File Path                            PID    Runtime      # DAGs    # Errors  Last Runtime    Last Run               Last # of DB Queries
-----------------------------------  -----  ---------  --------  ----------  --------------  -------------------  ----------------------
/opt/airflow/dags/olist_pipeline.py                           1           0  0.96s           2026-07-22T04:24:30                      10
================================================================================
[2026-07-22T04:25:18.341+0000] {manager.py:997} INFO - 
================================================================================
DAG File Processing Stats

File Path                            PID    Runtime      # DAGs    # Errors  Last Runtime    Last Run               Last # of DB Queries
-----------------------------------  -----  ---------  --------  ----------  --------------  -------------------  ----------------------
/opt/airflow/dags/olist_pipeline.py                           1           0  0.94s           2026-07-22T04:25:02                      10
================================================================================
[2026-07-22T04:25:48.681+0000] {manager.py:997} INFO - 
================================================================================
DAG File Processing Stats

File Path                            PID    Runtime      # DAGs    # Errors  Last Runtime    Last Run               Last # of DB Queries
-----------------------------------  -----  ---------  --------  ----------  --------------  -------------------  ----------------------
/opt/airflow/dags/olist_pipeline.py                           1           0  1.03s           2026-07-22T04:25:33                      10
================================================================================
[2026-07-22T04:26:18.996+0000] {manager.py:997} INFO - 
================================================================================
DAG File Processing Stats

File Path                            PID    Runtime      # DAGs    # Errors  Last Runtime    Last Run               Last # of DB Queries
-----------------------------------  -----  ---------  --------  ----------  --------------  -------------------  ----------------------
/opt/airflow/dags/olist_pipeline.py                           1           0  0.98s           2026-07-22T04:26:04                      10
================================================================================
[2026-07-22T04:26:49.249+0000] {manager.py:997} INFO - 
================================================================================
DAG File Processing Stats

File Path                            PID    Runtime      # DAGs    # Errors  Last Runtime    Last Run               Last # of DB Queries
-----------------------------------  -----  ---------  --------  ----------  --------------  -------------------  ----------------------
/opt/airflow/dags/olist_pipeline.py                           1           0  0.88s           2026-07-22T04:26:36                      10
================================================================================
[2026-07-22T04:27:19.636+0000] {manager.py:997} INFO - 
================================================================================
DAG File Processing Stats

File Path                            PID    Runtime      # DAGs    # Errors  Last Runtime    Last Run               Last # of DB Queries
-----------------------------------  -----  ---------  --------  ----------  --------------  -------------------  ----------------------
/opt/airflow/dags/olist_pipeline.py                           1           0  1.10s           2026-07-22T04:27:07                      10
================================================================================
[2026-07-22T04:27:40.845+0000] {manager.py:821} INFO - Searching for files in /opt/airflow/dags
[2026-07-22T04:27:40.853+0000] {manager.py:824} INFO - There are 1 files in /opt/airflow/dags
[2026-07-22T04:27:49.770+0000] {manager.py:997} INFO - 
================================================================================
DAG File Processing Stats

File Path                            PID    Runtime      # DAGs    # Errors  Last Runtime    Last Run               Last # of DB Queries
-----------------------------------  -----  ---------  --------  ----------  --------------  -------------------  ----------------------
/opt/airflow/dags/olist_pipeline.py                           1           0  0.83s           2026-07-22T04:27:38                      10
================================================================================
[2026-07-22T04:28:20.062+0000] {manager.py:997} INFO - 
================================================================================
DAG File Processing Stats

File Path                            PID    Runtime      # DAGs    # Errors  Last Runtime    Last Run               Last # of DB Queries
-----------------------------------  -----  ---------  --------  ----------  --------------  -------------------  ----------------------
/opt/airflow/dags/olist_pipeline.py                           1           0  0.91s           2026-07-22T04:28:09                      10
================================================================================
[2026-07-22T04:28:50.358+0000] {manager.py:997} INFO - 
================================================================================
DAG File Processing Stats

File Path                            PID    Runtime      # DAGs    # Errors  Last Runtime    Last Run               Last # of DB Queries
-----------------------------------  -----  ---------  --------  ----------  --------------  -------------------  ----------------------
/opt/airflow/dags/olist_pipeline.py                           1           0  0.99s           2026-07-22T04:28:41                      10
================================================================================
[2026-07-22T04:29:20.508+0000] {manager.py:997} INFO - 
================================================================================
DAG File Processing Stats

File Path                            PID    Runtime      # DAGs    # Errors  Last Runtime    Last Run               Last # of DB Queries
-----------------------------------  -----  ---------  --------  ----------  --------------  -------------------  ----------------------
/opt/airflow/dags/olist_pipeline.py                           1           0  0.84s           2026-07-22T04:29:12                      10
================================================================================
[2026-07-22T04:29:50.712+0000] {manager.py:997} INFO - 
================================================================================
DAG File Processing Stats

File Path                            PID    Runtime      # DAGs    # Errors  Last Runtime    Last Run               Last # of DB Queries
-----------------------------------  -----  ---------  --------  ----------  --------------  -------------------  ----------------------
/opt/airflow/dags/olist_pipeline.py                           1           0  0.83s           2026-07-22T04:29:43                      10
================================================================================
[2026-07-22T04:30:20.872+0000] {manager.py:997} INFO - 
================================================================================
DAG File Processing Stats

File Path                            PID    Runtime      # DAGs    # Errors  Last Runtime    Last Run               Last # of DB Queries
-----------------------------------  -----  ---------  --------  ----------  --------------  -------------------  ----------------------
/opt/airflow/dags/olist_pipeline.py                           1           0  0.84s           2026-07-22T04:30:14                      10
================================================================================
[2026-07-22T04:30:51.043+0000] {manager.py:997} INFO - 
================================================================================
DAG File Processing Stats

File Path                            PID    Runtime      # DAGs    # Errors  Last Runtime    Last Run               Last # of DB Queries
-----------------------------------  -----  ---------  --------  ----------  --------------  -------------------  ----------------------
/opt/airflow/dags/olist_pipeline.py                           1           0  0.82s           2026-07-22T04:30:45                      10
================================================================================
[2026-07-22T04:31:21.256+0000] {manager.py:997} INFO - 
================================================================================
DAG File Processing Stats

File Path                            PID    Runtime      # DAGs    # Errors  Last Runtime    Last Run               Last # of DB Queries
-----------------------------------  -----  ---------  --------  ----------  --------------  -------------------  ----------------------
/opt/airflow/dags/olist_pipeline.py                           1           0  0.85s           2026-07-22T04:31:17                      10
================================================================================
[2026-07-22T04:31:51.513+0000] {manager.py:997} INFO - 
================================================================================
DAG File Processing Stats

File Path                            PID    Runtime      # DAGs    # Errors  Last Runtime    Last Run               Last # of DB Queries
-----------------------------------  -----  ---------  --------  ----------  --------------  -------------------  ----------------------
/opt/airflow/dags/olist_pipeline.py                           1           0  0.95s           2026-07-22T04:31:48                      10
================================================================================
[2026-07-22T04:32:21.685+0000] {manager.py:997} INFO - 
================================================================================
DAG File Processing Stats

File Path                            PID    Runtime      # DAGs    # Errors  Last Runtime    Last Run               Last # of DB Queries
-----------------------------------  -----  ---------  --------  ----------  --------------  -------------------  ----------------------
/opt/airflow/dags/olist_pipeline.py                           1           0  0.85s           2026-07-22T04:32:19                      10
================================================================================
[2026-07-22T04:32:40.895+0000] {manager.py:821} INFO - Searching for files in /opt/airflow/dags
[2026-07-22T04:32:40.902+0000] {manager.py:824} INFO - There are 1 files in /opt/airflow/dags
[2026-07-22T04:32:51.862+0000] {manager.py:997} INFO - 
================================================================================
DAG File Processing Stats

File Path                            PID    Runtime      # DAGs    # Errors  Last Runtime    Last Run               Last # of DB Queries
-----------------------------------  -----  ---------  --------  ----------  --------------  -------------------  ----------------------
/opt/airflow/dags/olist_pipeline.py                           1           0  0.84s           2026-07-22T04:32:50                      10
================================================================================
[2026-07-22T04:33:22.222+0000] {manager.py:997} INFO - 
================================================================================
DAG File Processing Stats

File Path                            PID    Runtime      # DAGs    # Errors  Last Runtime    Last Run               Last # of DB Queries
-----------------------------------  -----  ---------  --------  ----------  --------------  -------------------  ----------------------
/opt/airflow/dags/olist_pipeline.py                           1           0  0.82s           2026-07-22T04:33:21                      10
================================================================================
[2026-07-22T04:33:52.532+0000] {manager.py:997} INFO - 
================================================================================
DAG File Processing Stats

File Path                              PID  Runtime      # DAGs    # Errors  Last Runtime    Last Run               Last # of DB Queries
-----------------------------------  -----  ---------  --------  ----------  --------------  -------------------  ----------------------
/opt/airflow/dags/olist_pipeline.py    843  0.50s             1           0  0.82s           2026-07-22T04:33:21                      10
================================================================================
[2026-07-22T04:34:22.859+0000] {manager.py:997} INFO - 
================================================================================
DAG File Processing Stats

File Path                            PID    Runtime      # DAGs    # Errors  Last Runtime    Last Run               Last # of DB Queries
-----------------------------------  -----  ---------  --------  ----------  --------------  -------------------  ----------------------
/opt/airflow/dags/olist_pipeline.py                           1           0  0.92s           2026-07-22T04:33:52                      10
================================================================================
[2026-07-22T04:34:53.204+0000] {manager.py:997} INFO - 
================================================================================
DAG File Processing Stats

File Path                            PID    Runtime      # DAGs    # Errors  Last Runtime    Last Run               Last # of DB Queries
-----------------------------------  -----  ---------  --------  ----------  --------------  -------------------  ----------------------
/opt/airflow/dags/olist_pipeline.py                           1           0  0.85s           2026-07-22T04:34:24                      10
================================================================================
[2026-07-22T04:35:23.372+0000] {manager.py:997} INFO - 
================================================================================
DAG File Processing Stats

File Path                            PID    Runtime      # DAGs    # Errors  Last Runtime    Last Run               Last # of DB Queries
-----------------------------------  -----  ---------  --------  ----------  --------------  -------------------  ----------------------
/opt/airflow/dags/olist_pipeline.py                           1           0  0.82s           2026-07-22T04:34:55                      10
================================================================================
[2026-07-22T04:35:53.520+0000] {manager.py:997} INFO - 
================================================================================
DAG File Processing Stats

File Path                            PID    Runtime      # DAGs    # Errors  Last Runtime    Last Run               Last # of DB Queries
-----------------------------------  -----  ---------  --------  ----------  --------------  -------------------  ----------------------
/opt/airflow/dags/olist_pipeline.py                           1           0  0.81s           2026-07-22T04:35:26                      10
================================================================================
[2026-07-22T04:36:23.674+0000] {manager.py:997} INFO - 
================================================================================
DAG File Processing Stats

File Path                            PID    Runtime      # DAGs    # Errors  Last Runtime    Last Run               Last # of DB Queries
-----------------------------------  -----  ---------  --------  ----------  --------------  -------------------  ----------------------
/opt/airflow/dags/olist_pipeline.py                           1           0  0.84s           2026-07-22T04:35:57                      10
================================================================================
[2026-07-22T04:36:53.819+0000] {manager.py:997} INFO - 
================================================================================
DAG File Processing Stats

File Path                            PID    Runtime      # DAGs    # Errors  Last Runtime    Last Run               Last # of DB Queries
-----------------------------------  -----  ---------  --------  ----------  --------------  -------------------  ----------------------
/opt/airflow/dags/olist_pipeline.py                           1           0  0.84s           2026-07-22T04:36:28                      10
================================================================================
[2026-07-22T04:37:23.830+0000] {manager.py:997} INFO - 
================================================================================
DAG File Processing Stats

File Path                            PID    Runtime      # DAGs    # Errors  Last Runtime    Last Run               Last # of DB Queries
-----------------------------------  -----  ---------  --------  ----------  --------------  -------------------  ----------------------
/opt/airflow/dags/olist_pipeline.py                           1           0  0.82s           2026-07-22T04:36:59                      10
================================================================================
[2026-07-22T04:37:40.913+0000] {manager.py:821} INFO - Searching for files in /opt/airflow/dags
[2026-07-22T04:37:40.921+0000] {manager.py:824} INFO - There are 1 files in /opt/airflow/dags
[2026-07-22T04:37:54.129+0000] {manager.py:997} INFO - 
================================================================================
DAG File Processing Stats

File Path                            PID    Runtime      # DAGs    # Errors  Last Runtime    Last Run               Last # of DB Queries
-----------------------------------  -----  ---------  --------  ----------  --------------  -------------------  ----------------------
/opt/airflow/dags/olist_pipeline.py                           1           0  0.85s           2026-07-22T04:37:30                      10
================================================================================
[2026-07-22T04:38:24.377+0000] {manager.py:997} INFO - 
================================================================================
DAG File Processing Stats

File Path                            PID    Runtime      # DAGs    # Errors  Last Runtime    Last Run               Last # of DB Queries
-----------------------------------  -----  ---------  --------  ----------  --------------  -------------------  ----------------------
/opt/airflow/dags/olist_pipeline.py                           1           0  0.83s           2026-07-22T04:38:02                      10
================================================================================
[2026-07-22T04:38:54.739+0000] {manager.py:997} INFO - 
================================================================================
DAG File Processing Stats

File Path                            PID    Runtime      # DAGs    # Errors  Last Runtime    Last Run               Last # of DB Queries
-----------------------------------  -----  ---------  --------  ----------  --------------  -------------------  ----------------------
/opt/airflow/dags/olist_pipeline.py                           1           0  0.83s           2026-07-22T04:38:32                      10
================================================================================
[2026-07-22T04:39:25.049+0000] {manager.py:997} INFO - 
================================================================================
DAG File Processing Stats

File Path                            PID    Runtime      # DAGs    # Errors  Last Runtime    Last Run               Last # of DB Queries
-----------------------------------  -----  ---------  --------  ----------  --------------  -------------------  ----------------------
/opt/airflow/dags/olist_pipeline.py                           1           0  0.81s           2026-07-22T04:39:04                      10
================================================================================
[2026-07-22T04:39:55.246+0000] {manager.py:997} INFO - 
================================================================================
DAG File Processing Stats

File Path                            PID    Runtime      # DAGs    # Errors  Last Runtime    Last Run               Last # of DB Queries
-----------------------------------  -----  ---------  --------  ----------  --------------  -------------------  ----------------------
/opt/airflow/dags/olist_pipeline.py                           1           0  0.86s           2026-07-22T04:39:35                      10
================================================================================
[2026-07-22T04:40:25.508+0000] {manager.py:997} INFO - 
================================================================================
DAG File Processing Stats

File Path                            PID    Runtime      # DAGs    # Errors  Last Runtime    Last Run               Last # of DB Queries
-----------------------------------  -----  ---------  --------  ----------  --------------  -------------------  ----------------------
/opt/airflow/dags/olist_pipeline.py                           1           0  0.84s           2026-07-22T04:40:06                      10
================================================================================
[2026-07-22T04:40:55.846+0000] {manager.py:997} INFO - 
================================================================================
DAG File Processing Stats

File Path                            PID    Runtime      # DAGs    # Errors  Last Runtime    Last Run               Last # of DB Queries
-----------------------------------  -----  ---------  --------  ----------  --------------  -------------------  ----------------------
/opt/airflow/dags/olist_pipeline.py                           1           0  0.83s           2026-07-22T04:40:37                      10
================================================================================
[2026-07-22T04:41:26.179+0000] {manager.py:997} INFO - 
================================================================================
DAG File Processing Stats

File Path                            PID    Runtime      # DAGs    # Errors  Last Runtime    Last Run               Last # of DB Queries
-----------------------------------  -----  ---------  --------  ----------  --------------  -------------------  ----------------------
/opt/airflow/dags/olist_pipeline.py                           1           0  0.81s           2026-07-22T04:41:08                      10
================================================================================
[2026-07-22T04:41:56.421+0000] {manager.py:997} INFO - 
================================================================================
DAG File Processing Stats

File Path                            PID    Runtime      # DAGs    # Errors  Last Runtime    Last Run               Last # of DB Queries
-----------------------------------  -----  ---------  --------  ----------  --------------  -------------------  ----------------------
/opt/airflow/dags/olist_pipeline.py                           1           0  0.83s           2026-07-22T04:41:39                      10
================================================================================
[2026-07-22T04:43:16.004+0000] {manager.py:821} INFO - Searching for files in /opt/airflow/dags
[2026-07-22T04:43:16.012+0000] {manager.py:824} INFO - There are 1 files in /opt/airflow/dags
[2026-07-22T04:43:22.098+0000] {manager.py:997} INFO - 
================================================================================
DAG File Processing Stats

File Path                            PID    Runtime      # DAGs    # Errors  Last Runtime    Last Run               Last # of DB Queries
-----------------------------------  -----  ---------  --------  ----------  --------------  -------------------  ----------------------
/opt/airflow/dags/olist_pipeline.py                           1           0  1.08s           2026-07-22T04:43:17                      10
================================================================================
[2026-07-22T06:06:12.252+0000] {manager.py:821} INFO - Searching for files in /opt/airflow/dags
[2026-07-22T06:06:12.259+0000] {manager.py:824} INFO - There are 1 files in /opt/airflow/dags
[2026-07-22T06:06:18.373+0000] {manager.py:997} INFO - 
================================================================================
DAG File Processing Stats

File Path                            PID    Runtime      # DAGs    # Errors  Last Runtime    Last Run               Last # of DB Queries
-----------------------------------  -----  ---------  --------  ----------  --------------  -------------------  ----------------------
/opt/airflow/dags/olist_pipeline.py                           1           0  1.12s           2026-07-22T06:06:13                      10
================================================================================
[2026-07-22T06:06:48.691+0000] {manager.py:997} INFO - 
================================================================================
DAG File Processing Stats

File Path                            PID    Runtime      # DAGs    # Errors  Last Runtime    Last Run               Last # of DB Queries
-----------------------------------  -----  ---------  --------  ----------  --------------  -------------------  ----------------------
/opt/airflow/dags/olist_pipeline.py                           1           0  0.95s           2026-07-22T06:06:44                      10
================================================================================
[2026-07-22T06:44:39.945+0000] {manager.py:821} INFO - Searching for files in /opt/airflow/dags
[2026-07-22T06:44:39.951+0000] {manager.py:824} INFO - There are 1 files in /opt/airflow/dags
[2026-07-22T06:44:46.879+0000] {manager.py:997} INFO - 
================================================================================
DAG File Processing Stats

File Path                            PID    Runtime      # DAGs    # Errors  Last Runtime    Last Run               Last # of DB Queries
-----------------------------------  -----  ---------  --------  ----------  --------------  -------------------  ----------------------
/opt/airflow/dags/olist_pipeline.py                           1           0  0.84s           2026-07-22T06:44:40                      10
================================================================================
[2026-07-22T07:00:29.676+0000] {manager.py:821} INFO - Searching for files in /opt/airflow/dags
[2026-07-22T07:00:29.682+0000] {manager.py:824} INFO - There are 1 files in /opt/airflow/dags
[2026-07-22T07:00:36.600+0000] {manager.py:997} INFO - 
================================================================================
DAG File Processing Stats

File Path                            PID    Runtime      # DAGs    # Errors  Last Runtime    Last Run               Last # of DB Queries
-----------------------------------  -----  ---------  --------  ----------  --------------  -------------------  ----------------------
/opt/airflow/dags/olist_pipeline.py                           1           0  0.84s           2026-07-22T07:00:30                      10
================================================================================
[2026-07-22T07:45:39.132+0000] {manager.py:821} INFO - Searching for files in /opt/airflow/dags
[2026-07-22T07:45:39.138+0000] {manager.py:824} INFO - There are 1 files in /opt/airflow/dags
[2026-07-22T07:45:46.074+0000] {manager.py:997} INFO - 
================================================================================
DAG File Processing Stats

File Path                            PID    Runtime      # DAGs    # Errors  Last Runtime    Last Run               Last # of DB Queries
-----------------------------------  -----  ---------  --------  ----------  --------------  -------------------  ----------------------
/opt/airflow/dags/olist_pipeline.py                           1           0  0.87s           2026-07-22T07:45:40                      10
================================================================================
[2026-07-22T08:01:16.494+0000] {manager.py:821} INFO - Searching for files in /opt/airflow/dags
[2026-07-22T08:01:16.500+0000] {manager.py:824} INFO - There are 1 files in /opt/airflow/dags
[2026-07-22T08:01:24.005+0000] {manager.py:997} INFO - 
================================================================================
DAG File Processing Stats

File Path                            PID    Runtime      # DAGs    # Errors  Last Runtime    Last Run               Last # of DB Queries
-----------------------------------  -----  ---------  --------  ----------  --------------  -------------------  ----------------------
/opt/airflow/dags/olist_pipeline.py                           1           0  0.87s           2026-07-22T08:01:17                      10
================================================================================
[2026-07-22T08:46:37.561+0000] {manager.py:821} INFO - Searching for files in /opt/airflow/dags
[2026-07-22T08:46:37.567+0000] {manager.py:824} INFO - There are 1 files in /opt/airflow/dags
[2026-07-22T08:46:45.494+0000] {manager.py:997} INFO - 
================================================================================
DAG File Processing Stats

File Path                            PID    Runtime      # DAGs    # Errors  Last Runtime    Last Run               Last # of DB Queries
-----------------------------------  -----  ---------  --------  ----------  --------------  -------------------  ----------------------
/opt/airflow/dags/olist_pipeline.py                           1           0  0.82s           2026-07-22T08:46:38                      10
================================================================================
[2026-07-22T08:48:59.706+0000] {manager.py:997} INFO - 
================================================================================
DAG File Processing Stats

File Path                            PID    Runtime      # DAGs    # Errors  Last Runtime    Last Run               Last # of DB Queries
-----------------------------------  -----  ---------  --------  ----------  --------------  -------------------  ----------------------
/opt/airflow/dags/olist_pipeline.py                           1           0  1.98s           2026-07-22T08:48:53                      10
================================================================================
[2026-07-22T08:49:29.769+0000] {manager.py:997} INFO - 
================================================================================
DAG File Processing Stats

File Path                            PID    Runtime      # DAGs    # Errors  Last Runtime    Last Run               Last # of DB Queries
-----------------------------------  -----  ---------  --------  ----------  --------------  -------------------  ----------------------
/opt/airflow/dags/olist_pipeline.py                           1           0  1.00s           2026-07-22T08:49:24                      10
================================================================================
[2026-07-22T08:49:59.965+0000] {manager.py:997} INFO - 
================================================================================
DAG File Processing Stats

File Path                            PID    Runtime      # DAGs    # Errors  Last Runtime    Last Run               Last # of DB Queries
-----------------------------------  -----  ---------  --------  ----------  --------------  -------------------  ----------------------
/opt/airflow/dags/olist_pipeline.py                           1           0  0.86s           2026-07-22T08:49:55                      10
================================================================================
[2026-07-22T08:50:30.135+0000] {manager.py:997} INFO - 
================================================================================
DAG File Processing Stats

File Path                            PID    Runtime      # DAGs    # Errors  Last Runtime    Last Run               Last # of DB Queries
-----------------------------------  -----  ---------  --------  ----------  --------------  -------------------  ----------------------
/opt/airflow/dags/olist_pipeline.py                           1           0  0.86s           2026-07-22T08:50:27                      10
================================================================================
[2026-07-22T08:51:00.292+0000] {manager.py:997} INFO - 
================================================================================
DAG File Processing Stats

File Path                            PID    Runtime      # DAGs    # Errors  Last Runtime    Last Run               Last # of DB Queries
-----------------------------------  -----  ---------  --------  ----------  --------------  -------------------  ----------------------
/opt/airflow/dags/olist_pipeline.py                           1           0  0.85s           2026-07-22T08:50:58                      10
================================================================================
[2026-07-22T08:51:30.470+0000] {manager.py:997} INFO - 
================================================================================
DAG File Processing Stats

File Path                            PID    Runtime      # DAGs    # Errors  Last Runtime    Last Run               Last # of DB Queries
-----------------------------------  -----  ---------  --------  ----------  --------------  -------------------  ----------------------
/opt/airflow/dags/olist_pipeline.py                           1           0  0.88s           2026-07-22T08:51:29                      10
================================================================================
[2026-07-22T08:51:38.187+0000] {manager.py:821} INFO - Searching for files in /opt/airflow/dags
[2026-07-22T08:51:38.194+0000] {manager.py:824} INFO - There are 1 files in /opt/airflow/dags
[2026-07-22T08:52:00.631+0000] {manager.py:997} INFO - 
================================================================================
DAG File Processing Stats

File Path                            PID    Runtime      # DAGs    # Errors  Last Runtime    Last Run               Last # of DB Queries
-----------------------------------  -----  ---------  --------  ----------  --------------  -------------------  ----------------------
/opt/airflow/dags/olist_pipeline.py                           1           0  0.89s           2026-07-22T08:52:00                      10
================================================================================
[2026-07-22T08:52:30.682+0000] {manager.py:997} INFO - 
================================================================================
DAG File Processing Stats

File Path                              PID  Runtime      # DAGs    # Errors  Last Runtime    Last Run               Last # of DB Queries
-----------------------------------  -----  ---------  --------  ----------  --------------  -------------------  ----------------------
/opt/airflow/dags/olist_pipeline.py   1228  0.00s             1           0  0.89s           2026-07-22T08:52:00                      10
================================================================================
[2026-07-22T08:53:00.835+0000] {manager.py:997} INFO - 
================================================================================
DAG File Processing Stats

File Path                            PID    Runtime      # DAGs    # Errors  Last Runtime    Last Run               Last # of DB Queries
-----------------------------------  -----  ---------  --------  ----------  --------------  -------------------  ----------------------
/opt/airflow/dags/olist_pipeline.py                           1           0  0.86s           2026-07-22T08:52:31                      10
================================================================================
[2026-07-22T08:53:31.072+0000] {manager.py:997} INFO - 
================================================================================
DAG File Processing Stats

File Path                            PID    Runtime      # DAGs    # Errors  Last Runtime    Last Run               Last # of DB Queries
-----------------------------------  -----  ---------  --------  ----------  --------------  -------------------  ----------------------
/opt/airflow/dags/olist_pipeline.py                           1           0  0.90s           2026-07-22T08:53:02                      10
================================================================================
[2026-07-22T08:54:01.260+0000] {manager.py:997} INFO - 
================================================================================
DAG File Processing Stats

File Path                            PID    Runtime      # DAGs    # Errors  Last Runtime    Last Run               Last # of DB Queries
-----------------------------------  -----  ---------  --------  ----------  --------------  -------------------  ----------------------
/opt/airflow/dags/olist_pipeline.py                           1           0  0.86s           2026-07-22T08:53:33                      10
================================================================================
[2026-07-22T08:54:31.423+0000] {manager.py:997} INFO - 
================================================================================
DAG File Processing Stats

File Path                            PID    Runtime      # DAGs    # Errors  Last Runtime    Last Run               Last # of DB Queries
-----------------------------------  -----  ---------  --------  ----------  --------------  -------------------  ----------------------
/opt/airflow/dags/olist_pipeline.py                           1           0  0.84s           2026-07-22T08:54:05                      10
================================================================================
[2026-07-22T08:55:01.486+0000] {manager.py:997} INFO - 
================================================================================
DAG File Processing Stats

File Path                            PID    Runtime      # DAGs    # Errors  Last Runtime    Last Run               Last # of DB Queries
-----------------------------------  -----  ---------  --------  ----------  --------------  -------------------  ----------------------
/opt/airflow/dags/olist_pipeline.py                           1           0  0.96s           2026-07-22T08:54:36                      10
================================================================================
[2026-07-22T08:55:31.809+0000] {manager.py:997} INFO - 
================================================================================
DAG File Processing Stats

File Path                            PID    Runtime      # DAGs    # Errors  Last Runtime    Last Run               Last # of DB Queries
-----------------------------------  -----  ---------  --------  ----------  --------------  -------------------  ----------------------
/opt/airflow/dags/olist_pipeline.py                           1           0  1.03s           2026-07-22T08:55:07                      10
================================================================================
[2026-07-22T08:56:02.193+0000] {manager.py:997} INFO - 
================================================================================
DAG File Processing Stats

File Path                            PID    Runtime      # DAGs    # Errors  Last Runtime    Last Run               Last # of DB Queries
-----------------------------------  -----  ---------  --------  ----------  --------------  -------------------  ----------------------
/opt/airflow/dags/olist_pipeline.py                           1           0  1.04s           2026-07-22T08:55:38                      10
================================================================================
[2026-07-22T08:56:32.520+0000] {manager.py:997} INFO - 
================================================================================
DAG File Processing Stats

File Path                            PID    Runtime      # DAGs    # Errors  Last Runtime    Last Run               Last # of DB Queries
-----------------------------------  -----  ---------  --------  ----------  --------------  -------------------  ----------------------
/opt/airflow/dags/olist_pipeline.py                           1           0  0.94s           2026-07-22T08:56:10                      10
================================================================================
[2026-07-22T08:56:38.595+0000] {manager.py:821} INFO - Searching for files in /opt/airflow/dags
[2026-07-22T08:56:38.600+0000] {manager.py:824} INFO - There are 1 files in /opt/airflow/dags
[2026-07-22T08:57:02.816+0000] {manager.py:997} INFO - 
================================================================================
DAG File Processing Stats

File Path                            PID    Runtime      # DAGs    # Errors  Last Runtime    Last Run               Last # of DB Queries
-----------------------------------  -----  ---------  --------  ----------  --------------  -------------------  ----------------------
/opt/airflow/dags/olist_pipeline.py                           1           0  0.95s           2026-07-22T08:56:41                      10
================================================================================
[2026-07-22T08:57:33.226+0000] {manager.py:997} INFO - 
================================================================================
DAG File Processing Stats

File Path                            PID    Runtime      # DAGs    # Errors  Last Runtime    Last Run               Last # of DB Queries
-----------------------------------  -----  ---------  --------  ----------  --------------  -------------------  ----------------------
/opt/airflow/dags/olist_pipeline.py                           1           0  1.11s           2026-07-22T08:57:13                      10
================================================================================
[2026-07-22T08:58:03.464+0000] {manager.py:997} INFO - 
================================================================================
DAG File Processing Stats

File Path                            PID    Runtime      # DAGs    # Errors  Last Runtime    Last Run               Last # of DB Queries
-----------------------------------  -----  ---------  --------  ----------  --------------  -------------------  ----------------------
/opt/airflow/dags/olist_pipeline.py                           1           0  0.87s           2026-07-22T08:57:44                      10
================================================================================
[2026-07-22T08:58:33.703+0000] {manager.py:997} INFO - 
================================================================================
DAG File Processing Stats

File Path                            PID    Runtime      # DAGs    # Errors  Last Runtime    Last Run               Last # of DB Queries
-----------------------------------  -----  ---------  --------  ----------  --------------  -------------------  ----------------------
/opt/airflow/dags/olist_pipeline.py                           1           0  0.88s           2026-07-22T08:58:15                      10
================================================================================
[2026-07-22T08:59:04.085+0000] {manager.py:997} INFO - 
================================================================================
DAG File Processing Stats

File Path                            PID    Runtime      # DAGs    # Errors  Last Runtime    Last Run               Last # of DB Queries
-----------------------------------  -----  ---------  --------  ----------  --------------  -------------------  ----------------------
/opt/airflow/dags/olist_pipeline.py                           1           0  1.19s           2026-07-22T08:58:47                      10
================================================================================
[2026-07-22T08:59:34.341+0000] {manager.py:997} INFO - 
================================================================================
DAG File Processing Stats

File Path                            PID    Runtime      # DAGs    # Errors  Last Runtime    Last Run               Last # of DB Queries
-----------------------------------  -----  ---------  --------  ----------  --------------  -------------------  ----------------------
/opt/airflow/dags/olist_pipeline.py                           1           0  0.93s           2026-07-22T08:59:18                      10
================================================================================
[2026-07-22T09:00:04.531+0000] {manager.py:997} INFO - 
================================================================================
DAG File Processing Stats

File Path                            PID    Runtime      # DAGs    # Errors  Last Runtime    Last Run               Last # of DB Queries
-----------------------------------  -----  ---------  --------  ----------  --------------  -------------------  ----------------------
/opt/airflow/dags/olist_pipeline.py                           1           0  0.87s           2026-07-22T08:59:49                      10
================================================================================
[2026-07-22T09:00:34.675+0000] {manager.py:997} INFO - 
================================================================================
DAG File Processing Stats

File Path                            PID    Runtime      # DAGs    # Errors  Last Runtime    Last Run               Last # of DB Queries
-----------------------------------  -----  ---------  --------  ----------  --------------  -------------------  ----------------------
/opt/airflow/dags/olist_pipeline.py                           1           0  0.83s           2026-07-22T09:00:20                      10
================================================================================
[2026-07-22T09:01:04.836+0000] {manager.py:997} INFO - 
================================================================================
DAG File Processing Stats

File Path                            PID    Runtime      # DAGs    # Errors  Last Runtime    Last Run               Last # of DB Queries
-----------------------------------  -----  ---------  --------  ----------  --------------  -------------------  ----------------------
/opt/airflow/dags/olist_pipeline.py                           1           0  0.84s           2026-07-22T09:00:51                      10
================================================================================
[2026-07-22T09:01:35.135+0000] {manager.py:997} INFO - 
================================================================================
DAG File Processing Stats

File Path                            PID    Runtime      # DAGs    # Errors  Last Runtime    Last Run               Last # of DB Queries
-----------------------------------  -----  ---------  --------  ----------  --------------  -------------------  ----------------------
/opt/airflow/dags/olist_pipeline.py                           1           0  0.94s           2026-07-22T09:01:22                      10
================================================================================
[2026-07-22T09:01:38.707+0000] {manager.py:821} INFO - Searching for files in /opt/airflow/dags
[2026-07-22T09:01:38.712+0000] {manager.py:824} INFO - There are 1 files in /opt/airflow/dags
[2026-07-22T09:02:05.400+0000] {manager.py:997} INFO - 
================================================================================
DAG File Processing Stats

File Path                            PID    Runtime      # DAGs    # Errors  Last Runtime    Last Run               Last # of DB Queries
-----------------------------------  -----  ---------  --------  ----------  --------------  -------------------  ----------------------
/opt/airflow/dags/olist_pipeline.py                           1           0  0.89s           2026-07-22T09:01:54                      10
================================================================================
[2026-07-22T09:02:35.574+0000] {manager.py:997} INFO - 
================================================================================
DAG File Processing Stats

File Path                            PID    Runtime      # DAGs    # Errors  Last Runtime    Last Run               Last # of DB Queries
-----------------------------------  -----  ---------  --------  ----------  --------------  -------------------  ----------------------
/opt/airflow/dags/olist_pipeline.py                           1           0  0.84s           2026-07-22T09:02:25                      10
================================================================================
[2026-07-22T09:03:05.879+0000] {manager.py:997} INFO - 
================================================================================
DAG File Processing Stats

File Path                            PID    Runtime      # DAGs    # Errors  Last Runtime    Last Run               Last # of DB Queries
-----------------------------------  -----  ---------  --------  ----------  --------------  -------------------  ----------------------
/opt/airflow/dags/olist_pipeline.py                           1           0  0.88s           2026-07-22T09:02:56                      10
================================================================================
[2026-07-22T09:03:36.220+0000] {manager.py:997} INFO - 
================================================================================
DAG File Processing Stats

File Path                            PID    Runtime      # DAGs    # Errors  Last Runtime    Last Run               Last # of DB Queries
-----------------------------------  -----  ---------  --------  ----------  --------------  -------------------  ----------------------
/opt/airflow/dags/olist_pipeline.py                           1           0  0.84s           2026-07-22T09:03:27                      10
================================================================================
[2026-07-22T09:04:06.556+0000] {manager.py:997} INFO - 
================================================================================
DAG File Processing Stats

File Path                            PID    Runtime      # DAGs    # Errors  Last Runtime    Last Run               Last # of DB Queries
-----------------------------------  -----  ---------  --------  ----------  --------------  -------------------  ----------------------
/opt/airflow/dags/olist_pipeline.py                           1           0  0.85s           2026-07-22T09:03:58                      10
================================================================================
[2026-07-22T09:04:36.852+0000] {manager.py:997} INFO - 
================================================================================
DAG File Processing Stats

File Path                            PID    Runtime      # DAGs    # Errors  Last Runtime    Last Run               Last # of DB Queries
-----------------------------------  -----  ---------  --------  ----------  --------------  -------------------  ----------------------
/opt/airflow/dags/olist_pipeline.py                           1           0  0.87s           2026-07-22T09:04:30                      10
================================================================================
[2026-07-22T09:05:07.075+0000] {manager.py:997} INFO - 
================================================================================
DAG File Processing Stats

File Path                            PID    Runtime      # DAGs    # Errors  Last Runtime    Last Run               Last # of DB Queries
-----------------------------------  -----  ---------  --------  ----------  --------------  -------------------  ----------------------
/opt/airflow/dags/olist_pipeline.py                           1           0  0.90s           2026-07-22T09:05:01                      10
================================================================================
[2026-07-22T09:05:37.269+0000] {manager.py:997} INFO - 
================================================================================
DAG File Processing Stats

File Path                            PID    Runtime      # DAGs    # Errors  Last Runtime    Last Run               Last # of DB Queries
-----------------------------------  -----  ---------  --------  ----------  --------------  -------------------  ----------------------
/opt/airflow/dags/olist_pipeline.py                           1           0  0.84s           2026-07-22T09:05:32                      10
================================================================================
[2026-07-22T09:06:07.475+0000] {manager.py:997} INFO - 
================================================================================
DAG File Processing Stats

File Path                            PID    Runtime      # DAGs    # Errors  Last Runtime    Last Run               Last # of DB Queries
-----------------------------------  -----  ---------  --------  ----------  --------------  -------------------  ----------------------
/opt/airflow/dags/olist_pipeline.py                           1           0  0.90s           2026-07-22T09:06:03                      10
================================================================================
[2026-07-22T09:06:37.641+0000] {manager.py:997} INFO - 
================================================================================
DAG File Processing Stats

File Path                            PID    Runtime      # DAGs    # Errors  Last Runtime    Last Run               Last # of DB Queries
-----------------------------------  -----  ---------  --------  ----------  --------------  -------------------  ----------------------
/opt/airflow/dags/olist_pipeline.py                           1           0  0.85s           2026-07-22T09:06:34                      10
================================================================================
[2026-07-22T09:06:39.370+0000] {manager.py:821} INFO - Searching for files in /opt/airflow/dags
[2026-07-22T09:06:39.377+0000] {manager.py:824} INFO - There are 1 files in /opt/airflow/dags
[2026-07-22T09:07:07.959+0000] {manager.py:997} INFO - 
================================================================================
DAG File Processing Stats

File Path                            PID    Runtime      # DAGs    # Errors  Last Runtime    Last Run               Last # of DB Queries
-----------------------------------  -----  ---------  --------  ----------  --------------  -------------------  ----------------------
/opt/airflow/dags/olist_pipeline.py                           1           0  0.91s           2026-07-22T09:07:05                      10
================================================================================
[2026-07-22T09:07:38.251+0000] {manager.py:997} INFO - 
================================================================================
DAG File Processing Stats

File Path                            PID    Runtime      # DAGs    # Errors  Last Runtime    Last Run               Last # of DB Queries
-----------------------------------  -----  ---------  --------  ----------  --------------  -------------------  ----------------------
/opt/airflow/dags/olist_pipeline.py                           1           0  0.85s           2026-07-22T09:07:36                      10
================================================================================
[2026-07-22T09:08:08.550+0000] {manager.py:997} INFO - 
================================================================================
DAG File Processing Stats

File Path                            PID    Runtime      # DAGs    # Errors  Last Runtime    Last Run               Last # of DB Queries
-----------------------------------  -----  ---------  --------  ----------  --------------  -------------------  ----------------------
/opt/airflow/dags/olist_pipeline.py                           1           0  0.88s           2026-07-22T09:08:08                      10
================================================================================
[2026-07-22T09:08:38.845+0000] {manager.py:997} INFO - 
================================================================================
DAG File Processing Stats

File Path                              PID  Runtime      # DAGs    # Errors  Last Runtime    Last Run               Last # of DB Queries
-----------------------------------  -----  ---------  --------  ----------  --------------  -------------------  ----------------------
/opt/airflow/dags/olist_pipeline.py   1605  0.49s             1           0  0.88s           2026-07-22T09:08:08                      10
================================================================================
[2026-07-22T09:09:09.168+0000] {manager.py:997} INFO - 
================================================================================
DAG File Processing Stats

File Path                            PID    Runtime      # DAGs    # Errors  Last Runtime    Last Run               Last # of DB Queries
-----------------------------------  -----  ---------  --------  ----------  --------------  -------------------  ----------------------
/opt/airflow/dags/olist_pipeline.py                           1           0  0.84s           2026-07-22T09:08:39                      10
================================================================================
[2026-07-22T09:09:39.510+0000] {manager.py:997} INFO - 
================================================================================
DAG File Processing Stats

File Path                            PID    Runtime      # DAGs    # Errors  Last Runtime    Last Run               Last # of DB Queries
-----------------------------------  -----  ---------  --------  ----------  --------------  -------------------  ----------------------
/opt/airflow/dags/olist_pipeline.py                           1           0  0.86s           2026-07-22T09:09:10                      10
================================================================================
[2026-07-22T09:10:09.773+0000] {manager.py:997} INFO - 
================================================================================
DAG File Processing Stats

File Path                            PID    Runtime      # DAGs    # Errors  Last Runtime    Last Run               Last # of DB Queries
-----------------------------------  -----  ---------  --------  ----------  --------------  -------------------  ----------------------
/opt/airflow/dags/olist_pipeline.py                           1           0  0.96s           2026-07-22T09:09:41                      10
================================================================================
[2026-07-22T09:10:39.911+0000] {manager.py:997} INFO - 
================================================================================
DAG File Processing Stats

File Path                            PID    Runtime      # DAGs    # Errors  Last Runtime    Last Run               Last # of DB Queries
-----------------------------------  -----  ---------  --------  ----------  --------------  -------------------  ----------------------
/opt/airflow/dags/olist_pipeline.py                           1           0  0.87s           2026-07-22T09:10:12                      10
================================================================================
[2026-07-22T09:11:10.077+0000] {manager.py:997} INFO - 
================================================================================
DAG File Processing Stats

File Path                            PID    Runtime      # DAGs    # Errors  Last Runtime    Last Run               Last # of DB Queries
-----------------------------------  -----  ---------  --------  ----------  --------------  -------------------  ----------------------
/opt/airflow/dags/olist_pipeline.py                           1           0  0.86s           2026-07-22T09:10:43                      10
================================================================================
[2026-07-22T09:11:39.760+0000] {manager.py:821} INFO - Searching for files in /opt/airflow/dags
[2026-07-22T09:11:39.767+0000] {manager.py:824} INFO - There are 1 files in /opt/airflow/dags
[2026-07-22T09:11:40.295+0000] {manager.py:997} INFO - 
================================================================================
DAG File Processing Stats

File Path                            PID    Runtime      # DAGs    # Errors  Last Runtime    Last Run               Last # of DB Queries
-----------------------------------  -----  ---------  --------  ----------  --------------  -------------------  ----------------------
/opt/airflow/dags/olist_pipeline.py                           1           0  0.89s           2026-07-22T09:11:15                      10
================================================================================
[2026-07-22T09:12:10.587+0000] {manager.py:997} INFO - 
================================================================================
DAG File Processing Stats

File Path                            PID    Runtime      # DAGs    # Errors  Last Runtime    Last Run               Last # of DB Queries
-----------------------------------  -----  ---------  --------  ----------  --------------  -------------------  ----------------------
/opt/airflow/dags/olist_pipeline.py                           1           0  0.95s           2026-07-22T09:11:46                      10
================================================================================
[2026-07-22T09:12:40.742+0000] {manager.py:997} INFO - 
================================================================================
DAG File Processing Stats

File Path                            PID    Runtime      # DAGs    # Errors  Last Runtime    Last Run               Last # of DB Queries
-----------------------------------  -----  ---------  --------  ----------  --------------  -------------------  ----------------------
/opt/airflow/dags/olist_pipeline.py                           1           0  0.84s           2026-07-22T09:12:17                      10
================================================================================
[2026-07-22T09:13:10.901+0000] {manager.py:997} INFO - 
================================================================================
DAG File Processing Stats

File Path                            PID    Runtime      # DAGs    # Errors  Last Runtime    Last Run               Last # of DB Queries
-----------------------------------  -----  ---------  --------  ----------  --------------  -------------------  ----------------------
/opt/airflow/dags/olist_pipeline.py                           1           0  0.86s           2026-07-22T09:12:48                      10
================================================================================
[2026-07-22T09:13:40.906+0000] {manager.py:997} INFO - 
================================================================================
DAG File Processing Stats

File Path                            PID    Runtime      # DAGs    # Errors  Last Runtime    Last Run               Last # of DB Queries
-----------------------------------  -----  ---------  --------  ----------  --------------  -------------------  ----------------------
/opt/airflow/dags/olist_pipeline.py                           1           0  0.88s           2026-07-22T09:13:19                      10
================================================================================
[2026-07-22T09:14:11.185+0000] {manager.py:997} INFO - 
================================================================================
DAG File Processing Stats

File Path                            PID    Runtime      # DAGs    # Errors  Last Runtime    Last Run               Last # of DB Queries
-----------------------------------  -----  ---------  --------  ----------  --------------  -------------------  ----------------------
/opt/airflow/dags/olist_pipeline.py                           1           0  0.92s           2026-07-22T09:13:50                      10
================================================================================
[2026-07-22T09:14:41.367+0000] {manager.py:997} INFO - 
================================================================================
DAG File Processing Stats

File Path                            PID    Runtime      # DAGs    # Errors  Last Runtime    Last Run               Last # of DB Queries
-----------------------------------  -----  ---------  --------  ----------  --------------  -------------------  ----------------------
/opt/airflow/dags/olist_pipeline.py                           1           0  0.85s           2026-07-22T09:14:22                      10
================================================================================
[2026-07-22T09:15:11.571+0000] {manager.py:997} INFO - 
================================================================================
DAG File Processing Stats

File Path                            PID    Runtime      # DAGs    # Errors  Last Runtime    Last Run               Last # of DB Queries
-----------------------------------  -----  ---------  --------  ----------  --------------  -------------------  ----------------------
/opt/airflow/dags/olist_pipeline.py                           1           0  0.86s           2026-07-22T09:14:53                      10
================================================================================
[2026-07-22T09:15:41.709+0000] {manager.py:997} INFO - 
================================================================================
DAG File Processing Stats

File Path                            PID    Runtime      # DAGs    # Errors  Last Runtime    Last Run               Last # of DB Queries
-----------------------------------  -----  ---------  --------  ----------  --------------  -------------------  ----------------------
/opt/airflow/dags/olist_pipeline.py                           1           0  0.87s           2026-07-22T09:15:24                      10
================================================================================
[2026-07-22T09:16:11.999+0000] {manager.py:997} INFO - 
================================================================================
DAG File Processing Stats

File Path                            PID    Runtime      # DAGs    # Errors  Last Runtime    Last Run               Last # of DB Queries
-----------------------------------  -----  ---------  --------  ----------  --------------  -------------------  ----------------------
/opt/airflow/dags/olist_pipeline.py                           1           0  0.86s           2026-07-22T09:15:55                      10
================================================================================
[2026-07-22T09:16:39.796+0000] {manager.py:821} INFO - Searching for files in /opt/airflow/dags
[2026-07-22T09:16:39.798+0000] {manager.py:824} INFO - There are 1 files in /opt/airflow/dags
[2026-07-22T09:16:42.340+0000] {manager.py:997} INFO - 
================================================================================
DAG File Processing Stats

File Path                            PID    Runtime      # DAGs    # Errors  Last Runtime    Last Run               Last # of DB Queries
-----------------------------------  -----  ---------  --------  ----------  --------------  -------------------  ----------------------
/opt/airflow/dags/olist_pipeline.py                           1           0  0.83s           2026-07-22T09:16:26                      10
================================================================================
[2026-07-22T09:17:12.663+0000] {manager.py:997} INFO - 
================================================================================
DAG File Processing Stats

File Path                            PID    Runtime      # DAGs    # Errors  Last Runtime    Last Run               Last # of DB Queries
-----------------------------------  -----  ---------  --------  ----------  --------------  -------------------  ----------------------
/opt/airflow/dags/olist_pipeline.py                           1           0  0.81s           2026-07-22T09:16:57                      10
================================================================================
[2026-07-22T09:17:42.900+0000] {manager.py:997} INFO - 
================================================================================
DAG File Processing Stats

File Path                            PID    Runtime      # DAGs    # Errors  Last Runtime    Last Run               Last # of DB Queries
-----------------------------------  -----  ---------  --------  ----------  --------------  -------------------  ----------------------
/opt/airflow/dags/olist_pipeline.py                           1           0  0.90s           2026-07-22T09:17:28                      10
================================================================================
[2026-07-22T09:18:13.113+0000] {manager.py:997} INFO - 
================================================================================
DAG File Processing Stats

File Path                            PID    Runtime      # DAGs    # Errors  Last Runtime    Last Run               Last # of DB Queries
-----------------------------------  -----  ---------  --------  ----------  --------------  -------------------  ----------------------
/opt/airflow/dags/olist_pipeline.py                           1           0  0.88s           2026-07-22T09:17:59                      10
================================================================================
[2026-07-22T09:18:43.442+0000] {manager.py:997} INFO - 
================================================================================
DAG File Processing Stats

File Path                            PID    Runtime      # DAGs    # Errors  Last Runtime    Last Run               Last # of DB Queries
-----------------------------------  -----  ---------  --------  ----------  --------------  -------------------  ----------------------
/opt/airflow/dags/olist_pipeline.py                           1           0  1.21s           2026-07-22T09:18:31                      10
================================================================================
[2026-07-22T09:19:13.646+0000] {manager.py:997} INFO - 
================================================================================
DAG File Processing Stats

File Path                            PID    Runtime      # DAGs    # Errors  Last Runtime    Last Run               Last # of DB Queries
-----------------------------------  -----  ---------  --------  ----------  --------------  -------------------  ----------------------
/opt/airflow/dags/olist_pipeline.py                           1           0  0.84s           2026-07-22T09:19:02                      10
================================================================================
[2026-07-22T09:19:43.780+0000] {manager.py:997} INFO - 
================================================================================
DAG File Processing Stats

File Path                            PID    Runtime      # DAGs    # Errors  Last Runtime    Last Run               Last # of DB Queries
-----------------------------------  -----  ---------  --------  ----------  --------------  -------------------  ----------------------
/opt/airflow/dags/olist_pipeline.py                           1           0  0.82s           2026-07-22T09:19:33                      10
================================================================================
[2026-07-22T09:20:14.099+0000] {manager.py:997} INFO - 
================================================================================
DAG File Processing Stats

File Path                            PID    Runtime      # DAGs    # Errors  Last Runtime    Last Run               Last # of DB Queries
-----------------------------------  -----  ---------  --------  ----------  --------------  -------------------  ----------------------
/opt/airflow/dags/olist_pipeline.py                           1           0  1.17s           2026-07-22T09:20:05                      10
================================================================================
[2026-07-22T09:20:44.256+0000] {manager.py:997} INFO - 
================================================================================
DAG File Processing Stats

File Path                            PID    Runtime      # DAGs    # Errors  Last Runtime    Last Run               Last # of DB Queries
-----------------------------------  -----  ---------  --------  ----------  --------------  -------------------  ----------------------
/opt/airflow/dags/olist_pipeline.py                           1           0  0.86s           2026-07-22T09:20:36                      10
================================================================================
[2026-07-22T09:21:14.504+0000] {manager.py:997} INFO - 
================================================================================
DAG File Processing Stats

File Path                            PID    Runtime      # DAGs    # Errors  Last Runtime    Last Run               Last # of DB Queries
-----------------------------------  -----  ---------  --------  ----------  --------------  -------------------  ----------------------
/opt/airflow/dags/olist_pipeline.py                           1           0  0.92s           2026-07-22T09:21:07                      10
================================================================================
[2026-07-22T09:21:40.087+0000] {manager.py:821} INFO - Searching for files in /opt/airflow/dags
[2026-07-22T09:21:40.093+0000] {manager.py:824} INFO - There are 1 files in /opt/airflow/dags
[2026-07-22T09:21:44.808+0000] {manager.py:997} INFO - 
================================================================================
DAG File Processing Stats

File Path                            PID    Runtime      # DAGs    # Errors  Last Runtime    Last Run               Last # of DB Queries
-----------------------------------  -----  ---------  --------  ----------  --------------  -------------------  ----------------------
/opt/airflow/dags/olist_pipeline.py                           1           0  0.99s           2026-07-22T09:21:38                      10
================================================================================
[2026-07-22T09:22:15.042+0000] {manager.py:997} INFO - 
================================================================================
DAG File Processing Stats

File Path                            PID    Runtime      # DAGs    # Errors  Last Runtime    Last Run               Last # of DB Queries
-----------------------------------  -----  ---------  --------  ----------  --------------  -------------------  ----------------------
/opt/airflow/dags/olist_pipeline.py                           1           0  0.92s           2026-07-22T09:22:09                      10
================================================================================
[2026-07-22T09:22:45.277+0000] {manager.py:997} INFO - 
================================================================================
DAG File Processing Stats

File Path                            PID    Runtime      # DAGs    # Errors  Last Runtime    Last Run               Last # of DB Queries
-----------------------------------  -----  ---------  --------  ----------  --------------  -------------------  ----------------------
/opt/airflow/dags/olist_pipeline.py                           1           0  0.91s           2026-07-22T09:22:41                      10
================================================================================
[2026-07-22T09:23:15.604+0000] {manager.py:997} INFO - 
================================================================================
DAG File Processing Stats

File Path                            PID    Runtime      # DAGs    # Errors  Last Runtime    Last Run               Last # of DB Queries
-----------------------------------  -----  ---------  --------  ----------  --------------  -------------------  ----------------------
/opt/airflow/dags/olist_pipeline.py                           1           0  1.14s           2026-07-22T09:23:12                      10
================================================================================
[2026-07-22T09:23:45.726+0000] {manager.py:997} INFO - 
================================================================================
DAG File Processing Stats

File Path                            PID    Runtime      # DAGs    # Errors  Last Runtime    Last Run               Last # of DB Queries
-----------------------------------  -----  ---------  --------  ----------  --------------  -------------------  ----------------------
/opt/airflow/dags/olist_pipeline.py                           1           0  0.82s           2026-07-22T09:23:43                      10
================================================================================
[2026-07-22T09:24:15.865+0000] {manager.py:997} INFO - 
================================================================================
DAG File Processing Stats

File Path                            PID    Runtime      # DAGs    # Errors  Last Runtime    Last Run               Last # of DB Queries
-----------------------------------  -----  ---------  --------  ----------  --------------  -------------------  ----------------------
/opt/airflow/dags/olist_pipeline.py                           1           0  0.89s           2026-07-22T09:24:14                      10
================================================================================
[2026-07-22T09:24:46.116+0000] {manager.py:997} INFO - 
================================================================================
DAG File Processing Stats

File Path                            PID    Runtime      # DAGs    # Errors  Last Runtime    Last Run               Last # of DB Queries
-----------------------------------  -----  ---------  --------  ----------  --------------  -------------------  ----------------------
/opt/airflow/dags/olist_pipeline.py                           1           0  0.95s           2026-07-22T09:24:46                      10
================================================================================
[2026-07-22T09:25:16.413+0000] {manager.py:997} INFO - 
================================================================================
DAG File Processing Stats

File Path                              PID  Runtime      # DAGs    # Errors  Last Runtime    Last Run               Last # of DB Queries
-----------------------------------  -----  ---------  --------  ----------  --------------  -------------------  ----------------------
/opt/airflow/dags/olist_pipeline.py   1996  0.01s             1           0  0.95s           2026-07-22T09:24:46                      10
================================================================================
[2026-07-22T09:25:46.741+0000] {manager.py:997} INFO - 
================================================================================
DAG File Processing Stats

File Path                            PID    Runtime      # DAGs    # Errors  Last Runtime    Last Run               Last # of DB Queries
-----------------------------------  -----  ---------  --------  ----------  --------------  -------------------  ----------------------
/opt/airflow/dags/olist_pipeline.py                           1           0  1.06s           2026-07-22T09:25:17                      10
================================================================================
[2026-07-22T09:26:16.973+0000] {manager.py:997} INFO - 
================================================================================
DAG File Processing Stats

File Path                            PID    Runtime      # DAGs    # Errors  Last Runtime    Last Run               Last # of DB Queries
-----------------------------------  -----  ---------  --------  ----------  --------------  -------------------  ----------------------
/opt/airflow/dags/olist_pipeline.py                           1           0  0.95s           2026-07-22T09:25:48                      10
================================================================================
[2026-07-22T09:26:40.239+0000] {manager.py:821} INFO - Searching for files in /opt/airflow/dags
[2026-07-22T09:26:40.246+0000] {manager.py:824} INFO - There are 1 files in /opt/airflow/dags
[2026-07-22T09:26:47.341+0000] {manager.py:997} INFO - 
================================================================================
DAG File Processing Stats

File Path                            PID    Runtime      # DAGs    # Errors  Last Runtime    Last Run               Last # of DB Queries
-----------------------------------  -----  ---------  --------  ----------  --------------  -------------------  ----------------------
/opt/airflow/dags/olist_pipeline.py                           1           0  1.00s           2026-07-22T09:26:19                      10
================================================================================
[2026-07-22T09:27:17.691+0000] {manager.py:997} INFO - 
================================================================================
DAG File Processing Stats

File Path                            PID    Runtime      # DAGs    # Errors  Last Runtime    Last Run               Last # of DB Queries
-----------------------------------  -----  ---------  --------  ----------  --------------  -------------------  ----------------------
/opt/airflow/dags/olist_pipeline.py                           1           0  0.99s           2026-07-22T09:26:51                      10
================================================================================
[2026-07-22T09:27:48.034+0000] {manager.py:997} INFO - 
================================================================================
DAG File Processing Stats

File Path                            PID    Runtime      # DAGs    # Errors  Last Runtime    Last Run               Last # of DB Queries
-----------------------------------  -----  ---------  --------  ----------  --------------  -------------------  ----------------------
/opt/airflow/dags/olist_pipeline.py                           1           0  1.07s           2026-07-22T09:27:22                      10
================================================================================
[2026-07-22T09:28:18.307+0000] {manager.py:997} INFO - 
================================================================================
DAG File Processing Stats

File Path                            PID    Runtime      # DAGs    # Errors  Last Runtime    Last Run               Last # of DB Queries
-----------------------------------  -----  ---------  --------  ----------  --------------  -------------------  ----------------------
/opt/airflow/dags/olist_pipeline.py                           1           0  0.89s           2026-07-22T09:27:53                      10
================================================================================
[2026-07-22T09:28:48.512+0000] {manager.py:997} INFO - 
================================================================================
DAG File Processing Stats

File Path                            PID    Runtime      # DAGs    # Errors  Last Runtime    Last Run               Last # of DB Queries
-----------------------------------  -----  ---------  --------  ----------  --------------  -------------------  ----------------------
/opt/airflow/dags/olist_pipeline.py                           1           0  0.84s           2026-07-22T09:28:25                      10
================================================================================
[2026-07-22T09:29:18.855+0000] {manager.py:997} INFO - 
================================================================================
DAG File Processing Stats

File Path                            PID    Runtime      # DAGs    # Errors  Last Runtime    Last Run               Last # of DB Queries
-----------------------------------  -----  ---------  --------  ----------  --------------  -------------------  ----------------------
/opt/airflow/dags/olist_pipeline.py                           1           0  1.03s           2026-07-22T09:28:56                      10
================================================================================
[2026-07-22T09:29:49.066+0000] {manager.py:997} INFO - 
================================================================================
DAG File Processing Stats

File Path                            PID    Runtime      # DAGs    # Errors  Last Runtime    Last Run               Last # of DB Queries
-----------------------------------  -----  ---------  --------  ----------  --------------  -------------------  ----------------------
/opt/airflow/dags/olist_pipeline.py                           1           0  0.89s           2026-07-22T09:29:27                      10
================================================================================
[2026-07-22T09:30:19.254+0000] {manager.py:997} INFO - 
================================================================================
DAG File Processing Stats

File Path                            PID    Runtime      # DAGs    # Errors  Last Runtime    Last Run               Last # of DB Queries
-----------------------------------  -----  ---------  --------  ----------  --------------  -------------------  ----------------------
/opt/airflow/dags/olist_pipeline.py                           1           0  0.85s           2026-07-22T09:29:59                      10
================================================================================
[2026-07-22T09:30:49.456+0000] {manager.py:997} INFO - 
================================================================================
DAG File Processing Stats

File Path                            PID    Runtime      # DAGs    # Errors  Last Runtime    Last Run               Last # of DB Queries
-----------------------------------  -----  ---------  --------  ----------  --------------  -------------------  ----------------------
/opt/airflow/dags/olist_pipeline.py                           1           0  0.89s           2026-07-22T09:30:30                      10
================================================================================
[2026-07-22T09:31:19.583+0000] {manager.py:997} INFO - 
================================================================================
DAG File Processing Stats

File Path                            PID    Runtime      # DAGs    # Errors  Last Runtime    Last Run               Last # of DB Queries
-----------------------------------  -----  ---------  --------  ----------  --------------  -------------------  ----------------------
/opt/airflow/dags/olist_pipeline.py                           1           0  0.84s           2026-07-22T09:31:01                      10
================================================================================
[2026-07-22T09:31:40.358+0000] {manager.py:821} INFO - Searching for files in /opt/airflow/dags
[2026-07-22T09:31:40.365+0000] {manager.py:824} INFO - There are 1 files in /opt/airflow/dags
[2026-07-22T09:31:49.694+0000] {manager.py:997} INFO - 
================================================================================
DAG File Processing Stats

File Path                            PID    Runtime      # DAGs    # Errors  Last Runtime    Last Run               Last # of DB Queries
-----------------------------------  -----  ---------  --------  ----------  --------------  -------------------  ----------------------
/opt/airflow/dags/olist_pipeline.py                           1           0  0.82s           2026-07-22T09:31:32                      10
================================================================================
[2026-07-22T09:32:19.755+0000] {manager.py:997} INFO - 
================================================================================
DAG File Processing Stats

File Path                            PID    Runtime      # DAGs    # Errors  Last Runtime    Last Run               Last # of DB Queries
-----------------------------------  -----  ---------  --------  ----------  --------------  -------------------  ----------------------
/opt/airflow/dags/olist_pipeline.py                           1           0  0.92s           2026-07-22T09:32:03                      10
================================================================================
[2026-07-22T09:32:49.977+0000] {manager.py:997} INFO - 
================================================================================
DAG File Processing Stats

File Path                            PID    Runtime      # DAGs    # Errors  Last Runtime    Last Run               Last # of DB Queries
-----------------------------------  -----  ---------  --------  ----------  --------------  -------------------  ----------------------
/opt/airflow/dags/olist_pipeline.py                           1           0  0.90s           2026-07-22T09:32:34                      10
================================================================================
[2026-07-22T09:33:20.314+0000] {manager.py:997} INFO - 
================================================================================
DAG File Processing Stats

File Path                            PID    Runtime      # DAGs    # Errors  Last Runtime    Last Run               Last # of DB Queries
-----------------------------------  -----  ---------  --------  ----------  --------------  -------------------  ----------------------
/opt/airflow/dags/olist_pipeline.py                           1           0  1.00s           2026-07-22T09:33:06                      10
================================================================================
[2026-07-22T09:33:50.572+0000] {manager.py:997} INFO - 
================================================================================
DAG File Processing Stats

File Path                            PID    Runtime      # DAGs    # Errors  Last Runtime    Last Run               Last # of DB Queries
-----------------------------------  -----  ---------  --------  ----------  --------------  -------------------  ----------------------
/opt/airflow/dags/olist_pipeline.py                           1           0  0.91s           2026-07-22T09:33:37                      10
================================================================================
[2026-07-22T09:34:20.757+0000] {manager.py:997} INFO - 
================================================================================
DAG File Processing Stats

File Path                            PID    Runtime      # DAGs    # Errors  Last Runtime    Last Run               Last # of DB Queries
-----------------------------------  -----  ---------  --------  ----------  --------------  -------------------  ----------------------
/opt/airflow/dags/olist_pipeline.py                           1           0  0.88s           2026-07-22T09:34:08                      10
================================================================================
[2026-07-22T09:34:50.894+0000] {manager.py:997} INFO - 
================================================================================
DAG File Processing Stats

File Path                            PID    Runtime      # DAGs    # Errors  Last Runtime    Last Run               Last # of DB Queries
-----------------------------------  -----  ---------  --------  ----------  --------------  -------------------  ----------------------
/opt/airflow/dags/olist_pipeline.py                           1           0  0.83s           2026-07-22T09:34:39                      10
================================================================================
[2026-07-22T09:35:21.071+0000] {manager.py:997} INFO - 
================================================================================
DAG File Processing Stats

File Path                            PID    Runtime      # DAGs    # Errors  Last Runtime    Last Run               Last # of DB Queries
-----------------------------------  -----  ---------  --------  ----------  --------------  -------------------  ----------------------
/opt/airflow/dags/olist_pipeline.py                           1           0  0.88s           2026-07-22T09:35:10                      10
================================================================================
[2026-07-22T09:35:51.269+0000] {manager.py:997} INFO - 
================================================================================
DAG File Processing Stats

File Path                            PID    Runtime      # DAGs    # Errors  Last Runtime    Last Run               Last # of DB Queries
-----------------------------------  -----  ---------  --------  ----------  --------------  -------------------  ----------------------
/opt/airflow/dags/olist_pipeline.py                           1           0  0.87s           2026-07-22T09:35:42                      10
================================================================================
[2026-07-22T09:36:21.572+0000] {manager.py:997} INFO - 
================================================================================
DAG File Processing Stats

File Path                            PID    Runtime      # DAGs    # Errors  Last Runtime    Last Run               Last # of DB Queries
-----------------------------------  -----  ---------  --------  ----------  --------------  -------------------  ----------------------
/opt/airflow/dags/olist_pipeline.py                           1           0  0.83s           2026-07-22T09:36:13                      10
================================================================================
[2026-07-22T09:36:40.768+0000] {manager.py:821} INFO - Searching for files in /opt/airflow/dags
[2026-07-22T09:36:40.775+0000] {manager.py:824} INFO - There are 1 files in /opt/airflow/dags
[2026-07-22T09:36:51.896+0000] {manager.py:997} INFO - 
================================================================================
DAG File Processing Stats

File Path                            PID    Runtime      # DAGs    # Errors  Last Runtime    Last Run               Last # of DB Queries
-----------------------------------  -----  ---------  --------  ----------  --------------  -------------------  ----------------------
/opt/airflow/dags/olist_pipeline.py                           1           0  0.82s           2026-07-22T09:36:44                      10
================================================================================
[2026-07-22T09:37:22.224+0000] {manager.py:997} INFO - 
================================================================================
DAG File Processing Stats

File Path                            PID    Runtime      # DAGs    # Errors  Last Runtime    Last Run               Last # of DB Queries
-----------------------------------  -----  ---------  --------  ----------  --------------  -------------------  ----------------------
/opt/airflow/dags/olist_pipeline.py                           1           0  1.01s           2026-07-22T09:37:15                      10
================================================================================
[2026-07-22T09:37:52.551+0000] {manager.py:997} INFO - 
================================================================================
DAG File Processing Stats

File Path                            PID    Runtime      # DAGs    # Errors  Last Runtime    Last Run               Last # of DB Queries
-----------------------------------  -----  ---------  --------  ----------  --------------  -------------------  ----------------------
/opt/airflow/dags/olist_pipeline.py                           1           0  0.85s           2026-07-22T09:37:46                      10
================================================================================
[2026-07-22T09:38:22.800+0000] {manager.py:997} INFO - 
================================================================================
DAG File Processing Stats

File Path                            PID    Runtime      # DAGs    # Errors  Last Runtime    Last Run               Last # of DB Queries
-----------------------------------  -----  ---------  --------  ----------  --------------  -------------------  ----------------------
/opt/airflow/dags/olist_pipeline.py                           1           0  0.93s           2026-07-22T09:38:17                      10
================================================================================
[2026-07-22T09:38:52.967+0000] {manager.py:997} INFO - 
================================================================================
DAG File Processing Stats

File Path                            PID    Runtime      # DAGs    # Errors  Last Runtime    Last Run               Last # of DB Queries
-----------------------------------  -----  ---------  --------  ----------  --------------  -------------------  ----------------------
/opt/airflow/dags/olist_pipeline.py                           1           0  0.86s           2026-07-22T09:38:48                      10
================================================================================
[2026-07-22T09:39:23.339+0000] {manager.py:997} INFO - 
================================================================================
DAG File Processing Stats

File Path                            PID    Runtime      # DAGs    # Errors  Last Runtime    Last Run               Last # of DB Queries
-----------------------------------  -----  ---------  --------  ----------  --------------  -------------------  ----------------------
/opt/airflow/dags/olist_pipeline.py                           1           0  0.82s           2026-07-22T09:39:05                      10
================================================================================
[2026-07-22T09:39:53.558+0000] {manager.py:997} INFO - 
================================================================================
DAG File Processing Stats

File Path                            PID    Runtime      # DAGs    # Errors  Last Runtime    Last Run               Last # of DB Queries
-----------------------------------  -----  ---------  --------  ----------  --------------  -------------------  ----------------------
/opt/airflow/dags/olist_pipeline.py                           1           0  0.86s           2026-07-22T09:39:40                      32
================================================================================
[2026-07-22T09:40:23.839+0000] {manager.py:997} INFO - 
================================================================================
DAG File Processing Stats

File Path                            PID    Runtime      # DAGs    # Errors  Last Runtime    Last Run               Last # of DB Queries
-----------------------------------  -----  ---------  --------  ----------  --------------  -------------------  ----------------------
/opt/airflow/dags/olist_pipeline.py                           1           0  0.95s           2026-07-22T09:40:11                      10
================================================================================
[2026-07-22T09:40:54.096+0000] {manager.py:997} INFO - 
================================================================================
DAG File Processing Stats

File Path                            PID    Runtime      # DAGs    # Errors  Last Runtime    Last Run               Last # of DB Queries
-----------------------------------  -----  ---------  --------  ----------  --------------  -------------------  ----------------------
/opt/airflow/dags/olist_pipeline.py                           1           0  0.92s           2026-07-22T09:40:42                      32
================================================================================
[2026-07-22T09:41:24.439+0000] {manager.py:997} INFO - 
================================================================================
DAG File Processing Stats

File Path                            PID    Runtime      # DAGs    # Errors  Last Runtime    Last Run               Last # of DB Queries
-----------------------------------  -----  ---------  --------  ----------  --------------  -------------------  ----------------------
/opt/airflow/dags/olist_pipeline.py                           1           0  1.03s           2026-07-22T09:41:14                      10
================================================================================
[2026-07-22T09:41:41.628+0000] {manager.py:821} INFO - Searching for files in /opt/airflow/dags
[2026-07-22T09:41:41.631+0000] {manager.py:824} INFO - There are 1 files in /opt/airflow/dags
[2026-07-22T09:41:54.791+0000] {manager.py:997} INFO - 
================================================================================
DAG File Processing Stats

File Path                            PID    Runtime      # DAGs    # Errors  Last Runtime    Last Run               Last # of DB Queries
-----------------------------------  -----  ---------  --------  ----------  --------------  -------------------  ----------------------
/opt/airflow/dags/olist_pipeline.py                           1           0  1.01s           2026-07-22T09:41:51                      32
================================================================================
